plant,axis,metamer,organ,element,length,width,radius,thickness,turgor_water_potential,water_content,age,sucrose,transpiration,temperature,amino_acids,proteins
1,MS,1,blade,LeafElement1,0.082,0.003,#N/A,5.00E-04,0.55,0.049392941,200,24.15745785,0,9.59186972,1.55816188,22.25945538
1,MS,1,sheath,StemElement,0.0285,#N/A,0.0015,5.00E-04,0.55,0.013459438,200,10.05882353,0,9.87150539,0.18488868,2.6412668
1,MS,2,blade,LeafElement1,0.092,0.0033,#N/A,5.00E-04,0.55,0.060595464,200,28.4567234,0,10.53106937,2.17527071,31.07529581
1,MS,2,sheath,HiddenElement,0.0285,#N/A,0.0015,5.00E-04,0.55,0.014011054,200,10.05882353,0,20,0.26304034,3.75771919
1,MS,2,sheath,StemElement,0.0005,#N/A,0.0015,5.00E-04,0.55,0.000245808,200,0.17647059,0,9.5755739,0.00461474,0.0659249
1,MS,3,blade,LeafElement1,0.060421565,0.00366,#N/A,5.00E-04,0.55,5.09E-02,150,8.53813506,0,8.48028613,0.48916271,29.30502393
