t,plant,axis,metamer,organ,sucrose,temperature,proteins,amino_acids,day,light,leaf_pseudo_age
0,1,MS,3,hiddenzone,4.45E+00,8,8.01,0.25094946,1,night,1571670.859
0,1,MS,4,hiddenzone,1.90E+00,8,5.03,0.32467819,1,night,758670.8587
0,1,MS,5,hiddenzone,7.60E-02,8,0.21318593,0.01483249,1,night,0
1,1,MS,3,hiddenzone,4.21970541,8,8.02473264,0.50041598,1,night,1573463.026
1,1,MS,4,hiddenzone,1.97504252,8,5.03576483,0.23467553,1,night,760463.0262
1,1,MS,5,hiddenzone,0.07279305,8,0.21337336,0.00864883,1,night,0
2,1,MS,3,hiddenzone,4.8129709,8,8.03946289,0.50329696,1,night,1575012.29
2,1,MS,4,hiddenzone,2.26287623,8,5.04157308,0.23700989,1,night,762012.2899
2,1,MS,5,hiddenzone,0.0834568,8,0.21356268,0.00874064,1,night,0
3,1,MS,3,hiddenzone,5.49604168,8,8.05425071,0.50939062,1,night,1576792.727
3,1,MS,4,hiddenzone,2.59675664,8,5.04745866,0.24101957,1,night,763792.7271
3,1,MS,5,hiddenzone,0.0958436,8,0.21375516,0.00889532,1,night,0
4,1,MS,3,hiddenzone,5.76138295,8,8.06909659,0.51340927,1,night,1578497.06
4,1,MS,4,hiddenzone,2.73883226,8,5.05342044,0.24405891,1,night,765497.0602
4,1,MS,5,hiddenzone,0.10115705,8,0.21395076,0.00901415,1,night,0
5,1,MS,3,hiddenzone,5.89544134,8,8.0839882,0.51722778,1,night,1580137.305
5,1,MS,4,hiddenzone,2.81464431,8,5.05945069,0.24694085,1,night,767137.3055
5,1,MS,5,hiddenzone,0.1040315,8,0.2141492,0.00912719,1,night,0
6,1,MS,3,hiddenzone,5.97284156,8,8.09892004,0.52090281,1,night,1581736.638
6,1,MS,4,hiddenzone,2.86362095,8,5.06554586,0.24974537,1,night,768736.6377
6,1,MS,5,hiddenzone,0.105917,8,0.21435034,0.00923745,1,night,0
7,1,MS,3,hiddenzone,6.01851675,8,8.11389156,0.5244683,1,day,1583313.367
7,1,MS,4,hiddenzone,2.8975099,8,5.07170535,0.25249958,1,day,770313.3675
7,1,MS,5,hiddenzone,0.10724677,8,0.21455416,0.00934599,1,day,0
8,1,MS,3,hiddenzone,6.00871639,8,8.1288995,0.52768262,1,day,1584881.228
8,1,MS,4,hiddenzone,2.90512831,8,5.07792764,0.25509695,1,day,771881.228
8,1,MS,5,hiddenzone,0.10760559,8,0.21476062,0.00944892,1,day,0
9,1,MS,3,hiddenzone,5.97896083,8,8.14394067,0.53075607,1,day,1586441.936
9,1,MS,4,hiddenzone,2.90257445,8,5.08421119,0.25763388,1,day,773441.9359
9,1,MS,5,hiddenzone,0.10758884,8,0.21496966,0.00954979,1,day,0
10,1,MS,3,hiddenzone,5.93637115,8,8.15901379,0.53373531,1,day,1588001.213
10,1,MS,4,hiddenzone,2.89366873,8,5.09055558,0.26013791,1,day,775001.2132
10,1,MS,5,hiddenzone,0.10733727,8,0.21518127,0.00964967,1,day,0
11,1,MS,3,hiddenzone,5.889591,8,8.17411801,0.53668963,1,day,1589565.068
11,1,MS,4,hiddenzone,2.87379764,8,5.0969272,0.26184461,1,day,776565.0683
11,1,MS,5,hiddenzone,0.10700625,8,0.21539546,0.00974998,1,day,0
12,1,MS,3,hiddenzone,5.83816048,8,8.18925288,0.53956838,1,day,1591122.915
12,1,MS,4,hiddenzone,2.85159309,8,5.10332584,0.26351629,1,day,778122.9151
12,1,MS,5,hiddenzone,0.1058217,8,0.2156093,0.00977917,1,day,0
13,1,MS,3,hiddenzone,5.78344457,8,8.20441675,0.54239187,1,day,1592663.596
13,1,MS,4,hiddenzone,2.82769668,8,5.10975054,0.26516054,1,day,779663.5955
13,1,MS,5,hiddenzone,0.10516794,8,0.21582504,0.00986204,1,day,0
14,1,MS,3,hiddenzone,5.72678167,8,8.21960964,0.54516398,1,day,1594193.118
14,1,MS,4,hiddenzone,2.80277192,8,5.11620129,0.26677991,1,day,781193.1179
14,1,MS,5,hiddenzone,0.10447625,8,0.21604269,0.00994466,1,day,0
15,1,MS,3,hiddenzone,5.66902937,8,8.23482993,0.54789656,1,day,1595722.926
15,1,MS,4,hiddenzone,2.77725343,8,5.12267728,0.2683828,1,day,782722.9263
15,1,MS,5,hiddenzone,0.10376419,8,0.21626226,0.01002752,1,day,0
16,1,MS,3,hiddenzone,5.61017029,8,8.25007708,0.5506079,1,day,1597268.184
16,1,MS,4,hiddenzone,2.75116286,8,5.12917836,0.26997969,1,day,784268.1845
16,1,MS,5,hiddenzone,0.10303473,8,0.21648377,0.01011126,1,day,0
17,1,MS,3,hiddenzone,5.55023842,8,8.26535146,0.55325749,1,day,1598838.62
17,1,MS,4,hiddenzone,2.72452415,8,5.13570494,0.27155324,1,day,785838.6199
17,1,MS,5,hiddenzone,0.10229015,8,0.2167073,0.01019542,1,day,0
18,1,MS,3,hiddenzone,5.48658578,8,8.28065228,0.5558168,1,day,1600440.813
18,1,MS,4,hiddenzone,2.69605121,8,5.14225688,0.27309001,1,day,787440.8132
18,1,MS,5,hiddenzone,0.10148302,8,0.21693288,0.01027964,1,day,0
19,1,MS,3,hiddenzone,5.42444362,8,8.295979,0.55836226,1,day,1602075.05
19,1,MS,4,hiddenzone,2.66830412,8,5.14883413,0.27462804,1,day,789075.0503
19,1,MS,5,hiddenzone,0.10070954,8,0.21716057,0.01036542,1,day,0
20,1,MS,3,hiddenzone,5.36082563,8,8.31133147,0.56086789,1,day,1603745.909
20,1,MS,4,hiddenzone,2.63982696,8,5.1554369,0.27615478,1,day,790745.9089
20,1,MS,5,hiddenzone,0.09991565,8,0.21739044,0.01045243,1,day,0
21,1,MS,3,hiddenzone,5.29647792,8,8.32670833,0.5633017,1,day,1605462.831
21,1,MS,4,hiddenzone,2.61099205,8,5.16206479,0.27765653,1,day,792462.8306
21,1,MS,5,hiddenzone,0.09911699,8,0.21762254,0.01054039,1,day,0
22,1,MS,3,hiddenzone,5.23037522,8,8.34211071,0.56567422,1,day,1607237.546
22,1,MS,4,hiddenzone,2.58131479,8,5.16871889,0.27914046,1,day,794237.5458
22,1,MS,5,hiddenzone,0.09829711,8,0.217857,0.01062989,1,day,0
23,1,MS,3,hiddenzone,5.16329402,8,8.35753776,0.56795636,1,night,1609078.065
23,1,MS,4,hiddenzone,2.55118067,8,5.17539922,0.28059335,1,night,796078.0652
23,1,MS,5,hiddenzone,0.0974721,8,0.21809391,0.01072069,1,night,0
24,1,MS,3,hiddenzone,5.12863743,8,8.37299626,0.57133079,2,night,1610973.803
24,1,MS,4,hiddenzone,2.53671586,8,5.18210939,0.28259534,2,night,797973.8032
24,1,MS,5,hiddenzone,0.09725847,8,0.21833348,0.01083494,2,night,1895.737925
25,1,MS,3,hiddenzone,5.1045713,8,8.38848528,0.57414324,2,night,1612911.599
25,1,MS,4,hiddenzone,2.52790344,8,5.18884946,0.2843334,2,night,799911.5987
25,1,MS,5,hiddenzone,0.09727493,8,0.21857582,0.01094143,2,night,3833.533423
26,1,MS,3,hiddenzone,5.08560579,8,8.40400427,0.57690103,2,night,1614894.599
26,1,MS,4,hiddenzone,2.52165779,8,5.19561945,0.28605501,2,night,801894.5989
26,1,MS,5,hiddenzone,0.09740582,8,0.21882101,0.01104978,2,night,5816.533659
27,1,MS,3,hiddenzone,5.06936542,8,8.4195536,0.57955518,2,night,1616937.395
27,1,MS,4,hiddenzone,2.51682115,8,5.20242002,0.28773881,2,night,803937.3953
27,1,MS,5,hiddenzone,0.09761082,8,0.21906919,0.01115962,2,night,7859.330035
28,1,MS,3,hiddenzone,5.03736943,8,8.43513036,0.58196646,2,night,1619027.399
28,1,MS,4,hiddenzone,2.50436526,8,5.20925002,0.28931458,2,night,806027.3991
28,1,MS,5,hiddenzone,0.09753715,8,0.21932039,0.01126804,2,night,9949.33389
29,1,MS,3,hiddenzone,5.00116852,8,8.45073359,0.58422117,2,night,1621151.736
29,1,MS,4,hiddenzone,2.48964797,8,5.21610928,0.29081937,2,night,808151.7357
29,1,MS,5,hiddenzone,0.09738878,8,0.21957473,0.01137627,2,night,12073.67046
30,1,MS,3,hiddenzone,4.96221477,8,8.46636196,0.58637466,2,night,1623297.53
30,1,MS,4,hiddenzone,2.47354069,8,5.22299725,0.29227943,2,night,810297.5302
30,1,MS,5,hiddenzone,0.09719633,8,0.21983225,0.01148509,2,night,14219.46497
31,1,MS,3,hiddenzone,4.92161123,8,8.48201461,0.58842775,2,day,1625463.352
31,1,MS,4,hiddenzone,2.45658036,8,5.22991369,0.2936952,2,day,812463.3521
31,1,MS,5,hiddenzone,0.09698008,8,0.22009302,0.01159454,2,day,16385.2869
32,1,MS,3,hiddenzone,4.86098345,8,8.49768804,0.59015075,2,day,1627619.16
32,1,MS,4,hiddenzone,2.42973927,8,5.23685668,0.29494872,2,day,814619.1604
32,1,MS,5,hiddenzone,0.09637505,8,0.22035704,0.01169921,2,day,18541.09512
33,1,MS,3,hiddenzone,4.79491727,8,8.5133812,0.59168693,2,day,1629790.704
33,1,MS,4,hiddenzone,2.39990685,8,5.24382591,0.29611001,2,day,816790.7044
33,1,MS,5,hiddenzone,0.09565553,8,0.22062436,0.0118025,2,day,20712.63917
34,1,MS,3,hiddenzone,4.72683242,8,8.52909185,0.59308729,2,day,1631942.221
34,1,MS,4,hiddenzone,2.36893777,8,5.25082006,0.29720151,2,day,818942.221
34,1,MS,5,hiddenzone,0.09488599,8,0.22089498,0.01190432,2,day,22864.1558
35,1,MS,3,hiddenzone,4.65768023,8,8.54481861,0.59438932,2,day,1634049.391
35,1,MS,4,hiddenzone,2.33727765,8,5.25783814,0.29823644,2,day,821049.3912
35,1,MS,5,hiddenzone,0.09407781,8,0.22116889,0.01200446,2,day,24971.32601
36,1,MS,3,hiddenzone,4.57792125,8,8.56055861,0.59538922,2,day,1636175.158
36,1,MS,4,hiddenzone,2.30022134,8,5.26487876,0.29912397,2,day,823175.1583
36,1,MS,5,hiddenzone,0.09305361,8,0.22144609,0.01210096,2,day,27097.09311
37,1,MS,3,hiddenzone,4.50707346,8,8.57631351,0.5965224,2,day,1638329.536
37,1,MS,4,hiddenzone,2.26757677,8,5.27194307,0.30008419,2,day,825329.536
37,1,MS,5,hiddenzone,0.09221082,8,0.22172675,0.01220304,2,day,29251.4708
38,1,MS,3,hiddenzone,4.43797169,8,8.59208262,0.5976044,2,day,1640465.317
38,1,MS,4,hiddenzone,2.23568771,8,5.27903054,0.3010159,2,day,827465.3168
38,1,MS,5,hiddenzone,0.09139181,8,0.22201089,0.01230525,2,day,31387.2516
39,1,MS,3,hiddenzone,4.36855718,8,8.60786423,0.59860533,2,day,1642513.835
39,1,MS,4,hiddenzone,2.2034329,8,5.28613967,0.30189116,2,day,829513.8353
39,1,MS,5,hiddenzone,0.09053486,8,0.2222984,0.01240427,2,day,33435.7701
40,1,MS,3,hiddenzone,4.29917093,8,8.62365751,0.59954095,2,day,1644520.868
40,1,MS,4,hiddenzone,2.17104385,8,5.29326974,0.30272745,2,day,831520.8685
40,1,MS,5,hiddenzone,0.08965897,8,0.22258926,0.01250206,2,day,35442.80323
41,1,MS,3,hiddenzone,4.22994584,8,8.63946175,0.60040869,2,day,1646533.624
41,1,MS,4,hiddenzone,2.13865778,8,5.30042042,0.30352998,2,day,833533.6237
41,1,MS,5,hiddenzone,0.08878015,8,0.22288354,0.0126003,2,day,37455.55848
42,1,MS,3,hiddenzone,4.16184608,8,8.655276,0.60116031,2,day,1648535.221
42,1,MS,4,hiddenzone,2.10673379,8,5.30759114,0.30427273,2,day,835535.2208
42,1,MS,5,hiddenzone,0.08791327,8,0.22318124,0.01269733,2,day,39457.1556
43,1,MS,3,hiddenzone,4.0945919,8,8.67109927,0.60186285,2,day,1650517.363
43,1,MS,4,hiddenzone,2.07513235,8,5.31478125,0.30498666,2,day,837517.3628
43,1,MS,5,hiddenzone,0.08705047,8,0.22348239,0.01279413,2,day,41439.29752
44,1,MS,3,hiddenzone,4.02906417,8,8.6869304,0.60247268,2,day,1652441.997
44,1,MS,4,hiddenzone,2.04424893,8,5.32198977,0.30564406,2,day,839441.9974
44,1,MS,5,hiddenzone,0.08619939,8,0.22378691,0.01288816,2,day,43363.93215
45,1,MS,3,hiddenzone,3.96511698,8,8.70276804,0.60301523,2,day,1654267.639
45,1,MS,4,hiddenzone,2.01397228,8,5.32921526,0.30624958,2,day,841267.6394
45,1,MS,5,hiddenzone,0.08534555,8,0.22409467,0.01297798,2,day,45189.57412
46,1,MS,3,hiddenzone,3.90083943,8,8.71861055,0.60351054,2,day,1656055.801
46,1,MS,4,hiddenzone,1.98341459,8,5.3364567,0.30682383,2,day,843055.8015
46,1,MS,5,hiddenzone,0.0844655,8,0.22440563,0.0130665,2,day,46977.73621
47,1,MS,3,hiddenzone,3.83565581,8,8.73445872,0.60392581,2,night,1657901.757
47,1,MS,4,hiddenzone,1.95238585,8,5.34371477,0.30736817,2,night,844901.7569
47,1,MS,5,hiddenzone,0.08357294,8,0.22471994,0.01315719,2,night,48823.6917
48,1,MS,3,hiddenzone,4.30032783,8,8.75035791,0.61337794,3,night,1659834.689
48,1,MS,4,hiddenzone,2.18567688,8,5.35101238,0.31246331,3,night,846834.6886
48,1,MS,5,hiddenzone,0.09407853,8,0.22503877,0.01344853,3,night,50756.6234
49,1,MS,3,hiddenzone,4.97642448,8,8.76635239,0.62390232,3,night,1661858.888
49,1,MS,4,hiddenzone,2.5333812,8,5.35837392,0.31821102,3,night,848858.8881
49,1,MS,5,hiddenzone,0.10967818,8,0.22536338,0.01377533,3,night,52780.82289
50,1,MS,3,hiddenzone,5.778572,8,8.78245036,0.6352295,3,night,1663917.42
50,1,MS,4,hiddenzone,2.94614281,8,5.36580373,0.32438359,3,night,850917.4203
50,1,MS,5,hiddenzone,0.12830922,8,0.22569412,0.0141264,3,night,54839.35509
51,1,MS,3,hiddenzone,6.63557046,8,8.79865594,0.64676009,3,night,1665958.786
51,1,MS,4,hiddenzone,3.38779509,8,5.3733039,0.3306683,3,night,852958.7862
51,1,MS,5,hiddenzone,0.14842726,8,0.22603113,0.0144864,3,night,56880.72094
52,1,MS,3,hiddenzone,6.90551372,8,8.81492897,0.65145298,3,night,1667972.4
52,1,MS,4,hiddenzone,3.53537881,8,5.38085427,0.33352281,3,night,854972.3997
52,1,MS,5,hiddenzone,0.1558098,8,0.22637357,0.01469876,3,night,58894.33451
53,1,MS,3,hiddenzone,7.01031727,8,8.83123523,0.65424292,3,night,1669899.609
53,1,MS,4,hiddenzone,3.59295542,8,5.38843614,0.3353204,3,night,856899.6093
53,1,MS,5,hiddenzone,0.15926271,8,0.22672056,0.01486353,3,night,60821.54409
54,1,MS,3,hiddenzone,7.05289481,8,8.84756103,0.6560361,3,night,1671722.39
54,1,MS,4,hiddenzone,3.6185606,8,5.39604178,0.33659146,3,night,858722.3902
54,1,MS,5,hiddenzone,0.16128442,8,0.22707166,0.01500239,3,night,62644.325
55,1,MS,3,hiddenzone,7.06447826,8,8.86389994,0.65735717,3,day,1673479.939
55,1,MS,4,hiddenzone,3.62817667,8,5.40366739,0.33760831,3,day,860479.939
55,1,MS,5,hiddenzone,0.16258364,8,0.22742662,0.01512875,3,day,64401.87376
56,1,MS,3,hiddenzone,7.04115334,8,8.88024765,0.65817683,3,day,1675174.258
56,1,MS,4,hiddenzone,3.61993431,8,5.41131033,0.33835978,3,day,862174.2583
56,1,MS,5,hiddenzone,0.16306369,8,0.22778529,0.01524187,3,day,66096.19311
57,1,MS,3,hiddenzone,7.00206291,8,8.89660078,0.65876807,3,day,1676831.384
57,1,MS,4,hiddenzone,3.60325274,8,5.41896857,0.3389838,3,day,863831.3839
57,1,MS,5,hiddenzone,0.16315123,8,0.22814755,0.01534891,3,day,67753.31868
58,1,MS,3,hiddenzone,6.95218391,8,8.91295721,0.65922094,3,day,1678465.335
58,1,MS,4,hiddenzone,3.58092448,8,5.42664088,0.33953223,3,day,865465.3349
58,1,MS,5,hiddenzone,0.16297356,8,0.22851335,0.01545275,3,day,69387.26968
59,1,MS,3,hiddenzone,6.89450499,8,8.92931599,0.65958017,3,day,1680092.133
59,1,MS,4,hiddenzone,3.55451761,8,5.4343267,0.34003083,3,day,867092.1333
59,1,MS,5,hiddenzone,0.16260635,8,0.22888271,0.01555528,3,day,71014.06802
60,1,MS,3,hiddenzone,6.83550447,8,8.94567794,0.65997045,3,day,1681715.784
60,1,MS,4,hiddenzone,3.52739199,8,5.44202637,0.34054539,3,day,868715.7844
60,1,MS,5,hiddenzone,0.16220302,8,0.22925567,0.01565968,3,day,72637.7192
61,1,MS,3,hiddenzone,6.77291025,8,8.96204169,0.66027481,3,day,1683323.986
61,1,MS,4,hiddenzone,3.49827897,8,5.44973909,0.34101206,3,day,870323.9859
61,1,MS,5,hiddenzone,0.16169777,8,0.22963222,0.01576239,3,day,74245.92067
62,1,MS,3,hiddenzone,6.71010558,8,8.97840672,0.66054592,3,day,1684907.582
62,1,MS,4,hiddenzone,3.46894113,8,5.45746441,0.34145705,3,day,871907.5823
62,1,MS,5,hiddenzone,0.16116601,8,0.23001233,0.01586409,3,day,75829.51702
63,1,MS,3,hiddenzone,6.64721811,8,8.99477243,0.66080458,3,day,1686461.996
63,1,MS,4,hiddenzone,3.43944105,8,5.46520181,0.34188955,3,day,873461.9958
63,1,MS,5,hiddenzone,0.16060757,8,0.23039597,0.01596491,3,day,77383.93056
64,1,MS,3,hiddenzone,6.58422849,8,9.01113859,0.6610483,3,day,1687992.949
64,1,MS,4,hiddenzone,3.40978043,8,5.47295099,0.34230978,3,day,874992.9487
64,1,MS,5,hiddenzone,0.1600252,8,0.23078312,0.0160651,3,day,78914.88342
65,1,MS,3,hiddenzone,6.52125035,8,9.02750525,0.66128623,3,day,1689508.738
65,1,MS,4,hiddenzone,3.38003737,8,5.48071183,0.34272377,3,day,876508.7379
65,1,MS,5,hiddenzone,0.15942645,8,0.23117379,0.01616536,3,day,80430.67266
66,1,MS,3,hiddenzone,6.45814915,8,9.04387203,0.66150864,3,day,1691009.65
66,1,MS,4,hiddenzone,3.35014133,8,5.48848404,0.34312687,3,day,878009.6496
66,1,MS,5,hiddenzone,0.1588078,8,0.23156798,0.01626543,3,day,81931.5844
67,1,MS,3,hiddenzone,6.39519441,8,9.06023807,0.66172138,3,day,1692489.962
67,1,MS,4,hiddenzone,3.32022641,8,5.49626704,0.34352058,3,day,879489.9617
67,1,MS,5,hiddenzone,0.1581722,8,0.23196565,0.01636504,3,day,83411.89651
68,1,MS,3,hiddenzone,6.33266289,8,9.07660336,0.66191132,3,day,1693945.383
68,1,MS,4,hiddenzone,3.29042554,8,5.50406063,0.3438978,3,day,880945.3826
68,1,MS,5,hiddenzone,0.15752337,8,0.23236678,0.01646357,3,day,84867.3174
69,1,MS,3,hiddenzone,6.27075244,8,9.09296831,0.66209281,3,day,1695375.34
69,1,MS,4,hiddenzone,3.26084621,8,5.51186476,0.34426538,3,day,882375.3401
69,1,MS,5,hiddenzone,0.15686605,8,0.23277137,0.01656127,3,day,86297.27486
70,1,MS,3,hiddenzone,6.2089701,8,9.10933198,0.66225453,3,day,1696790.992
70,1,MS,4,hiddenzone,3.23125317,8,5.5196789,0.34461975,3,day,883790.9923
70,1,MS,5,hiddenzone,0.15619475,8,0.23317938,0.01665854,3,day,87712.92703
71,1,MS,3,hiddenzone,6.14665132,8,9.12569421,0.6623763,3,night,1698212.08
71,1,MS,4,hiddenzone,3.20133595,8,5.52750296,0.34495444,3,night,885212.0804
71,1,MS,5,hiddenzone,0.15550476,8,0.23359086,0.0167562,3,night,89134.01521
72,1,MS,3,hiddenzone,6.25747185,8,9.14207276,0.66579966,4,night,1699675.226
72,1,MS,4,hiddenzone,3.25946853,8,5.53534618,0.3469942,4,night,886675.2262
72,1,MS,5,hiddenzone,0.15913339,8,0.2340064,0.01694062,4,night,90597.16096
73,1,MS,3,hiddenzone,6.4196853,8,9.15847365,0.66879965,4,night,1701199.599
73,1,MS,4,hiddenzone,3.34688259,8,5.54321258,0.34885259,4,night,888199.5986
73,1,MS,5,hiddenzone,0.16426833,8,0.23442637,0.01712166,4,night,92121.53338
74,1,MS,3,hiddenzone,6.61400403,8,9.17489935,0.67201873,4,night,1702754.584
74,1,MS,4,hiddenzone,3.45123227,8,5.55110357,0.35083277,4,night,889754.5844
74,1,MS,5,hiddenzone,0.17031201,8,0.23485095,0.01731254,4,night,93676.51914
75,1,MS,3,hiddenzone,6.82671833,8,9.19135101,0.67533097,4,night,1704311.573
75,1,MS,4,hiddenzone,3.5653333,8,5.55901975,0.35286423,4,night,891311.5729
75,1,MS,5,hiddenzone,0.17690712,8,0.23528023,0.01750821,4,night,95233.50763
76,1,MS,3,hiddenzone,6.95440013,8,9.20782401,0.67753571,4,night,1705815.346
76,1,MS,4,hiddenzone,3.63611916,8,5.5669585,0.35432115,4,night,892815.3457
76,1,MS,5,hiddenzone,0.18137752,8,0.23571402,0.01767403,4,night,96737.28043
77,1,MS,3,hiddenzone,7.06435735,8,9.22431134,0.67951767,4,night,1707216.693
77,1,MS,4,hiddenzone,3.69640642,8,5.57491526,0.35562896,4,night,894216.6925
77,1,MS,5,hiddenzone,0.18530353,8,0.23615189,0.01782768,4,night,98138.6273
78,1,MS,3,hiddenzone,7.16646801,8,9.24080988,0.68124569,4,night,1708474.128
78,1,MS,4,hiddenzone,3.75238564,8,5.58288743,0.35677901,4,night,895474.1281
78,1,MS,5,hiddenzone,0.18895457,8,0.23659342,0.01796565,4,night,99396.06288
79,1,MS,3,hiddenzone,7.26516639,8,9.25731717,0.68290521,4,day,1709597.38
79,1,MS,4,hiddenzone,3.80637335,8,5.59087274,0.35786628,4,day,896597.38
79,1,MS,5,hiddenzone,0.1924452,8,0.23703822,0.01809298,4,day,100519.3148
80,1,MS,3,hiddenzone,7.26853144,8,9.27382767,0.68353315,4,day,1710609.337
80,1,MS,4,hiddenzone,3.8114785,8,5.59886752,0.35840495,4,day,897609.3367
80,1,MS,5,hiddenzone,0.19340239,8,0.23748586,0.01818616,4,day,101531.2715
81,1,MS,3,hiddenzone,7.249695,8,9.29033516,0.68388152,4,day,1711513.431
81,1,MS,4,hiddenzone,3.80344205,8,5.60686769,0.35876283,4,day,898513.4315
81,1,MS,5,hiddenzone,0.19362375,8,0.23793589,0.0182637,4,day,102435.3662
82,1,MS,3,hiddenzone,7.21773464,8,9.30683668,0.68404032,4,day,1712327.975
82,1,MS,4,hiddenzone,3.7883313,8,5.61487109,0.35900429,4,day,899327.9751
82,1,MS,5,hiddenzone,0.19342274,8,0.23838801,0.01832984,4,day,103249.9098
83,1,MS,3,hiddenzone,7.17869119,8,9.32333089,0.68410138,4,day,1713073.281
83,1,MS,4,hiddenzone,3.76935185,8,5.62287651,0.35918099,4,day,900073.281
83,1,MS,5,hiddenzone,0.19297395,8,0.23884199,0.01838844,4,day,103995.2158
84,1,MS,3,hiddenzone,7.13498488,8,9.3398168,0.68410632,4,day,1713786.829
84,1,MS,4,hiddenzone,3.74784537,8,5.63088319,0.35932197,4,day,900786.8292
84,1,MS,5,hiddenzone,0.19237066,8,0.23929773,0.01844337,4,day,104708.764
85,1,MS,3,hiddenzone,7.08849143,8,9.35629329,0.68408755,4,day,1714489.792
85,1,MS,4,hiddenzone,3.72483799,8,5.63889049,0.35944822,4,day,901489.7915
85,1,MS,5,hiddenzone,0.19167947,8,0.23975518,0.01849711,4,day,105411.7263
86,1,MS,3,hiddenzone,7.04259477,8,9.37276064,0.6840307,4,day,1715177.304
86,1,MS,4,hiddenzone,3.70208758,8,5.64689843,0.35955199,4,day,902177.3041
86,1,MS,5,hiddenzone,0.19098709,8,0.24021432,0.0185489,4,day,106099.2388
87,1,MS,3,hiddenzone,6.99565254,8,9.38921842,0.68395749,4,day,1715850.797
87,1,MS,4,hiddenzone,3.67874731,8,5.65490668,0.35964397,4,day,902850.7974
87,1,MS,5,hiddenzone,0.19025072,8,0.24067509,0.01859937,4,day,106772.7322
88,1,MS,3,hiddenzone,6.94685687,8,9.40566686,0.68385216,4,day,1716509.699
88,1,MS,4,hiddenzone,3.6543853,8,5.66291522,0.35971634,4,day,903509.6994
88,1,MS,5,hiddenzone,0.1894474,8,0.24113747,0.01864805,4,day,107431.6342
89,1,MS,3,hiddenzone,6.89834331,8,9.42210525,0.6837509,4,day,1717150.863
89,1,MS,4,hiddenzone,3.6301187,8,5.67092357,0.35978691,4,day,904150.8628
89,1,MS,5,hiddenzone,0.18863267,8,0.2416014,0.01869563,4,day,108072.7976
90,1,MS,3,hiddenzone,6.84920217,8,9.43853306,0.68363889,4,day,1717774.288
90,1,MS,4,hiddenzone,3.60546604,8,5.67893134,0.35984872,4,day,904774.2876
90,1,MS,5,hiddenzone,0.18778165,8,0.24206682,0.01874176,4,day,108696.2224
91,1,MS,3,hiddenzone,6.80066975,8,9.45495082,0.68353893,4,day,1718387.413
91,1,MS,4,hiddenzone,3.58109998,8,5.68693869,0.35991431,4,day,905387.4127
91,1,MS,5,hiddenzone,0.1869344,8,0.24253373,0.01878756,4,day,109309.3474
92,1,MS,3,hiddenzone,6.77320682,8,9.47136375,0.68433901,4,day,1718979.652
92,1,MS,4,hiddenzone,3.56741997,8,5.69494816,0.36044818,4,day,905979.6519
92,1,MS,5,hiddenzone,0.18662792,8,0.24300219,0.0188566,4,day,109901.5867
93,1,MS,3,hiddenzone,6.75183117,8,9.48776904,0.68457159,4,day,1719548.431
93,1,MS,4,hiddenzone,3.55725712,8,5.70295826,0.3606811,4,day,906548.4305
93,1,MS,5,hiddenzone,0.18648809,8,0.24347209,0.0189085,4,day,110470.3653
94,1,MS,3,hiddenzone,6.73216312,8,9.5041663,0.68486631,4,day,1720101.187
94,1,MS,4,hiddenzone,3.54796778,8,5.7109686,0.3609422,4,day,907101.1872
94,1,MS,5,hiddenzone,0.18638228,8,0.24394337,0.01896097,4,day,111023.122
95,1,MS,3,hiddenzone,6.71510107,8,9.5205565,0.68515885,4,night,1720650.797
95,1,MS,4,hiddenzone,3.54002228,8,5.71897964,0.36120318,4,night,907650.7967
95,1,MS,5,hiddenzone,0.18634444,8,0.24441605,0.0190134,4,night,111572.7315
96,1,MS,3,hiddenzone,7.19321779,8,9.53696959,0.69308033,5,night,1721235.597
96,1,MS,4,hiddenzone,3.78765516,8,5.72700673,0.36541236,5,night,908235.5972
96,1,MS,5,hiddenzone,0.19980356,8,0.24489104,0.01927674,5,night,112157.532
97,1,MS,3,hiddenzone,7.82906775,8,9.55344545,0.7027512,5,night,1721955.44
97,1,MS,4,hiddenzone,4.12472044,8,5.73507268,0.37066401,5,night,908955.4398
97,1,MS,5,hiddenzone,0.2181715,8,0.24536991,0.01960632,5,night,112877.3745
98,1,MS,3,hiddenzone,8.56903487,8,9.56999386,0.713458,5,night,1722792.586
98,1,MS,4,hiddenzone,4.51717545,8,5.74318347,0.37648738,5,night,909792.5857
98,1,MS,5,hiddenzone,0.23967828,8,0.24585329,0.0199767,5,night,113714.5205
99,1,MS,3,hiddenzone,9.34709278,8,9.58662034,0.72434869,5,night,1723704.978
99,1,MS,4,hiddenzone,4.93015728,8,5.75134255,0.38242549,5,night,910704.9776
99,1,MS,5,hiddenzone,0.26248553,8,0.24634161,0.02036117,5,night,114626.9123
100,1,MS,3,hiddenzone,9.63048592,8,9.60329637,0.72861159,5,night,1724615.081
100,1,MS,4,hiddenzone,5.0874088,8,5.75953545,0.38493739,5,night,911615.0806
100,1,MS,5,hiddenzone,0.2717933,8,0.24683411,0.02056503,5,night,115537.0153
101,1,MS,3,hiddenzone,9.78503497,8,9.6199899,0.73119687,5,night,1725442.213
101,1,MS,4,hiddenzone,5.17125304,8,5.767744,0.38646988,5,night,912442.2128
101,1,MS,5,hiddenzone,0.27713143,8,0.24732963,0.02071118,5,night,116364.1476
102,1,MS,3,hiddenzone,9.8854359,8,9.63669012,0.73277381,5,night,1726186.374
102,1,MS,4,hiddenzone,5.22637459,8,5.77596197,0.38745568,5,night,913186.3743
102,1,MS,5,hiddenzone,0.28087108,8,0.24782762,0.02082228,5,night,117108.3091
103,1,MS,3,hiddenzone,9.96395938,8,9.65339093,0.73391436,5,day,1726830.113
103,1,MS,4,hiddenzone,5.26970551,8,5.78418535,0.38819027,5,day,913830.1127
103,1,MS,5,hiddenzone,0.28388844,8,0.2483276,0.0209125,5,day,117752.0475
104,1,MS,3,hiddenzone,9.96782569,8,9.67008689,0.7341613,5,day,1727430.363
104,1,MS,4,hiddenzone,5.27413815,8,5.79241105,0.38845054,5,day,914430.363
104,1,MS,5,hiddenzone,0.2847737,8,0.2488293,0.02097405,5,day,118352.2977
105,1,MS,3,hiddenzone,9.94924927,8,9.68677377,0.73407547,5,day,1728009.155
105,1,MS,4,hiddenzone,5.26591832,8,5.80063659,0.38852347,5,day,915009.1553
105,1,MS,5,hiddenzone,0.28495356,8,0.24933253,0.02102402,5,day,118931.09
106,1,MS,3,hiddenzone,9.91814452,8,9.7034491,0.73379345,5,day,1728565.917
106,1,MS,4,hiddenzone,5.25100387,8,5.80886051,0.38848819,5,day,915565.9174
106,1,MS,5,hiddenzone,0.28474697,8,0.24983716,0.02106653,5,day,119487.8522
107,1,MS,3,hiddenzone,9.87527742,8,9.72011098,0.73341721,5,day,1729094.927
107,1,MS,4,hiddenzone,5.22986736,8,5.81708165,0.38839728,5,day,916094.9273
107,1,MS,5,hiddenzone,0.28417119,8,0.25034305,0.02110396,5,day,120016.862
108,1,MS,3,hiddenzone,9.83360861,8,9.7367596,0.73298633,5,day,1729606.199
108,1,MS,4,hiddenzone,5.20912517,8,5.82529992,0.38827388,5,day,916606.1986
108,1,MS,5,hiddenzone,0.2835951,8,0.25085016,0.02113832,5,day,120528.1333
109,1,MS,3,hiddenzone,9.78884703,8,9.75339416,0.73252977,5,day,1730104.595
109,1,MS,4,hiddenzone,5.18678674,8,5.83351485,0.38813397,5,day,917104.5951
109,1,MS,5,hiddenzone,0.28291529,8,0.25135841,0.02117083,5,day,121026.5299
110,1,MS,3,hiddenzone,9.74187306,8,9.7700147,0.73206907,5,day,1730598.128
110,1,MS,4,hiddenzone,5.16325926,8,5.84172638,0.38799069,5,day,917598.1279
110,1,MS,5,hiddenzone,0.2821625,8,0.25186782,0.02120288,5,day,121520.0626
111,1,MS,3,hiddenzone,9.69219632,8,9.78662144,0.73161847,5,day,1731090.23
111,1,MS,4,hiddenzone,5.1383357,8,5.84993462,0.38785227,5,day,918090.2301
111,1,MS,5,hiddenzone,0.28132841,8,0.25237837,0.02123517,5,day,122012.1648
112,1,MS,3,hiddenzone,9.64071172,8,9.80321461,0.73115272,5,day,1731571.46
112,1,MS,4,hiddenzone,5.11233922,8,5.85813961,0.38770381,5,day,918571.4603
112,1,MS,5,hiddenzone,0.2804205,8,0.25289005,0.02126613,5,day,122493.395
113,1,MS,3,hiddenzone,9.58859248,8,9.81979331,0.73067524,5,day,1732044.679
113,1,MS,4,hiddenzone,5.08596944,8,5.86634083,0.38754713,5,day,919044.6795
113,1,MS,5,hiddenzone,0.27947967,8,0.2534028,0.02129606,5,day,122966.6142
114,1,MS,3,hiddenzone,9.53605497,8,9.83635734,0.73021654,5,day,1732518.471
114,1,MS,4,hiddenzone,5.05936709,8,5.87453816,0.38740008,5,day,919518.4709
114,1,MS,5,hiddenzone,0.27852308,8,0.25391663,0.02132666,5,day,123440.4057
115,1,MS,3,hiddenzone,9.48692245,8,9.8529071,0.72974901,5,day,1732992.835
115,1,MS,4,hiddenzone,5.03447474,8,5.88273183,0.38724867,5,day,919992.8345
115,1,MS,5,hiddenzone,0.27765746,8,0.25443155,0.02135715,5,day,123914.7693
116,1,MS,3,hiddenzone,9.43286851,8,9.86944275,0.72931336,5,day,1733473.493
116,1,MS,4,hiddenzone,5.00713612,8,5.89092194,0.38711484,5,day,920473.4925
116,1,MS,5,hiddenzone,0.27665987,8,0.2549476,0.02138921,5,day,124395.4273
117,1,MS,3,hiddenzone,9.37842343,8,9.88596557,0.7288847,5,day,1733959.873
117,1,MS,4,hiddenzone,4.97950797,8,5.89910918,0.3869861,5,day,920959.8726
117,1,MS,5,hiddenzone,0.27564831,8,0.25546482,0.02142212,5,day,124881.8074
118,1,MS,3,hiddenzone,9.3267138,8,9.90247394,0.72848054,5,day,1734464.85
118,1,MS,4,hiddenzone,4.95329523,8,5.90729288,0.38687371,5,day,921464.8496
118,1,MS,5,hiddenzone,0.27473081,8,0.25598324,0.02145757,5,day,125386.7843
119,1,MS,3,hiddenzone,9.26881942,8,9.91896952,0.72803687,5,night,1735022.756
119,1,MS,4,hiddenzone,4.92405616,8,5.91547425,0.38675148,5,night,922022.7561
119,1,MS,5,hiddenzone,0.27369704,8,0.25650309,0.02149697,5,night,125944.6909
120,1,MS,3,hiddenzone,9.58402506,8,9.93548024,0.73403329,6,night,1735708.838
120,1,MS,4,hiddenzone,5.08933458,8,5.92366854,0.3900265,6,night,922708.8382
120,1,MS,5,hiddenzone,0.28362596,8,0.25702559,0.02173647,6,night,126630.7729
121,1,MS,3,hiddenzone,10.01363101,8,9.95202737,0.74049537,6,night,1736564.295
121,1,MS,4,hiddenzone,5.32012852,8,5.9318889,0.39364167,6,night,923564.2949
121,1,MS,5,hiddenzone,0.29747292,8,0.25755199,0.0220107,6,night,127486.2297
122,1,MS,3,hiddenzone,10.50152367,8,9.96861826,0.74761712,6,night,1737536.197
122,1,MS,4,hiddenzone,5.58238504,8,5.94013998,0.39763306,6,night,924536.1968
122,1,MS,5,hiddenzone,0.31331647,8,0.25808292,0.02231786,6,night,128458.1315
123,1,MS,3,hiddenzone,11.01405439,8,9.98525727,0.75492919,6,night,1738592.214
123,1,MS,4,hiddenzone,5.85823153,8,5.94842473,0.40174611,6,night,925592.2138
123,1,MS,5,hiddenzone,0.33015123,8,0.25861881,0.02264146,6,night,129514.1486
124,1,MS,3,hiddenzone,11.19240716,8,10.00192654,0.75778922,6,night,1739674.266
124,1,MS,4,hiddenzone,5.95977738,8,5.95673411,0.40353828,6,night,926674.2664
124,1,MS,5,hiddenzone,0.33729953,8,0.25915929,0.0228386,6,night,130596.2012
125,1,MS,3,hiddenzone,11.29186397,8,10.01860568,0.75948677,6,night,1740722.559
125,1,MS,4,hiddenzone,6.01595641,8,5.96505673,0.40466085,6,night,927722.5586
125,1,MS,5,hiddenzone,0.34187485,8,0.25970363,0.02299608,6,night,131644.4933
126,1,MS,3,hiddenzone,11.36062182,8,10.03528798,0.7604777,6,night,1741717.063
126,1,MS,4,hiddenzone,6.05567144,8,5.97338859,0.40539831,6,night,928717.0628
126,1,MS,5,hiddenzone,0.34547399,8,0.26025147,0.02312783,6,night,132638.9976
127,1,MS,3,hiddenzone,11.41503916,8,10.0519687,0.76114994,6,day,1742626.021
127,1,MS,4,hiddenzone,6.08754972,8,5.98172661,0.40594746,6,day,929626.0214
127,1,MS,5,hiddenzone,0.34853316,8,0.26080238,0.02324187,6,day,133547.9561
128,1,MS,3,hiddenzone,11.39787809,8,10.06864413,0.76102499,6,day,1743406.804
128,1,MS,4,hiddenzone,6.08164779,8,5.99006788,0.40605216,6,day,930406.8045
128,1,MS,5,hiddenzone,0.3492661,8,0.26135584,0.02331931,6,day,134328.7392
129,1,MS,3,hiddenzone,11.361299,8,10.08530863,0.76063302,6,day,1744118.922
129,1,MS,4,hiddenzone,6.06435589,8,5.99840889,0.40599204,6,day,931118.9221
129,1,MS,5,hiddenzone,0.34925041,8,0.26191142,0.02338129,6,day,135040.8569
130,1,MS,3,hiddenzone,11.31954549,8,10.10196068,0.76007441,6,day,1744816.448
130,1,MS,4,hiddenzone,6.04415345,8,6.00674872,0.40584011,6,day,931816.4484
130,1,MS,5,hiddenzone,0.34904518,8,0.26246904,0.02343688,6,day,135738.3832
131,1,MS,3,hiddenzone,11.27240244,8,10.11859963,0.75944617,6,day,1745506.536
131,1,MS,4,hiddenzone,6.02113514,8,6.01508694,0.40564899,6,day,932506.5359
131,1,MS,5,hiddenzone,0.34866421,8,0.26302867,0.02348972,6,day,136428.4707
132,1,MS,3,hiddenzone,11.21814334,8,10.13522527,0.75876887,6,day,1746181.46
132,1,MS,4,hiddenzone,5.99433409,8,6.02342334,0.40542848,6,day,933181.4598
132,1,MS,5,hiddenzone,0.34803957,8,0.26359025,0.02353967,6,day,137103.3946
133,1,MS,3,hiddenzone,11.16454103,8,10.15183732,0.75809564,6,day,1746840.362
133,1,MS,4,hiddenzone,5.96772789,8,6.03175764,0.40520618,6,day,933840.3618
133,1,MS,5,hiddenzone,0.34739972,8,0.26415372,0.02358821,6,day,137762.2966
134,1,MS,3,hiddenzone,11.11546054,8,10.16843431,0.75737958,6,day,1747425.735
134,1,MS,4,hiddenzone,5.94319463,8,6.04008854,0.40494609,6,day,934425.7345
134,1,MS,5,hiddenzone,0.346775,8,0.26471878,0.02362781,6,day,138347.6693
135,1,MS,3,hiddenzone,11.06243411,8,10.18501661,0.75667485,6,day,1747948.45
135,1,MS,4,hiddenzone,5.91652941,8,6.04841577,0.40467801,6,day,934948.4501
135,1,MS,5,hiddenzone,0.34593584,8,0.26528523,0.02366119,6,day,138870.3848
136,1,MS,3,hiddenzone,11.01254589,8,10.20158271,0.75595898,6,day,1748444.272
136,1,MS,4,hiddenzone,5.8913461,8,6.05673835,0.40439828,6,day,935444.2717
136,1,MS,5,hiddenzone,0.3451422,8,0.26585292,0.02369142,6,day,139366.2064
137,1,MS,3,hiddenzone,10.95967518,8,10.21813356,0.75525796,6,day,1748919.208
137,1,MS,4,hiddenzone,5.86450251,8,6.06505661,0.40412179,6,day,935919.2075
137,1,MS,5,hiddenzone,0.3442189,8,0.26642181,0.02371997,6,day,139841.1423
138,1,MS,3,hiddenzone,10.90809995,8,10.23466923,0.75453281,6,day,1749376.119
138,1,MS,4,hiddenzone,5.83827601,8,6.07337045,0.40382891,6,day,936376.1187
138,1,MS,5,hiddenzone,0.34330314,8,0.26699184,0.02374591,6,day,140298.0535
139,1,MS,3,hiddenzone,10.85702091,8,10.25118866,0.75381474,6,day,1749814.147
139,1,MS,4,hiddenzone,5.81224774,8,6.08167918,0.40353521,6,day,936814.1469
139,1,MS,5,hiddenzone,0.34236937,8,0.26756291,0.02377007,6,day,140736.0816
140,1,MS,3,hiddenzone,10.80684734,8,10.26769137,0.7530791,6,day,1750233.578
140,1,MS,4,hiddenzone,5.78663319,8,6.08998242,0.4032284,6,day,937233.5782
140,1,MS,5,hiddenzone,0.34143069,8,0.26813493,0.02379173,6,day,141155.5129
141,1,MS,3,hiddenzone,10.75824834,8,10.28417705,0.75231801,6,day,1750632.124
141,1,MS,4,hiddenzone,5.76170186,8,6.09827985,0.40290331,6,day,937632.1238
141,1,MS,5,hiddenzone,0.34050037,8,0.26870784,0.02381037,6,day,141554.0585
142,1,MS,3,hiddenzone,10.70573632,8,10.30064592,0.75162898,6,day,1751017.508
142,1,MS,4,hiddenzone,5.73479828,8,6.10657147,0.40261286,6,day,938017.5084
142,1,MS,5,hiddenzone,0.33943243,8,0.26928158,0.02382983,6,day,141939.4432
143,1,MS,3,hiddenzone,10.65181511,8,10.31709892,0.75090266,6,night,1751398.029
143,1,MS,4,hiddenzone,5.70701937,8,6.11485775,0.40230263,6,night,938398.0293
143,1,MS,5,hiddenzone,0.33830211,8,0.26985617,0.0238477,6,night,142319.9641
144,1,MS,3,hiddenzone,11.10776964,8,10.33356909,0.75878422,7,night,1751781.411
144,1,MS,4,hiddenzone,5.94692107,8,6.12315573,0.40652715,7,night,938781.4113
144,1,MS,5,hiddenzone,0.35304556,8,0.27043263,0.02413496,7,night,142703.3461
145,1,MS,3,hiddenzone,11.71889156,8,10.35008515,0.76724605,7,night,1752209.998
145,1,MS,4,hiddenzone,6.27598209,8,6.13148198,0.41115986,7,night,939209.998
145,1,MS,5,hiddenzone,0.37322383,8,0.27101211,0.02445194,7,night,143131.9327
146,1,MS,3,hiddenzone,12.40747337,8,10.36665389,0.77633839,7,night,1752712.686
146,1,MS,4,hiddenzone,6.64668459,8,6.13984056,0.41614373,7,night,939712.6861
146,1,MS,5,hiddenzone,0.39606682,8,0.27159509,0.02479822,7,night,143634.6209
147,1,MS,3,hiddenzone,13.12444557,8,10.38327481,0.78553864,7,night,1753309.217
147,1,MS,4,hiddenzone,7.03315501,8,6.14823186,0.421208,7,night,940309.217
147,1,MS,5,hiddenzone,0.42010041,8,0.27218193,0.02516012,7,night,144231.1517
148,1,MS,3,hiddenzone,13.3896734,8,10.39992799,0.78882619,7,night,1753918.909
148,1,MS,4,hiddenzone,7.18217049,8,6.15664573,0.4231682,7,night,940918.9087
148,1,MS,5,hiddenzone,0.43006668,8,0.27277209,0.02533925,7,night,144840.8435
149,1,MS,3,hiddenzone,13.54431202,8,10.41658822,0.79072872,7,night,1754463.082
149,1,MS,4,hiddenzone,7.26707174,8,6.16506774,0.42430402,7,night,941463.0822
149,1,MS,5,hiddenzone,0.4361017,8,0.27336448,0.02546283,7,night,145385.017
150,1,MS,3,hiddenzone,13.66059955,8,10.43324759,0.79186511,7,night,1754931.438
150,1,MS,4,hiddenzone,7.33119898,8,6.17349306,0.42501475,7,night,941931.4376
150,1,MS,5,hiddenzone,0.44077918,8,0.27395858,0.02555353,7,night,145853.3724
151,1,MS,3,hiddenzone,13.75864684,8,10.44990149,0.79260056,7,day,1755364.03
151,1,MS,4,hiddenzone,7.38549919,8,6.18191902,0.42550249,7,day,942364.0298
151,1,MS,5,hiddenzone,0.44481579,8,0.27455409,0.02562742,7,day,146285.9646
152,1,MS,3,hiddenzone,13.75798843,8,10.46654649,0.79235965,7,day,1755780.028
152,1,MS,4,hiddenzone,7.38774762,8,6.19034365,0.42547167,7,day,942780.0278
152,1,MS,5,hiddenzone,0.44570042,8,0.27515086,0.02566853,7,day,146701.9626
153,1,MS,3,hiddenzone,13.73575622,8,10.48317657,0.79178738,7,day,1756182.579
153,1,MS,4,hiddenzone,7.37720173,8,6.19876361,0.42525076,7,day,943182.5789
153,1,MS,5,hiddenzone,0.44578658,8,0.27574864,0.02569684,7,day,147104.5137
154,1,MS,3,hiddenzone,13.70051682,8,10.49979083,0.79105094,7,day,1756576.547
154,1,MS,4,hiddenzone,7.35975312,8,6.20717833,0.42493983,7,day,943576.5468
154,1,MS,5,hiddenzone,0.4454392,8,0.27634737,0.02571886,7,day,147498.4815
155,1,MS,3,hiddenzone,13.65336567,8,10.51638882,0.79021685,7,day,1756966.223
155,1,MS,4,hiddenzone,7.3359973,8,6.21558754,0.42457562,7,day,943966.223
155,1,MS,5,hiddenzone,0.44469976,8,0.27694701,0.02573724,7,day,147888.1578
156,1,MS,3,hiddenzone,13.60202139,8,10.53296963,0.78937091,7,day,1757356.472
156,1,MS,4,hiddenzone,7.30986736,8,6.22399074,0.42420454,7,day,944356.4715
156,1,MS,5,hiddenzone,0.44381459,8,0.27754755,0.02575529,7,day,148278.4063
157,1,MS,3,hiddenzone,13.54867251,8,10.54953379,0.78851301,7,day,1757751.012
157,1,MS,4,hiddenzone,7.28266125,8,6.23238825,0.4238283,7,day,944751.0116
157,1,MS,5,hiddenzone,0.44286809,8,0.27814902,0.02577349,7,day,148672.9464
158,1,MS,3,hiddenzone,13.49382277,8,10.56608119,0.78766153,7,day,1758153.849
158,1,MS,4,hiddenzone,7.25466862,8,6.24078006,0.42345701,7,day,945153.8488
158,1,MS,5,hiddenzone,0.44188485,8,0.27875145,0.02579288,7,day,149075.7835
159,1,MS,3,hiddenzone,13.43720525,8,10.58261065,0.78680718,7,day,1758575.569
159,1,MS,4,hiddenzone,7.22577874,8,6.2491657,0.42308815,7,day,945575.5689
159,1,MS,5,hiddenzone,0.44087669,8,0.27935487,0.02581441,7,day,149497.5037
160,1,MS,3,hiddenzone,13.37977962,8,10.59912472,0.78596714,7,day,1759028.761
160,1,MS,4,hiddenzone,7.19655601,8,6.25754671,0.42273338,7,day,946028.7607
160,1,MS,5,hiddenzone,0.43990009,8,0.2799595,0.02584013,7,day,149950.6955
161,1,MS,3,hiddenzone,13.32073068,8,10.6156223,0.78512144,7,day,1759514.283
161,1,MS,4,hiddenzone,7.16655999,8,6.26592276,0.42238245,7,day,946514.2825
161,1,MS,5,hiddenzone,0.43892948,8,0.28056543,0.02586954,7,day,150436.2173
162,1,MS,3,hiddenzone,13.26080478,8,10.63210405,0.78429967,7,day,1760040.717
162,1,MS,4,hiddenzone,7.13622647,8,6.27429447,0.42205257,7,day,947040.7174
162,1,MS,5,hiddenzone,0.4380058,8,0.28117284,0.02590458,7,day,150962.6522
163,1,MS,3,hiddenzone,13.20145108,8,10.64857063,0.78352416,7,day,1760583.174
163,1,MS,4,hiddenzone,7.10624337,8,6.2826623,0.4217508,7,day,947583.1743
163,1,MS,5,hiddenzone,0.43712729,8,0.28178183,0.02594314,7,day,151505.109
164,1,MS,3,hiddenzone,13.14353573,8,10.66502098,0.78272457,7,day,1761062.974
164,1,MS,4,hiddenzone,7.07678132,8,6.29102527,0.4214232,7,day,948062.9739
164,1,MS,5,hiddenzone,0.43616457,8,0.28239212,0.02597358,7,day,151984.9087
165,1,MS,3,hiddenzone,13.08625452,8,10.68145514,0.78191934,7,day,1761480.402
165,1,MS,4,hiddenzone,7.04742511,8,6.29938292,0.42107847,7,day,948480.4025
165,1,MS,5,hiddenzone,0.43509319,8,0.28300346,0.02599642,7,day,152402.3373
166,1,MS,3,hiddenzone,13.02703219,8,10.69787292,0.78117871,7,day,1761889.534
166,1,MS,4,hiddenzone,7.01698482,8,6.30773507,0.42076574,7,day,948889.534
166,1,MS,5,hiddenzone,0.43393571,8,0.28361582,0.0260204,7,day,152811.4687
167,1,MS,3,hiddenzone,12.96417684,8,10.71427547,0.78039025,7,night,1762422.263
167,1,MS,4,hiddenzone,6.98500106,8,6.31608325,0.42045433,7,night,949422.2632
167,1,MS,5,hiddenzone,0.43289573,8,0.28422972,0.0260576,7,night,153344.198
168,1,MS,3,hiddenzone,13.46987239,8,10.73069895,0.78881111,8,night,1763157.842
168,1,MS,4,hiddenzone,7.25469697,8,6.32444772,0.42507606,8,night,950157.8416
168,1,MS,5,hiddenzone,0.45093807,8,0.28484717,0.02642296,8,night,154079.7763
169,1,MS,3,hiddenzone,14.14730194,8,10.7471722,0.79767412,8,night,1764115.152
169,1,MS,4,hiddenzone,7.62373553,8,6.33284642,0.43006912,8,night,951115.152
169,1,MS,5,hiddenzone,0.47573674,8,0.28547008,0.0268381,8,night,155037.0868
170,1,MS,3,hiddenzone,14.89424407,8,10.76370427,0.80710113,8,night,1765273.881
170,1,MS,4,hiddenzone,8.03103404,8,6.34128557,0.43540866,8,night,952273.8811
170,1,MS,5,hiddenzone,0.50353468,8,0.28609962,0.02730041,8,night,156195.8158
171,1,MS,3,hiddenzone,15.66760002,8,10.78029214,0.81659396,8,night,1766484.968
171,1,MS,4,hiddenzone,8.45343681,8,6.34976389,0.4408027,8,night,953484.9675
171,1,MS,5,hiddenzone,0.53265636,8,0.28673595,0.02777614,8,night,157406.9023
172,1,MS,3,hiddenzone,15.9638248,8,10.79691837,0.82027202,8,night,1767633.969
172,1,MS,4,hiddenzone,8.622403,8,6.35827193,0.44309861,8,night,954633.9689
172,1,MS,5,hiddenzone,0.54588926,8,0.2873783,0.02805296,8,night,158555.9037
173,1,MS,3,hiddenzone,16.14977747,8,10.81355788,0.82259877,8,night,1768658.228
173,1,MS,4,hiddenzone,8.72724653,8,6.36679487,0.44458102,8,night,955658.2282
173,1,MS,5,hiddenzone,0.55485814,8,0.2880253,0.02826554,8,night,159580.1629
174,1,MS,3,hiddenzone,16.3052117,8,10.83020266,0.8242205,8,night,1769535.143
174,1,MS,4,hiddenzone,8.81512693,8,6.37532732,0.44565273,8,night,956535.1429
174,1,MS,5,hiddenzone,0.56247142,8,0.28867609,0.0284361,8,night,160457.0776
175,1,MS,3,hiddenzone,16.44745985,8,10.84684912,0.825503,8,day,1770349.114
175,1,MS,4,hiddenzone,8.89570025,8,6.3838669,0.44652725,8,day,957349.1143
175,1,MS,5,hiddenzone,0.56951927,8,0.2893303,0.0285876,8,day,161271.049
176,1,MS,3,hiddenzone,16.44398593,8,10.86349163,0.82535795,8,day,1771168.808
176,1,MS,4,hiddenzone,8.89882045,8,6.39241067,0.446643,8,day,958168.8078
176,1,MS,5,hiddenzone,0.57165191,8,0.28998778,0.02869189,8,day,162090.7425
177,1,MS,3,hiddenzone,16.40864562,8,10.88012441,0.82477062,8,day,1772018.542
177,1,MS,4,hiddenzone,8.88333197,8,6.40095563,0.44651334,8,day,959018.5424
177,1,MS,5,hiddenzone,0.57266286,8,0.29064846,0.02878438,8,day,162940.4772
178,1,MS,3,hiddenzone,16.35248089,8,10.89674638,0.82396594,8,day,1772901.179
178,1,MS,4,hiddenzone,8.85693799,8,6.40950143,0.44627321,8,day,959901.1792
178,1,MS,5,hiddenzone,0.57304869,8,0.29131248,0.02887407,8,day,163823.114
179,1,MS,3,hiddenzone,16.29552038,8,10.91335569,0.82304818,8,day,1773812.999
179,1,MS,4,hiddenzone,8.82999255,8,6.41804728,0.44597798,8,day,960812.9988
179,1,MS,5,hiddenzone,0.5734663,8,0.29197989,0.0289641,8,day,164734.9336
180,1,MS,3,hiddenzone,16.22967364,8,10.92995329,0.82207625,8,day,1774754.287
180,1,MS,4,hiddenzone,8.79854811,8,6.42659386,0.44565945,8,day,961754.2873
180,1,MS,5,hiddenzone,0.57365781,8,0.2926509,0.02905655,8,day,165676.2221
181,1,MS,3,hiddenzone,16.16280966,8,10.94653866,0.82106306,8,day,1775733.342
181,1,MS,4,hiddenzone,8.76656551,8,6.43514118,0.44532623,8,day,962733.3419
181,1,MS,5,hiddenzone,0.57389964,8,0.29332565,0.02915303,8,day,166655.2766
182,1,MS,3,hiddenzone,16.09400329,8,10.96311216,0.82007298,8,day,1776764.182
182,1,MS,4,hiddenzone,8.73371097,8,6.44368977,0.44501586,8,day,963764.1815
182,1,MS,5,hiddenzone,0.5742033,8,0.29400441,0.02925776,8,day,167686.1163
183,1,MS,3,hiddenzone,16.02304198,8,10.97967331,0.81908728,8,day,1777853.673
183,1,MS,4,hiddenzone,8.69989533,8,6.45223981,0.44472039,8,day,964853.6729
183,1,MS,5,hiddenzone,0.57457885,8,0.29468744,0.02937118,8,day,168775.6077
184,1,MS,3,hiddenzone,15.95141342,8,10.99622441,0.81811838,8,day,1778983.505
184,1,MS,4,hiddenzone,8.66583955,8,6.46079278,0.4444421,8,day,965983.5053
184,1,MS,5,hiddenzone,0.57503068,8,0.29537504,0.02949132,8,day,169905.44
185,1,MS,3,hiddenzone,15.87811995,8,11.01276455,0.81714782,8,day,1780148.529
185,1,MS,4,hiddenzone,8.63097847,8,6.46934845,0.44416982,8,day,967148.5286
185,1,MS,5,hiddenzone,0.57550856,8,0.29606735,0.02961689,8,day,171070.4634
186,1,MS,3,hiddenzone,15.80340221,8,11.02929556,0.81621904,8,day,1781353.893
186,1,MS,4,hiddenzone,8.59546341,8,6.47790805,0.44392781,8,day,968353.8929
186,1,MS,5,hiddenzone,0.57603427,8,0.29676466,0.0297502,8,day,172275.8277
187,1,MS,3,hiddenzone,15.72755665,8,11.04581687,0.8153039,8,day,1782600.743
187,1,MS,4,hiddenzone,8.5594544,8,6.48647159,0.44370176,8,day,969600.7426
187,1,MS,5,hiddenzone,0.57662188,8,0.29746717,0.0298906,8,day,173522.6774
188,1,MS,3,hiddenzone,15.65077991,8,11.06232921,0.81440279,8,day,1783882.211
188,1,MS,4,hiddenzone,8.52302599,8,6.49503967,0.44348987,8,day,970882.2111
188,1,MS,5,hiddenzone,0.57725913,8,0.29817509,0.03003717,8,day,174804.1459
189,1,MS,3,hiddenzone,15.57286852,8,11.07883224,0.8134998,8,day,1785203.162
189,1,MS,4,hiddenzone,8.4860847,8,6.50361239,0.4432847,8,day,972203.1622
189,1,MS,5,hiddenzone,0.57795211,8,0.29888864,0.03019017,8,day,176125.097
190,1,MS,3,hiddenzone,15.49337338,8,11.09532767,0.81263385,8,day,1786578.76
190,1,MS,4,hiddenzone,8.44844466,8,6.51219104,0.44311023,8,day,973578.7595
190,1,MS,5,hiddenzone,0.57872462,8,0.29960817,0.03035324,8,day,177500.6943
191,1,MS,3,hiddenzone,15.41163382,8,11.11181521,0.81175288,8,night,1788035.897
191,1,MS,4,hiddenzone,8.40984516,8,6.52077603,0.44294453,8,night,975035.8971
191,1,MS,5,hiddenzone,0.57962406,8,0.30033411,0.03052853,8,night,178957.8318
192,1,MS,3,hiddenzone,15.63015559,8,11.12831995,0.81660581,9,night,1789589.166
192,1,MS,4,hiddenzone,8.53280896,8,6.52938138,0.44589908,9,night,976589.1662
192,1,MS,5,hiddenzone,0.59194736,8,0.30106788,0.0309339,9,night,180511.1009
193,1,MS,3,hiddenzone,15.93475881,8,11.14485061,0.82061287,9,night,1791267.177
193,1,MS,4,hiddenzone,8.70634038,8,6.53801319,0.448455,9,night,978267.1775
193,1,MS,5,hiddenzone,0.60828172,8,0.30181051,0.03133243,9,night,182189.1123
194,1,MS,3,hiddenzone,16.26573186,8,11.16140992,0.82491945,9,night,1793061.634
194,1,MS,4,hiddenzone,8.89496989,8,6.54667367,0.45120051,9,night,980061.6339
194,1,MS,5,hiddenzone,0.62619526,8,0.30256276,0.0317644,9,night,183983.5687
195,1,MS,3,hiddenzone,16.60573831,8,11.17799955,0.82926278,9,night,1794923.039
195,1,MS,4,hiddenzone,9.08913755,8,6.5553642,0.45398588,9,night,981923.0391
195,1,MS,5,hiddenzone,0.64492942,8,0.30332513,0.03221348,9,night,185844.9739
196,1,MS,3,hiddenzone,16.67489394,8,11.19460974,0.83069116,9,night,1796826.788
196,1,MS,4,hiddenzone,9.13751655,8,6.56407991,0.45521052,9,night,983826.788
196,1,MS,5,hiddenzone,0.65363282,8,0.30409756,0.03256244,9,night,187748.7228
197,1,MS,3,hiddenzone,16.68486597,8,11.21122915,0.83142279,9,night,1798740.265
197,1,MS,4,hiddenzone,9.1513488,8,6.57281447,0.45602958,9,night,985740.2645
197,1,MS,5,hiddenzone,0.65996681,8,0.30487975,0.03288733,9,night,189662.1993
198,1,MS,3,hiddenzone,16.6770513,8,11.2278549,0.83182182,9,night,1800652.883
198,1,MS,4,hiddenzone,9.15546045,8,6.58156627,0.45666655,9,night,987652.8827
198,1,MS,5,hiddenzone,0.66565873,8,0.30567169,0.03320238,9,night,191574.8174
199,1,MS,3,hiddenzone,16.66139219,8,11.24448475,0.83203177,9,day,1802565.215
199,1,MS,4,hiddenzone,9.15524376,8,6.5903341,0.45719954,9,day,989565.2148
199,1,MS,5,hiddenzone,0.67108956,8,0.30647339,0.03351312,9,day,193487.1495
200,1,MS,3,hiddenzone,16.58873099,8,11.26111677,0.83151533,9,day,1804472.969
200,1,MS,4,hiddenzone,9.12409956,8,6.59911685,0.45733657,9,day,991472.9691
200,1,MS,5,hiddenzone,0.67427518,8,0.30728487,0.03379722,9,day,195394.9039
201,1,MS,3,hiddenzone,16.49978617,8,11.27774679,0.83066843,9,day,1806374.429
201,1,MS,4,hiddenzone,9.08339078,8,6.60791214,0.45728387,9,day,993374.4292
201,1,MS,5,hiddenzone,0.67674239,8,0.30810601,0.03406896,9,day,197296.3639
202,1,MS,3,hiddenzone,16.41122055,8,11.29437411,0.829797,9,day,1808275.031
202,1,MS,4,hiddenzone,9.0427843,8,6.61671957,0.4572161,9,day,995275.0309
202,1,MS,5,hiddenzone,0.67921732,8,0.30893687,0.03434197,9,day,199196.9657
203,1,MS,3,hiddenzone,16.31941957,8,11.31099757,0.82885785,9,day,1810198.235
203,1,MS,4,hiddenzone,9.0004031,8,6.62553864,0.45711444,9,day,997198.235
203,1,MS,5,hiddenzone,0.68162448,8,0.30977762,0.03461829,9,day,201120.1698
204,1,MS,3,hiddenzone,16.22655746,8,11.32761795,0.82791192,9,day,1812143.755
204,1,MS,4,hiddenzone,8.9574167,8,6.63436991,0.45701214,9,day,999143.7554
204,1,MS,5,hiddenzone,0.68405111,8,0.31062853,0.03490043,9,day,203065.6901
205,1,MS,3,hiddenzone,16.13380537,8,11.34423546,0.82698757,9,day,1814107.014
205,1,MS,4,hiddenzone,8.91445655,8,6.64321358,0.45692402,9,day,1001107.014
205,1,MS,5,hiddenzone,0.68653062,8,0.31148979,0.03518895,9,day,205028.949
206,1,MS,3,hiddenzone,16.04007497,8,11.36085061,0.82604442,9,day,1816084.006
206,1,MS,4,hiddenzone,8.87089899,8,6.65207,0.45682674,9,day,1003084.006
206,1,MS,5,hiddenzone,0.68900353,8,0.31236163,0.03548153,9,day,207005.9411
207,1,MS,3,hiddenzone,15.9450727,8,11.3774632,0.82511149,9,day,1818076.162
207,1,MS,4,hiddenzone,8.82659297,8,6.66093916,0.45673667,9,day,1005076.162
207,1,MS,5,hiddenzone,0.69146044,8,0.31324421,0.03577972,9,day,208998.0967
208,1,MS,3,hiddenzone,15.85019552,8,11.39407311,0.82415929,9,day,1820088.917
208,1,MS,4,hiddenzone,8.78232605,8,6.6698211,0.45663886,9,day,1007088.917
208,1,MS,5,hiddenzone,0.69397891,8,0.31413777,0.0360833,9,day,211010.8519
209,1,MS,3,hiddenzone,15.75451559,8,11.41068017,0.82319304,9,day,1822110.256
209,1,MS,4,hiddenzone,8.73753536,8,6.67871578,0.45653322,9,day,1009110.256
209,1,MS,5,hiddenzone,0.69647785,8,0.31504245,0.03639044,9,day,213032.1904
210,1,MS,3,hiddenzone,15.65883363,8,11.42728469,0.82224753,9,day,1824141.608
210,1,MS,4,hiddenzone,8.6926741,8,6.68762339,0.45643926,9,day,1011141.608
210,1,MS,5,hiddenzone,0.69899634,8,0.31595844,0.03670295,9,day,215063.5425
211,1,MS,3,hiddenzone,15.56338539,8,11.44388694,0.82132815,9,day,1826182.974
211,1,MS,4,hiddenzone,8.64786768,8,6.69654415,0.45636026,9,day,1013182.974
211,1,MS,5,hiddenzone,0.70154457,8,0.31688594,0.03702118,9,day,217104.9083
212,1,MS,3,hiddenzone,15.47023887,8,11.46048625,0.82032838,9,day,1828211.465
212,1,MS,4,hiddenzone,8.60417022,8,6.70547757,0.456233,9,day,1015211.465
212,1,MS,5,hiddenzone,0.70413856,8,0.31782495,0.03733636,9,day,219133.3994
213,1,MS,3,hiddenzone,15.37855908,8,11.47708256,0.8193294,9,day,1830198.756
213,1,MS,4,hiddenzone,8.56101816,8,6.71442329,0.45609489,9,day,1017198.756
213,1,MS,5,hiddenzone,0.70664603,8,0.31877535,0.03764678,9,day,221120.6913
214,1,MS,3,hiddenzone,15.28716638,8,11.49367495,0.81832372,9,day,1832153.432
214,1,MS,4,hiddenzone,8.5177931,8,6.72338057,0.45594458,9,day,1019153.432
214,1,MS,5,hiddenzone,0.70904143,8,0.31973701,0.03795356,9,day,223075.367
215,1,MS,3,hiddenzone,15.19580544,8,11.51026352,0.81731558,9,night,1834107.536
215,1,MS,4,hiddenzone,8.47447859,8,6.73234944,0.45579108,9,night,1021107.536
215,1,MS,5,hiddenzone,0.71141995,8,0.32071004,0.03826262,9,night,225029.4705
216,1,MS,3,hiddenzone,15.27445968,8,11.52686951,0.82098737,10,night,1836073.37
216,1,MS,4,hiddenzone,8.52440658,8,6.74134156,0.45823528,10,night,1023073.37
216,1,MS,5,hiddenzone,0.72170492,8,0.32169561,0.03879612,10,night,226995.3044
217,1,MS,3,hiddenzone,15.40754192,8,11.54349277,0.82303263,10,night,1838046.356
217,1,MS,4,hiddenzone,8.60647841,8,6.75035726,0.45979103,10,night,1025046.356
217,1,MS,5,hiddenzone,0.73490073,8,0.32269392,0.03926153,10,night,228968.2909
218,1,MS,3,hiddenzone,15.55657659,8,11.56013295,0.82515671,10,night,1840019.057
218,1,MS,4,hiddenzone,8.69758524,8,6.75939623,0.46139115,10,night,1027019.057
218,1,MS,5,hiddenzone,0.74904773,8,0.32370508,0.0397359,10,night,230940.9914
219,1,MS,3,hiddenzone,15.71090376,8,11.57679051,0.82724651,10,night,1842023.801
219,1,MS,4,hiddenzone,8.79190126,8,6.76845893,0.46298165,10,night,1029023.801
219,1,MS,5,hiddenzone,0.76376949,8,0.32472943,0.04022039,10,night,232945.7357
220,1,MS,3,hiddenzone,15.71163824,8,11.59346215,0.82805294,10,night,1844083.764
220,1,MS,4,hiddenzone,8.80171545,8,6.77754399,0.46387853,10,night,1031083.764
220,1,MS,5,hiddenzone,0.77148718,8,0.32576733,0.04065943,10,night,235005.6984
221,1,MS,3,hiddenzone,15.67047167,8,11.6101402,0.82814921,10,night,1846182.351
221,1,MS,4,hiddenzone,8.78694547,8,6.78664724,0.46437152,10,night,1033182.351
221,1,MS,5,hiddenzone,0.7772227,8,0.32681877,0.04107417,10,night,237104.2854
222,1,MS,3,hiddenzone,15.62120425,8,11.62682389,0.82829738,10,night,1848320.993
222,1,MS,4,hiddenzone,8.76777387,8,6.79576853,0.46490148,10,night,1035320.993
222,1,MS,5,hiddenzone,0.78274184,8,0.3278841,0.04150363,10,night,239242.9273
223,1,MS,3,hiddenzone,15.56439938,8,11.64351183,0.82815537,10,day,1850485.384
223,1,MS,4,hiddenzone,8.74437225,8,6.80490723,0.46527322,10,day,1037485.384
223,1,MS,5,hiddenzone,0.78800514,8,0.32896359,0.04192796,10,day,241407.3187
224,1,MS,3,hiddenzone,15.48051455,8,11.66020327,0.8277291,10,day,1852642.623
224,1,MS,4,hiddenzone,8.70595265,8,6.81406287,0.46548661,10,day,1039642.623
224,1,MS,5,hiddenzone,0.79190735,8,0.3300573,0.04234094,10,day,243564.5574
225,1,MS,3,hiddenzone,15.38597873,8,11.67689473,0.82690693,10,day,1854791.278
225,1,MS,4,hiddenzone,8.66108741,8,6.82323339,0.4654701,10,day,1041791.278
225,1,MS,5,hiddenzone,0.79519027,8,0.33116514,0.04273517,10,day,245713.213
226,1,MS,3,hiddenzone,15.29157741,8,11.69358629,0.82625054,10,day,1856949.948
226,1,MS,4,hiddenzone,8.61622841,8,6.8324189,0.46554748,10,day,1043949.948
226,1,MS,5,hiddenzone,0.79849997,8,0.33228733,0.04314361,10,day,247871.8823
227,1,MS,3,hiddenzone,15.19156737,8,11.71027694,0.82533356,10,day,1859128.644
227,1,MS,4,hiddenzone,8.56815708,8,6.84161891,0.4654806,10,day,1046128.644
227,1,MS,5,hiddenzone,0.80156896,8,0.33342409,0.04354615,10,day,250050.579
228,1,MS,3,hiddenzone,15.09284433,8,11.72696807,0.82468284,10,day,1861344.535
228,1,MS,4,hiddenzone,8.52083529,8,6.85083445,0.46556958,10,day,1048344.535
228,1,MS,5,hiddenzone,0.80482329,8,0.33457591,0.04397415,10,day,252266.4694
229,1,MS,3,hiddenzone,14.98930127,8,11.74365937,0.8238173,10,day,1863611.924
229,1,MS,4,hiddenzone,8.47085009,8,6.86006567,0.46554637,10,day,1050611.924
229,1,MS,5,hiddenzone,0.80798956,8,0.33574329,0.04440542,10,day,254533.859
230,1,MS,3,hiddenzone,14.88577612,8,11.76035154,0.82311669,10,day,1865920.799
230,1,MS,4,hiddenzone,8.42089792,8,6.86931322,0.46562336,10,day,1052920.799
230,1,MS,5,hiddenzone,0.81128612,8,0.33692673,0.04485848,10,day,256842.7339
231,1,MS,3,hiddenzone,14.78132494,8,11.77704458,0.82226768,10,day,1868259.715
231,1,MS,4,hiddenzone,8.37039649,8,6.87857726,0.46562027,10,day,1055259.715
231,1,MS,5,hiddenzone,0.81461637,8,0.33812662,0.04531404,10,day,259181.6499
232,1,MS,3,hiddenzone,14.68138397,8,11.79373931,0.82157949,10,day,1870622.95
232,1,MS,4,hiddenzone,8.32239514,8,6.8878584,0.4657123,10,day,1057622.95
232,1,MS,5,hiddenzone,0.81825815,8,0.33934336,0.04578819,10,day,261544.8849
233,1,MS,3,hiddenzone,14.57954716,8,11.8104344,0.82069291,10,day,1872973.31
233,1,MS,4,hiddenzone,8.27314781,8,6.89715578,0.46568632,10,day,1059973.31
233,1,MS,5,hiddenzone,0.82171496,8,0.34057696,0.04625271,10,day,263895.2452
234,1,MS,3,hiddenzone,14.48449642,8,11.82713062,0.81992736,10,day,1875277.894
234,1,MS,4,hiddenzone,8.22744304,8,6.9064695,0.46571942,10,day,1062277.894
234,1,MS,5,hiddenzone,0.82534392,8,0.34182732,0.04671839,10,day,266199.8285
235,1,MS,3,hiddenzone,14.38441921,8,11.84382513,0.81882822,10,day,1877523.825
235,1,MS,4,hiddenzone,8.1785443,8,6.91579754,0.4655482,10,day,1064523.825
235,1,MS,5,hiddenzone,0.8284245,8,0.343094,0.04715581,10,day,268445.7601
236,1,MS,3,hiddenzone,14.28580755,8,11.86051914,0.81811016,10,day,1879751.16
236,1,MS,4,hiddenzone,8.13031527,8,6.92514041,0.46558676,10,day,1066751.16
236,1,MS,5,hiddenzone,0.83148399,8,0.3443771,0.0476146,10,day,270673.0948
237,1,MS,3,hiddenzone,14.17934651,8,11.87721215,0.8171353,10,day,1882037.146
237,1,MS,4,hiddenzone,8.07768268,8,6.93449819,0.46549028,10,day,1069037.146
237,1,MS,5,hiddenzone,0.83427543,8,0.3456772,0.04807574,10,day,272959.0812
238,1,MS,3,hiddenzone,14.07938894,8,11.89390604,0.81646063,10,day,1884333.147
238,1,MS,4,hiddenzone,8.02865603,8,6.94387201,0.46556538,10,day,1071333.147
238,1,MS,5,hiddenzone,0.83744646,8,0.34699467,0.04856099,10,day,275255.0813
239,1,MS,3,hiddenzone,13.97540332,8,11.91059968,0.81554228,10,night,1886614.841
239,1,MS,4,hiddenzone,7.97715043,8,6.95326111,0.4654966,10,night,1073614.841
239,1,MS,5,hiddenzone,0.84027827,8,0.34832952,0.04903255,10,night,277536.7762
240,1,MS,3,hiddenzone,14.28392898,8,11.92732892,0.82303439,11,night,1888948.035
240,1,MS,4,hiddenzone,8.15840209,8,6.96268589,0.47020676,11,night,1075948.035
240,1,MS,5,hiddenzone,0.86794923,8,0.34968444,0.05002696,11,night,279869.9701
241,1,MS,3,hiddenzone,14.703608,8,11.94410431,0.82885642,11,night,1891345.603
241,1,MS,4,hiddenzone,8.40677856,8,6.97215336,0.47401855,11,night,1078345.603
241,1,MS,5,hiddenzone,0.90362864,8,0.35106091,0.05095427,11,night,282267.5378
242,1,MS,3,hiddenzone,15.16600478,8,11.96092795,0.83498999,11,night,1893758.907
242,1,MS,4,hiddenzone,8.68015481,8,6.98166473,0.47801859,11,night,1080758.907
242,1,MS,5,hiddenzone,0.94272121,8,0.35245943,0.05191886,11,night,284680.8413
243,1,MS,3,hiddenzone,15.6384701,8,11.97779883,0.84081007,11,night,1896160.766
243,1,MS,4,hiddenzone,8.95974762,8,6.99121936,0.48184174,11,night,1083160.766
243,1,MS,5,hiddenzone,0.98315113,8,0.35388009,0.05287536,11,night,287082.7007
244,1,MS,3,hiddenzone,15.70661975,8,11.99470218,0.84261292,11,night,1898534.015
244,1,MS,4,hiddenzone,9.01050848,8,7.00080882,0.4833901,11,night,1085534.015
244,1,MS,5,hiddenzone,0.99889722,8,0.35532203,0.05358746,11,night,289455.9494
245,1,MS,3,hiddenzone,15.68778892,8,12.011619,0.84318631,11,night,1900884.375
245,1,MS,4,hiddenzone,9.00859088,8,7.01042182,0.48419634,11,night,1087884.375
245,1,MS,5,hiddenzone,1.00876279,8,0.35678406,0.05421866,11,night,291806.3097
246,1,MS,3,hiddenzone,15.64457979,8,12.02854513,0.84346536,11,night,1903240.457
246,1,MS,4,hiddenzone,8.99267532,8,7.02005601,0.48483537,11,night,1090240.457
246,1,MS,5,hiddenzone,1.01715963,8,0.35826615,0.05483898,11,night,294162.392
247,1,MS,3,hiddenzone,15.58785534,8,12.04547745,0.84329561,11,day,1905615.137
247,1,MS,4,hiddenzone,8.96898747,8,7.0297097,0.48521924,11,day,1092615.137
247,1,MS,5,hiddenzone,1.0248043,8,0.35976848,0.05544087,11,day,296537.0713
248,1,MS,3,hiddenzone,15.49875667,8,12.06241419,0.84275058,11,day,1908004.121
248,1,MS,4,hiddenzone,8.92689033,8,7.03938196,0.48539242,11,day,1095004.121
248,1,MS,5,hiddenzone,1.03042981,8,0.36129125,0.05602784,11,day,298926.0559
249,1,MS,3,hiddenzone,15.39893889,8,12.07935253,0.84181572,11,day,1910413.133
249,1,MS,4,hiddenzone,8.87829442,8,7.04907126,0.48533952,11,day,1097413.133
249,1,MS,5,hiddenzone,1.0353738,8,0.36283467,0.05659858,11,day,301335.0678
250,1,MS,3,hiddenzone,15.29850562,8,12.09629152,0.84100633,11,day,1912816.423
250,1,MS,4,hiddenzone,8.82918955,8,7.05877698,0.48535645,11,day,1099816.423
250,1,MS,5,hiddenzone,1.04021079,8,0.36439882,0.05718121,11,day,303738.3577
251,1,MS,3,hiddenzone,15.19284334,8,12.11323024,0.83993622,11,day,1915218.282
251,1,MS,4,hiddenzone,8.77692462,8,7.06849857,0.48522022,11,day,1102218.282
251,1,MS,5,hiddenzone,1.04464058,8,0.36598385,0.05775042,11,day,306140.217
252,1,MS,3,hiddenzone,15.09179532,8,12.13016996,0.83904367,11,day,1917635.877
252,1,MS,4,hiddenzone,8.72724376,8,7.07823681,0.48518834,11,day,1104635.877
252,1,MS,5,hiddenzone,1.04941728,8,0.3675902,0.05834088,11,day,308557.8122
253,1,MS,3,hiddenzone,14.98950514,8,12.14710967,0.83797392,11,day,1920027.723
253,1,MS,4,hiddenzone,8.67661657,8,7.08799095,0.48504611,11,day,1107027.723
253,1,MS,5,hiddenzone,1.05393578,8,0.36921779,0.05891665,11,day,310949.6578
254,1,MS,3,hiddenzone,14.88794767,8,12.16404931,0.83710848,11,day,1922360.917
254,1,MS,4,hiddenzone,8.62607835,8,7.09776052,0.48500861,11,day,1109360.917
254,1,MS,5,hiddenzone,1.05817042,8,0.37086627,0.05949531,11,day,313282.8517
255,1,MS,3,hiddenzone,14.78213683,8,12.1809872,0.83601807,11,day,1924668.361
255,1,MS,4,hiddenzone,8.57285307,8,7.10754436,0.4848337,11,day,1111668.361
255,1,MS,5,hiddenzone,1.06192156,8,0.37253548,0.06005521,11,day,315590.296
256,1,MS,3,hiddenzone,14.67932363,8,12.19792473,0.83517179,11,day,1926970.084
256,1,MS,4,hiddenzone,8.52121851,8,7.11734321,0.4847975,11,day,1113970.084
256,1,MS,5,hiddenzone,1.06580265,8,0.37422566,0.06063538,11,day,317892.0183
257,1,MS,3,hiddenzone,14.57271529,8,12.21486069,0.83411368,11,day,1929283.25
257,1,MS,4,hiddenzone,8.46728957,8,7.1271564,0.48463852,11,day,1116283.25
257,1,MS,5,hiddenzone,1.06940446,8,0.37593704,0.06120765,11,day,320205.1848
258,1,MS,3,hiddenzone,14.47266553,8,12.23179653,0.83320608,11,day,1931610.722
258,1,MS,4,hiddenzone,8.41709184,8,7.13698486,0.48456878,11,day,1118610.722
258,1,MS,5,hiddenzone,1.07349792,8,0.37767005,0.06179947,11,day,322532.6566
259,1,MS,3,hiddenzone,14.36980251,8,12.2487302,0.83208379,11,day,1933921.027
259,1,MS,4,hiddenzone,8.36507617,8,7.14682725,0.48436786,11,day,1120921.027
259,1,MS,5,hiddenzone,1.07724052,8,0.37942458,0.06237461,11,day,324842.962
260,1,MS,3,hiddenzone,14.2730525,8,12.26566204,0.83115114,11,day,1936158.376
260,1,MS,4,hiddenzone,8.31625028,8,7.15668327,0.48426195,11,day,1123158.376
260,1,MS,5,hiddenzone,1.08102171,8,0.38120013,0.06294727,11,day,327080.3104
261,1,MS,3,hiddenzone,14.17463776,8,12.28259095,0.83002351,11,day,1938327.059
261,1,MS,4,hiddenzone,8.26611211,8,7.1665518,0.48402659,11,day,1125327.059
261,1,MS,5,hiddenzone,1.08427912,8,0.38299615,0.06348899,11,day,329248.9934
262,1,MS,3,hiddenzone,14.08042196,8,12.29951745,0.82910565,11,day,1940451.395
262,1,MS,4,hiddenzone,8.21816645,8,7.17643284,0.48390356,11,day,1127451.395
262,1,MS,5,hiddenzone,1.08757969,8,0.38481243,0.06403749,11,day,331373.3299
263,1,MS,3,hiddenzone,13.98282624,8,12.31643969,0.82798172,11,night,1942545.691
263,1,MS,4,hiddenzone,8.16804423,8,7.18632509,0.48365248,11,night,1129545.691
263,1,MS,5,hiddenzone,1.09041093,8,0.38664866,0.06456461,11,night,333467.6254
264,1,MS,3,hiddenzone,14.15397591,8,12.33338698,0.83305164,12,night,1944638.556
264,1,MS,4,hiddenzone,8.27283367,8,7.19624535,0.48699984,12,night,1131638.556
264,1,MS,5,hiddenzone,1.11395099,8,0.38850728,0.06557863,12,night,335560.4903
265,1,MS,3,hiddenzone,14.39568398,8,12.35035946,0.83608068,12,night,1946744.295
265,1,MS,4,hiddenzone,8.42122723,8,7.20619422,0.48918099,12,night,1133744.295
265,1,MS,5,hiddenzone,1.14388704,8,0.39038869,0.0664504,12,night,337666.23
266,1,MS,3,hiddenzone,14.66808713,8,12.36735763,0.83927403,12,night,1948822.855
266,1,MS,4,hiddenzone,8.58770626,8,7.2161717,0.49145589,12,night,1135822.855
266,1,MS,5,hiddenzone,1.1765891,8,0.39229284,0.06733676,12,night,339744.7896
267,1,MS,3,hiddenzone,14.94796505,8,12.38438096,0.84222426,12,night,1950878.526
267,1,MS,4,hiddenzone,8.75871942,8,7.22617731,0.49358565,12,night,1137878.526
267,1,MS,5,hiddenzone,1.21026482,8,0.39421962,0.06820596,12,night,341800.4607
268,1,MS,3,hiddenzone,14.98622478,8,12.40141952,0.84292933,12,night,1952889.565
268,1,MS,4,hiddenzone,8.78987672,8,7.23620511,0.49441131,12,night,1139889.565
268,1,MS,5,hiddenzone,1.22479322,8,0.39616807,0.06889045,12,night,343811.4994
269,1,MS,3,hiddenzone,14.96572623,8,12.41846111,0.8428208,12,night,1954829.077
269,1,MS,4,hiddenzone,8.78457367,8,7.24624728,0.49472497,12,night,1141829.077
269,1,MS,5,hiddenzone,1.23387186,8,0.39813652,0.06948735,12,night,345751.0115
270,1,MS,3,hiddenzone,14.93759321,8,12.43550405,0.84265213,12,night,1956671.313
270,1,MS,4,hiddenzone,8.77441048,8,7.25630224,0.49498493,12,night,1143671.313
270,1,MS,5,hiddenzone,1.24182182,8,0.40012399,0.0700529,12,night,347593.2476
271,1,MS,3,hiddenzone,14.90180929,8,12.45254412,0.84219428,12,day,1958384.229
271,1,MS,4,hiddenzone,8.75928478,8,7.26636663,0.49504863,12,day,1145384.229
271,1,MS,5,hiddenzone,1.24843726,8,0.40212885,0.07055672,12,day,349306.1638
272,1,MS,3,hiddenzone,14.83426257,8,12.46957926,0.84141503,12,day,1959978.125
272,1,MS,4,hiddenzone,8.72534498,8,7.2764385,0.49490307,12,day,1146978.125
272,1,MS,5,hiddenzone,1.25177235,8,0.4041498,0.0709989,12,day,350900.06
273,1,MS,3,hiddenzone,14.75898843,8,12.48660639,0.840356,12,day,1961484.759
273,1,MS,4,hiddenzone,8.68619147,8,7.28651541,0.4945715,12,day,1148484.759
273,1,MS,5,hiddenzone,1.2538713,8,0.40618573,0.07139065,12,day,352406.6939
274,1,MS,3,hiddenzone,14.68203276,8,12.50362546,0.83939494,12,day,1962982.524
274,1,MS,4,hiddenzone,8.6459657,8,7.29659726,0.49429483,12,day,1149982.524
274,1,MS,5,hiddenzone,1.25573856,8,0.40823663,0.07178937,12,day,353904.4584
275,1,MS,3,hiddenzone,14.59961568,8,12.52063513,0.83824994,12,day,1964520.057
275,1,MS,4,hiddenzone,8.60259291,8,7.30668351,0.49391664,12,day,1151520.057
275,1,MS,5,hiddenzone,1.25731589,8,0.41030289,0.07218664,12,day,355441.9917
276,1,MS,3,hiddenzone,14.51826885,8,12.53763641,0.83723291,12,day,1966085.343
276,1,MS,4,hiddenzone,8.55988058,8,7.31677491,0.49361824,12,day,1153085.343
276,1,MS,5,hiddenzone,1.25909281,8,0.41238498,0.07260544,12,day,357007.2773
277,1,MS,3,hiddenzone,14.43416136,8,12.55462867,0.83609181,12,day,1967660.07
277,1,MS,4,hiddenzone,8.51550457,8,7.32687114,0.49324715,12,day,1154660.07
277,1,MS,5,hiddenzone,1.26063207,8,0.41448304,0.07301803,12,day,358582.0044
278,1,MS,3,hiddenzone,14.35294913,8,12.57161223,0.8350663,12,day,1969232.222
278,1,MS,4,hiddenzone,8.47275968,8,7.33697234,0.49294309,12,day,1156232.222
278,1,MS,5,hiddenzone,1.26235676,8,0.41659715,0.07344149,12,day,360154.1565
279,1,MS,3,hiddenzone,14.26977553,8,12.58858625,0.83391427,12,day,1970787.78
279,1,MS,4,hiddenzone,8.42873839,8,7.3470779,0.49255953,12,day,1157787.78
279,1,MS,5,hiddenzone,1.26376391,8,0.41872715,0.07384978,12,day,361709.7144
280,1,MS,3,hiddenzone,14.18996937,8,12.60555163,0.8328936,12,day,1972318.446
280,1,MS,4,hiddenzone,8.38656035,8,7.35718819,0.49224808,12,day,1159318.446
280,1,MS,5,hiddenzone,1.26527729,8,0.42087293,0.07426307,12,day,363240.3812
281,1,MS,3,hiddenzone,14.10816571,8,12.62250715,0.83173967,12,day,1973823.936
281,1,MS,4,hiddenzone,8.34305746,8,7.36730228,0.49185164,12,day,1160823.936
281,1,MS,5,hiddenzone,1.26641919,8,0.42303419,0.07465747,12,day,364745.8706
282,1,MS,3,hiddenzone,14.02958539,8,12.63945319,0.83071591,12,day,1975313.976
282,1,MS,4,hiddenzone,8.30135342,8,7.37742031,0.49152854,12,day,1162313.976
282,1,MS,5,hiddenzone,1.26771292,8,0.42521085,0.0750598,12,day,366235.9103
283,1,MS,3,hiddenzone,13.94942794,8,12.65638924,0.82957189,12,day,1976785.705
283,1,MS,4,hiddenzone,8.2585973,8,7.38754182,0.49112944,12,day,1163785.705
283,1,MS,5,hiddenzone,1.26871062,8,0.42740275,0.07544642,12,day,367707.6393
284,1,MS,3,hiddenzone,13.87215,8,12.67331519,0.82855901,12,day,1978222.815
284,1,MS,4,hiddenzone,8.21737989,8,7.39766653,0.49080071,12,day,1165222.815
284,1,MS,5,hiddenzone,1.2697247,8,0.42960956,0.07583464,12,day,369144.7494
285,1,MS,3,hiddenzone,13.79341109,8,12.6902309,0.82742433,12,day,1979627.023
285,1,MS,4,hiddenzone,8.17513518,8,7.40779411,0.49039239,12,day,1166627.023
285,1,MS,5,hiddenzone,1.27036938,8,0.43183097,0.07620176,12,day,370548.9573
286,1,MS,3,hiddenzone,13.71413908,8,12.70713656,0.82647373,12,day,1981041.816
286,1,MS,4,hiddenzone,8.13255544,8,7.41792473,0.49009364,12,day,1168041.816
286,1,MS,5,hiddenzone,1.2709735,8,0.43406717,0.07659044,12,day,371963.7512
287,1,MS,3,hiddenzone,13.63015304,8,12.72403219,0.82535736,12,night,1982518.695
287,1,MS,4,hiddenzone,8.08730688,8,7.42805879,0.48970779,12,night,1169518.695
287,1,MS,5,hiddenzone,1.27143079,8,0.43631897,0.07698607,12,night,373440.63
288,1,MS,3,hiddenzone,14.04278335,8,12.74095376,0.83229968,13,night,1984120.602
288,1,MS,4,hiddenzone,8.33380773,8,7.43821801,0.49408884,13,night,1171120.602
288,1,MS,5,hiddenzone,1.31834533,8,0.4385912,0.07817354,13,night,375042.5371
289,1,MS,3,hiddenzone,14.57791875,8,12.75791674,0.83823778,13,night,1985852.688
289,1,MS,4,hiddenzone,8.65744709,8,7.44841298,0.49794668,13,night,1172852.688
289,1,MS,5,hiddenzone,1.37912093,8,0.44088712,0.07933362,13,night,376774.6225
290,1,MS,3,hiddenzone,15.17224215,8,12.77492668,0.84502396,13,night,1987725.537
290,1,MS,4,hiddenzone,9.01686897,8,7.45864774,0.502334,13,night,1174725.537
290,1,MS,5,hiddenzone,1.44719771,8,0.44320909,0.08063499,13,night,378647.4719
291,1,MS,3,hiddenzone,15.78769634,8,12.79198685,0.85180918,13,night,1989675.349
291,1,MS,4,hiddenzone,9.38968147,8,7.46892481,0.50674318,13,night,1176675.349
291,1,MS,5,hiddenzone,1.51883237,8,0.44555857,0.08197931,13,night,380597.2839
292,1,MS,3,hiddenzone,15.97685276,8,12.80908198,0.85437854,13,night,1991605.706
292,1,MS,4,hiddenzone,9.51164441,8,7.47923515,0.50867192,13,night,1178605.706
292,1,MS,5,hiddenzone,1.550692,8,0.44793411,0.08292966,13,night,382527.6406
293,1,MS,3,hiddenzone,16.08485758,8,12.82619229,0.85597544,13,night,1993474.836
293,1,MS,4,hiddenzone,9.58265625,8,7.48956642,0.50998039,13,night,1180474.836
293,1,MS,5,hiddenzone,1.57393426,8,0.45033324,0.08376393,13,night,384396.7707
294,1,MS,3,hiddenzone,16.16727612,8,12.84331339,0.85719842,13,night,1995273.584
294,1,MS,4,hiddenzone,9.63826724,8,7.49991555,0.51105458,13,night,1182273.584
294,1,MS,5,hiddenzone,1.59442467,8,0.45275478,0.08454255,13,night,386195.5187
295,1,MS,3,hiddenzone,16.23766123,8,12.86044181,0.85804849,13,day,1997016.255
295,1,MS,4,hiddenzone,9.68657644,8,7.51028009,0.51189574,13,day,1184016.255
295,1,MS,5,hiddenzone,1.6135354,8,0.45519791,0.08526921,13,day,387938.1899
296,1,MS,3,hiddenzone,16.1901894,8,12.87757243,0.8577601,13,day,1998719.444
296,1,MS,4,hiddenzone,9.66517625,8,7.5206568,0.51205777,13,day,1185719.444
296,1,MS,5,hiddenzone,1.62093268,8,0.45766172,0.08587413,13,day,389641.3786
297,1,MS,3,hiddenzone,16.11621505,8,12.89469852,0.85696029,13,day,2000390.589
297,1,MS,4,hiddenzone,9.62702365,8,7.53104138,0.51189949,13,day,1187390.589
297,1,MS,5,hiddenzone,1.62523731,8,0.46014527,0.0864167,13,day,391312.5233
298,1,MS,3,hiddenzone,16.03471749,8,12.91181892,0.85616628,13,day,2002032.837
298,1,MS,4,hiddenzone,9.58422098,8,7.54143294,0.51173853,13,day,1189032.837
298,1,MS,5,hiddenzone,1.62853537,8,0.4626482,0.08695133,13,day,392954.7714
299,1,MS,3,hiddenzone,15.94622066,8,12.92893175,0.85515016,13,day,2003653.055
299,1,MS,4,hiddenzone,9.53708582,8,7.5518302,0.51143958,13,day,1190653.055
299,1,MS,5,hiddenzone,1.6309087,8,0.46517013,0.0874572,13,day,394574.9893
300,1,MS,3,hiddenzone,15.85935581,8,12.94603751,0.85425014,13,day,2005244.376
300,1,MS,4,hiddenzone,9.4907535,8,7.56223325,0.51120389,13,day,1192244.376
300,1,MS,5,hiddenzone,1.63318035,8,0.46771087,0.08796595,13,day,396166.3105
301,1,MS,3,hiddenzone,15.76960932,8,12.96313452,0.8532124,13,day,2006787.917
301,1,MS,4,hiddenzone,9.44246056,8,7.57264078,0.51087543,13,day,1193787.917
301,1,MS,5,hiddenzone,1.63475349,8,0.4702697,0.08844406,13,day,397709.852
302,1,MS,3,hiddenzone,15.68248073,8,12.98022319,0.85230812,13,day,2008287.398
302,1,MS,4,hiddenzone,9.39551361,8,7.58305274,0.51061792,13,day,1195287.398
302,1,MS,5,hiddenzone,1.63622226,8,0.47284622,0.08892099,13,day,399209.3332
303,1,MS,3,hiddenzone,15.59246529,8,12.99730217,0.85126633,13,day,2009764.563
303,1,MS,4,hiddenzone,9.34669511,8,7.59346816,0.5102726,13,day,1196764.563
303,1,MS,5,hiddenzone,1.63716601,8,0.47544005,0.08937644,13,day,400686.4982
304,1,MS,3,hiddenzone,15.51210657,8,13.0143694,0.84963443,13,day,2011245.734
304,1,MS,4,hiddenzone,9.30347997,8,7.60388597,0.50959402,13,day,1198245.734
304,1,MS,5,hiddenzone,1.63906519,8,0.47805115,0.08977594,13,day,402167.6686
305,1,MS,3,hiddenzone,15.42431428,8,13.03142308,0.84822939,13,day,2012745.501
305,1,MS,4,hiddenzone,9.25592801,8,7.614305,0.5090318,13,day,1199745.501
305,1,MS,5,hiddenzone,1.64026824,8,0.48067962,0.09020378,13,day,403667.4359
306,1,MS,3,hiddenzone,15.34568485,8,13.04846864,0.84736948,13,day,2014298.77
306,1,MS,4,hiddenzone,9.21403457,8,7.62472895,0.50880799,13,day,1201298.77
306,1,MS,5,hiddenzone,1.64275796,8,0.48332684,0.09071154,13,day,405220.705
307,1,MS,3,hiddenzone,15.26313896,8,13.06550735,0.84646448,13,day,2015912.694
307,1,MS,4,hiddenzone,9.16997811,8,7.63515899,0.50856988,13,day,1202912.694
307,1,MS,5,hiddenzone,1.64519427,8,0.48599387,0.09123983,13,day,406834.6286
308,1,MS,3,hiddenzone,15.18063293,8,13.08254034,0.84581359,13,day,2017573.253
308,1,MS,4,hiddenzone,9.12607706,8,7.64559617,0.50849483,13,day,1204573.253
308,1,MS,5,hiddenzone,1.64789773,8,0.48868152,0.09181579,13,day,408495.1875
309,1,MS,3,hiddenzone,15.09419043,8,13.09956713,0.84504213,13,day,2019280.447
309,1,MS,4,hiddenzone,9.07994561,8,7.65604057,0.50835786,13,day,1206280.447
309,1,MS,5,hiddenzone,1.65043266,8,0.49139045,0.09239929,13,day,410202.3816
310,1,MS,3,hiddenzone,15.00940009,8,13.11659025,0.84448571,13,day,2021047.437
310,1,MS,4,hiddenzone,9.03498402,8,7.66649419,0.50836332,13,day,1208047.437
310,1,MS,5,hiddenzone,1.65349619,8,0.4941219,0.09303245,13,day,411969.3718
311,1,MS,3,hiddenzone,14.92077684,8,13.13360978,0.84377375,13,night,2022880.804
311,1,MS,4,hiddenzone,8.98791366,8,7.67695759,0.50828991,13,night,1209880.804
311,1,MS,5,hiddenzone,1.65652742,8,0.49687692,0.09367753,13,night,413802.7387
312,1,MS,3,hiddenzone,15.01159022,8,13.15064497,0.84772459,14,night,2024789.417
312,1,MS,4,hiddenzone,9.05038934,8,7.68744312,0.51105447,14,night,1211789.417
312,1,MS,5,hiddenzone,1.68010195,8,0.49965882,0.09487768,14,night,415711.3514
313,1,MS,3,hiddenzone,0.24656757,8,0.20762441,0.01380577,14,night,2026758.97
313,1,MS,4,hiddenzone,9.44158312,8,7.69807014,0.52861915,14,night,1213758.97
313,1,MS,5,hiddenzone,1.7659923,8,0.50249093,0.0988806,14,night,417680.9046
314,1,MS,3,hiddenzone,0.24478704,8,0.20789495,0.0135194,14,night,2028776.017
314,1,MS,4,hiddenzone,9.34809616,8,7.70860831,0.51625164,14,night,1215776.017
314,1,MS,5,hiddenzone,1.76203877,8,0.50533083,0.09731547,14,night,419697.9515
315,1,MS,3,hiddenzone,0.25017574,8,0.208168,0.01367476,14,night,2030815.952
315,1,MS,4,hiddenzone,9.52809157,8,7.71919396,0.5207732,14,night,1217815.952
315,1,MS,5,hiddenzone,1.80996969,8,0.50820466,0.09893346,14,night,421737.8868
316,1,MS,3,hiddenzone,0.25253985,8,0.20844334,0.0138031,14,night,2032844.443
316,1,MS,4,hiddenzone,9.59144828,8,7.72981952,0.52424758,14,night,1219844.443
316,1,MS,5,hiddenzone,1.836301,8,0.51111118,0.10036602,14,night,423766.3779
317,1,MS,3,hiddenzone,0.25325812,8,0.20872074,0.01390708,14,night,2034854.337
317,1,MS,4,hiddenzone,9.59352799,8,7.740477,0.52680801,14,night,1221854.337
317,1,MS,5,hiddenzone,1.85073156,8,0.51404885,0.10162763,14,night,425776.272
318,1,MS,3,hiddenzone,0.25353741,8,0.20900013,0.01400272,14,night,2036844.776
318,1,MS,4,hiddenzone,9.57923277,8,7.75116334,0.52905704,14,night,1223844.776
318,1,MS,5,hiddenzone,1.86194387,8,0.51701702,0.10283306,14,night,427766.711
319,1,MS,3,hiddenzone,0.2536352,8,0.20928139,0.01408998,14,day,2038817.763
319,1,MS,4,hiddenzone,9.55845737,8,7.76187536,0.53099506,14,day,1225817.763
319,1,MS,5,hiddenzone,1.87179901,8,0.5200151,0.10398149,14,day,429739.6976
320,1,MS,3,hiddenzone,0.25335252,8,0.20956449,0.01417231,14,day,2040771.58
320,1,MS,4,hiddenzone,9.52363812,8,7.77261197,0.53275327,14,day,1227771.58
320,1,MS,5,hiddenzone,1.87879221,8,0.5230428,0.10509694,14,day,431693.515
321,1,MS,3,hiddenzone,0.25281175,8,0.20984936,0.01424688,14,day,2042718.531
321,1,MS,4,hiddenzone,9.47963493,8,7.78337066,0.53422252,14,day,1229718.531
321,1,MS,5,hiddenzone,1.88385134,8,0.52609982,0.10616102,14,day,433640.4659
322,1,MS,3,hiddenzone,0.25223367,8,0.21013599,0.0143221,14,day,2044657.471
322,1,MS,4,hiddenzone,9.43461848,8,7.79415111,0.53571791,14,day,1231657.471
322,1,MS,5,hiddenzone,1.88859478,8,0.52918612,0.10723545,14,day,435579.4058
323,1,MS,3,hiddenzone,0.25155863,8,0.21042436,0.0143929,14,day,2046612.433
323,1,MS,4,hiddenzone,9.38607719,8,7.8049524,0.53703392,14,day,1233612.433
323,1,MS,5,hiddenzone,1.89268205,8,0.53230195,0.10828859,14,day,437534.3677
324,1,MS,3,hiddenzone,0.25090923,8,0.2107145,0.01446683,14,day,2048600.583
324,1,MS,4,hiddenzone,9.33839983,8,7.81577512,0.53844077,14,day,1235600.583
324,1,MS,5,hiddenzone,1.89710893,8,0.53544805,0.10938174,14,day,439522.5178
325,1,MS,3,hiddenzone,0.25020026,8,0.21100644,0.01453779,14,day,2050624.783
325,1,MS,4,hiddenzone,9.28839589,8,7.82661892,0.5397099,14,day,1237624.783
325,1,MS,5,hiddenzone,1.90124437,8,0.53862509,0.11046999,14,day,441546.7173
326,1,MS,3,hiddenzone,0.24953946,8,0.21130019,0.01461245,14,day,2052670.44
326,1,MS,4,hiddenzone,9.24024994,8,7.83748455,0.541099,14,day,1239670.44
326,1,MS,5,hiddenzone,1.90583673,8,0.54183374,0.11160027,14,day,443592.3747
327,1,MS,3,hiddenzone,0.24881849,8,0.21159575,0.01468371,14,day,2054727.542
327,1,MS,4,hiddenzone,9.19006883,8,7.8483715,0.5423521,14,day,1241727.542
327,1,MS,5,hiddenzone,1.91001302,8,0.5450743,0.11271589,14,day,445649.4764
328,1,MS,3,hiddenzone,0.24813367,8,0.21189315,0.01475805,14,day,2056793.226
328,1,MS,4,hiddenzone,9.14144624,8,7.85928027,0.54371068,14,day,1243793.226
328,1,MS,5,hiddenzone,1.91449576,8,0.54834716,0.11386582,14,day,447715.1613
329,1,MS,3,hiddenzone,0.24738164,8,0.21219237,0.01482873,14,day,2058863.203
329,1,MS,4,hiddenzone,9.09062753,8,7.87021022,0.54492941,14,day,1245863.203
329,1,MS,5,hiddenzone,1.91846723,8,0.55165252,0.11499702,14,day,449785.1377
330,1,MS,3,hiddenzone,0.24667992,8,0.21249341,0.01490285,14,day,2060931.749
330,1,MS,4,hiddenzone,9.04199594,8,7.88116179,0.54627319,14,day,1247931.749
330,1,MS,5,hiddenzone,1.92280826,8,0.55499066,0.11616281,14,day,451853.6836
331,1,MS,3,hiddenzone,0.24591417,8,0.21279625,0.01497295,14,day,2062990.281
331,1,MS,4,hiddenzone,8.99145049,8,7.89213428,0.54747483,14,day,1249990.281
331,1,MS,5,hiddenzone,1.92658796,8,0.55836155,0.1173028,14,day,453912.2158
332,1,MS,3,hiddenzone,0.24523868,8,0.2131009,0.01504714,14,day,2065041.661
332,1,MS,4,hiddenzone,8.94459774,8,7.90312836,0.54882804,14,day,1252041.661
332,1,MS,5,hiddenzone,1.93102654,8,0.56176543,0.11848104,14,day,455963.5954
333,1,MS,3,hiddenzone,0.2444432,8,0.21340733,0.01511589,14,day,2067081.596
333,1,MS,4,hiddenzone,8.89380225,8,7.91414279,0.549989,14,day,1254081.596
333,1,MS,5,hiddenzone,1.93444995,8,0.56520209,0.11962143,14,day,458003.5307
334,1,MS,3,hiddenzone,0.24369212,8,0.21371554,0.01518863,14,day,2069125.823
334,1,MS,4,hiddenzone,8.84488332,8,7.9251782,0.55129017,14,day,1256125.823
334,1,MS,5,hiddenzone,1.93822502,8,0.56867197,0.12080277,14,day,460047.7576
335,1,MS,3,hiddenzone,0.24285634,8,0.21402556,0.01525786,14,night,2071197.23
335,1,MS,4,hiddenzone,8.79291723,8,7.93623429,0.55244403,14,night,1258197.23
335,1,MS,5,hiddenzone,1.94143269,8,0.57217561,0.12197257,14,night,462119.1645
336,1,MS,3,hiddenzone,0.24735559,8,0.21433778,0.01542584,15,night,2073341.594
336,1,MS,4,hiddenzone,8.93544038,8,7.94732447,0.55713359,15,night,1260341.594
336,1,MS,5,hiddenzone,1.9878196,8,0.57571729,0.12396587,15,night,464263.5285
337,1,MS,3,hiddenzone,0.25553879,8,0.21465255,0.01559961,15,night,2075546.04
337,1,MS,4,hiddenzone,9.20696915,8,7.95845923,0.56195039,15,night,1262546.04
337,1,MS,5,hiddenzone,2.06470517,8,0.57930058,0.12604152,15,night,466467.9748
338,1,MS,3,hiddenzone,0.26503487,8,0.21497002,0.01578812,15,night,2077787.68
338,1,MS,4,hiddenzone,9.52402036,8,7.96964362,0.56725309,15,night,1264787.68
338,1,MS,5,hiddenzone,2.15321689,8,0.58292747,0.12826673,15,night,468709.6148
339,1,MS,3,hiddenzone,0.27484935,8,0.21529025,0.01597595,15,night,2080082.25
339,1,MS,4,hiddenzone,9.85037087,8,7.98087772,0.57247316,15,night,1267082.25
339,1,MS,5,hiddenzone,2.24551741,8,0.58659917,0.13052311,15,night,471004.1844
340,1,MS,3,hiddenzone,0.28180695,8,0.21561312,0.01614374,15,night,2082373.958
340,1,MS,4,hiddenzone,10.07190109,8,7.99215823,0.57694657,15,night,1269373.958
340,1,MS,5,hiddenzone,2.31529589,8,0.59031531,0.13263454,15,night,473295.8929
341,1,MS,3,hiddenzone,0.28725111,8,0.21593843,0.01629024,15,night,2084595.571
341,1,MS,4,hiddenzone,10.24041193,8,8.00347857,0.58070195,15,night,1271595.571
341,1,MS,5,hiddenzone,2.37286112,8,0.59407364,0.13456602,15,night,475517.5055
342,1,MS,3,hiddenzone,0.29235294,8,0.21626603,0.01643139,15,night,2086744.226
342,1,MS,4,hiddenzone,10.39683436,8,8.01483574,0.58430222,15,night,1273744.226
342,1,MS,5,hiddenzone,2.42769868,8,0.59787268,0.13644539,15,night,477666.1611
343,1,MS,3,hiddenzone,0.29727666,8,0.21659585,0.01656385,15,day,2088847.105
343,1,MS,4,hiddenzone,10.54678887,8,8.02622739,0.58761217,15,day,1275847.105
343,1,MS,5,hiddenzone,2.48127292,8,0.60171145,0.13825225,15,day,479769.0397
344,1,MS,3,hiddenzone,0.29902657,8,0.21692774,0.01667009,15,day,2090927.095
344,1,MS,4,hiddenzone,10.5828928,8,8.03764914,0.58998752,15,day,1277927.095
344,1,MS,5,hiddenzone,2.50856459,8,0.605589,0.13984577,15,day,481849.0298
345,1,MS,3,hiddenzone,0.29893179,8,0.2172615,0.01675029,15,day,2092965.6
345,1,MS,4,hiddenzone,10.55549693,8,8.04909465,0.591477,15,day,1279965.6
345,1,MS,5,hiddenzone,2.52024107,8,0.6095033,0.14121741,15,day,483887.5346
346,1,MS,3,hiddenzone,0.29845667,8,0.217597,0.01682515,15,day,2094946.311
346,1,MS,4,hiddenzone,10.51553388,8,8.06056083,0.59281343,15,day,1281946.311
346,1,MS,5,hiddenzone,2.52838465,8,0.61345295,0.14253336,15,day,485868.246
347,1,MS,3,hiddenzone,0.29773276,8,0.21793418,0.01689137,15,day,2096908.998
347,1,MS,4,hiddenzone,10.46727071,8,8.07204553,0.59385665,15,day,1283908.998
347,1,MS,5,hiddenzone,2.53430688,8,0.61743733,0.14377829,15,day,487830.9327
348,1,MS,3,hiddenzone,0.29693859,8,0.21827302,0.01695849,15,day,2098871.399
348,1,MS,4,hiddenzone,10.41682032,8,8.08354835,0.59492998,15,day,1285871.399
348,1,MS,5,hiddenzone,2.53961261,8,0.62145658,0.14503866,15,day,489793.3333
349,1,MS,3,hiddenzone,0.29608814,8,0.21861348,0.01702169,15,day,2100816.061
349,1,MS,4,hiddenzone,10.36488355,8,8.09506852,0.59587759,15,day,1287816.061
349,1,MS,5,hiddenzone,2.54430737,8,0.62551038,0.14626724,15,day,491737.9954
350,1,MS,3,hiddenzone,0.29528449,8,0.21895554,0.0170879,15,day,2102715.518
350,1,MS,4,hiddenzone,10.31539187,8,8.1066062,0.59695942,15,day,1289715.518
350,1,MS,5,hiddenzone,2.54910488,8,0.62959835,0.14751346,15,day,493637.4527
351,1,MS,3,hiddenzone,0.29438473,8,0.21929916,0.01714884,15,day,2104586.079
351,1,MS,4,hiddenzone,10.26313766,8,8.11816019,0.59787619,15,day,1291586.079
351,1,MS,5,hiddenzone,2.55286905,8,0.63371983,0.14871125,15,day,495508.0133
352,1,MS,3,hiddenzone,0.29354801,8,0.21964432,0.01721252,15,day,2106441.475
352,1,MS,4,hiddenzone,10.21352019,8,8.12973064,0.59889717,15,day,1293441.475
352,1,MS,5,hiddenzone,2.55705903,8,0.63787482,0.14993456,15,day,497363.4103
353,1,MS,3,hiddenzone,0.29264537,8,0.21999096,0.01727106,15,day,2108243.085
353,1,MS,4,hiddenzone,10.16246078,8,8.14131636,0.59977502,15,day,1295243.085
353,1,MS,5,hiddenzone,2.56031773,8,0.64206233,0.15110082,15,day,499165.0193
354,1,MS,3,hiddenzone,0.29180763,8,0.22033899,0.01733076,15,day,2109943.412
354,1,MS,4,hiddenzone,10.11502642,8,8.15291671,0.60075831,15,day,1296943.412
354,1,MS,5,hiddenzone,2.56349469,8,0.64628071,0.15224705,15,day,500865.3469
355,1,MS,3,hiddenzone,0.29088981,8,0.22068833,0.01738446,15,day,2111558.766
355,1,MS,4,hiddenzone,10.06596114,8,8.16452996,0.60158939,15,day,1298558.766
355,1,MS,5,hiddenzone,2.56541577,8,0.65052823,0.15331545,15,day,502480.701
356,1,MS,3,hiddenzone,0.29001126,8,0.22103891,0.0174397,15,day,2113109.747
356,1,MS,4,hiddenzone,10.01915573,8,8.17615567,0.60251461,15,day,1300109.747
356,1,MS,5,hiddenzone,2.56725681,8,0.65480383,0.15437927,15,day,504031.6813
357,1,MS,3,hiddenzone,0.28904448,8,0.22139063,0.0174893,15,day,2114570.031
357,1,MS,4,hiddenzone,9.9704725,8,8.18779217,0.60330332,15,day,1301570.031
357,1,MS,5,hiddenzone,2.56772564,8,0.65910566,0.15536455,15,day,505491.966
358,1,MS,3,hiddenzone,0.28806175,8,0.22174351,0.01754306,15,day,2116044.049
358,1,MS,4,hiddenzone,9.9212615,8,8.19943998,0.6042265,15,day,1303044.049
358,1,MS,5,hiddenzone,2.56810043,8,0.6634342,0.15639665,15,day,506965.9838
359,1,MS,3,hiddenzone,0.28703321,8,0.22209771,0.01759749,15,night,2117680.861
359,1,MS,4,hiddenzone,9.8689583,8,8.21110107,0.60506624,15,night,1304680.861
359,1,MS,5,hiddenzone,2.5690218,8,0.66779296,0.15750053,15,night,508602.7958
360,1,MS,3,hiddenzone,0.2934302,8,0.22245383,0.01777932,16,night,2119533.969
360,1,MS,4,hiddenzone,10.07257796,8,8.22279158,0.61016463,16,night,1306533.969
360,1,MS,5,hiddenzone,2.63795247,8,0.6721899,0.15983654,16,night,510455.904
361,1,MS,3,hiddenzone,0.30448099,8,0.22281233,0.01797123,16,night,2121537.569
361,1,MS,4,hiddenzone,10.42990417,8,8.23452445,0.61546302,16,night,1308537.569
361,1,MS,5,hiddenzone,2.75045114,8,0.67663136,0.16233836,16,night,512459.5038
362,1,MS,3,hiddenzone,0.31711888,8,0.22317341,0.01818247,16,night,2123644.739
362,1,MS,4,hiddenzone,10.83889831,8,8.24630424,0.62133509,16,night,1310644.739
362,1,MS,5,hiddenzone,2.87906567,8,0.68112066,0.16507522,16,night,514566.674
363,1,MS,3,hiddenzone,0.33007298,8,0.22353715,0.01839223,16,night,2125820.575
363,1,MS,4,hiddenzone,11.25627543,8,8.25813209,0.62709067,16,night,1312820.575
363,1,MS,5,hiddenzone,3.01225862,8,0.68565967,0.16784799,16,night,516742.5097
364,1,MS,3,hiddenzone,0.33717175,8,0.22390341,0.0185535,16,night,2127964.939
364,1,MS,4,hiddenzone,11.47084677,8,8.27000378,0.63117655,16,night,1314964.939
364,1,MS,5,hiddenzone,3.09281367,8,0.69024704,0.17018668,16,night,518886.8736
365,1,MS,3,hiddenzone,0.3416531,8,0.22427176,0.01868035,16,night,2129983.988
365,1,MS,4,hiddenzone,11.59954077,8,8.28190687,0.63418802,16,night,1316983.988
365,1,MS,5,hiddenzone,3.14901889,8,0.6948776,0.17217555,16,night,520905.9232
366,1,MS,3,hiddenzone,0.34554149,8,0.22464197,0.01879527,16,night,2131857.696
366,1,MS,4,hiddenzone,11.70935305,8,8.29383717,0.63688084,16,night,1318857.696
366,1,MS,5,hiddenzone,3.19909091,8,0.6995478,0.17400891,16,night,522779.631
367,1,MS,3,hiddenzone,0.34917998,8,0.22501387,0.01889817,16,day,2133617.248
367,1,MS,4,hiddenzone,11.81172659,8,8.30579107,0.63923657,16,day,1320617.248
367,1,MS,5,hiddenzone,3.2463362,8,0.70425479,0.1756954,16,day,524539.1825
368,1,MS,3,hiddenzone,0.35022647,8,0.22538733,0.01897843,16,day,2135322.153
368,1,MS,4,hiddenzone,11.82589686,8,8.31776493,0.64084957,16,day,1322322.153
368,1,MS,5,hiddenzone,3.26929463,8,0.70899695,0.17715805,16,day,526244.0878
369,1,MS,3,hiddenzone,0.34991783,8,0.22576217,0.01903931,16,day,2136972.412
369,1,MS,4,hiddenzone,11.79614736,8,8.32975373,0.64185238,16,day,1323972.412
369,1,MS,5,hiddenzone,3.27924088,8,0.71377197,0.17842427,16,day,527894.3468
370,1,MS,3,hiddenzone,0.34930414,8,0.22613829,0.01909632,16,day,2138587.48
370,1,MS,4,hiddenzone,11.75664564,8,8.34175544,0.64274663,16,day,1325587.48
370,1,MS,5,hiddenzone,3.2860591,8,0.71857875,0.17964571,16,day,529509.4148
371,1,MS,3,hiddenzone,0.34850073,8,0.22651565,0.01914674,16,day,2140179.373
371,1,MS,4,hiddenzone,11.7112065,8,8.35376862,0.64343405,16,day,1327179.373
371,1,MS,5,hiddenzone,3.29089805,8,0.72341665,0.18080112,16,day,531101.3082
372,1,MS,3,hiddenzone,0.34770821,8,0.22689424,0.01919952,16,day,2141757.248
372,1,MS,4,hiddenzone,11.66649,8,8.36579349,0.64420937,16,day,1328757.248
372,1,MS,5,hiddenzone,3.29570673,8,0.72828566,0.18197826,16,day,532679.1825
373,1,MS,3,hiddenzone,0.34678157,8,0.22727403,0.01924779,16,day,2143341.988
373,1,MS,4,hiddenzone,11.61737332,8,8.37782911,0.64482901,16,day,1330341.988
373,1,MS,5,hiddenzone,3.29926918,8,0.73318571,0.18312098,16,day,534263.9232
374,1,MS,3,hiddenzone,0.34589365,8,0.22765506,0.01930002,16,day,2144937.601
374,1,MS,4,hiddenzone,11.56961622,8,8.38987615,0.64557471,16,day,1331937.601
374,1,MS,5,hiddenzone,3.30324994,8,0.73811736,0.18431139,16,day,535859.536
375,1,MS,3,hiddenzone,0.34491932,8,0.22803734,0.01934946,16,day,2146562.397
375,1,MS,4,hiddenzone,11.5188347,8,8.40193484,0.64620791,16,day,1333562.397
375,1,MS,5,hiddenzone,3.30659525,8,0.74308142,0.18549319,16,day,537484.3316
376,1,MS,3,hiddenzone,0.34399377,8,0.22842092,0.01940351,16,day,2148228.964
376,1,MS,4,hiddenzone,11.46938913,8,8.41400576,0.64696812,16,day,1335228.964
376,1,MS,5,hiddenzone,3.31069349,8,0.74807895,0.18674292,16,day,539150.8987
377,1,MS,3,hiddenzone,0.34297663,8,0.22880581,0.01945466,16,day,2149923.856
377,1,MS,4,hiddenzone,11.41677706,8,8.42608876,0.64761354,16,day,1336923.856
377,1,MS,5,hiddenzone,3.31408908,8,0.75311056,0.18798308,16,day,540845.7903
378,1,MS,3,hiddenzone,0.34202692,8,0.22919205,0.01951061,16,day,2151645.355
378,1,MS,4,hiddenzone,11.36632213,8,8.43818486,0.64840135,16,day,1338645.355
378,1,MS,5,hiddenzone,3.31830033,8,0.75817727,0.18928739,16,day,542567.2897
379,1,MS,3,hiddenzone,0.34100508,8,0.22957964,0.01956305,16,day,2153376.582
379,1,MS,4,hiddenzone,11.31357813,8,8.45029367,0.64906679,16,day,1340376.582
379,1,MS,5,hiddenzone,3.32184582,8,0.7632793,0.19056828,16,day,544298.5167
380,1,MS,3,hiddenzone,0.34004548,8,0.22996859,0.01961912,16,day,2155112.387
380,1,MS,4,hiddenzone,11.26306242,8,8.46241566,0.64984947,16,day,1342112.387
380,1,MS,5,hiddenzone,3.32599142,8,0.76841704,0.19189294,16,day,546034.3214
381,1,MS,3,hiddenzone,0.3389908,8,0.23035889,0.01967114,16,day,2156865.358
381,1,MS,4,hiddenzone,11.20942469,8,8.47455009,0.65048753,16,day,1343865.358
381,1,MS,5,hiddenzone,3.32929524,8,0.77359068,0.19319211,16,day,547787.2925
382,1,MS,3,hiddenzone,0.33800507,8,0.23075061,0.01972866,16,day,2158646.081
382,1,MS,4,hiddenzone,11.15798017,8,8.48669849,0.65128991,16,day,1345646.081
382,1,MS,5,hiddenzone,3.33344248,8,0.77880156,0.19456411,16,day,549568.0158
383,1,MS,3,hiddenzone,0.33692983,8,0.23114375,0.01978318,16,night,2160146.081
383,1,MS,4,hiddenzone,11.1032856,8,8.49886071,0.65196251,16,night,1347474.584
383,1,MS,5,hiddenzone,3.3370261,8,0.78405066,0.19593487,16,night,551396.5188
384,1,MS,3,hiddenzone,0.34172837,8,0.23153874,0.01994792,17,night,2161646.081
384,1,MS,4,hiddenzone,11.24396813,8,8.51104907,0.65624052,17,night,1349368.891
384,1,MS,5,hiddenzone,3.39946896,8,0.78934315,0.19843819,17,night,553290.8262
385,1,MS,3,hiddenzone,0.34991447,8,0.23193588,0.02010845,17,night,2163146.081
385,1,MS,4,hiddenzone,11.49159839,8,8.52327151,0.66028283,17,night,1351357.042
385,1,MS,5,hiddenzone,3.49698316,8,0.79468358,0.20095944,17,night,555278.9764
386,1,MS,3,hiddenzone,0.35909536,8,0.23233531,0.02028233,17,night,2164646.081
386,1,MS,4,hiddenzone,11.76976652,8,8.53553078,0.66468011,17,night,1353454.198
386,1,MS,5,hiddenzone,3.60617837,8,0.80007526,0.20368237,17,night,557376.1329
387,1,MS,3,hiddenzone,0.36850586,8,0.23273709,0.02045501,17,night,2166146.081
387,1,MS,4,hiddenzone,12.05415721,8,8.54782779,0.66900422,17,night,1355582.826
387,1,MS,5,hiddenzone,3.71890254,8,0.80551942,0.20642791,17,night,559504.761
388,1,MS,3,hiddenzone,0.37354478,8,0.23314107,0.02059218,17,night,2167646.081
388,1,MS,4,hiddenzone,12.19333766,8,8.56015855,0.67215763,17,night,1357682.844
388,1,MS,5,hiddenzone,3.78806067,8,0.81101471,0.20882038,17,night,561604.7786
389,1,MS,3,hiddenzone,0.3763791,8,0.233547,0.02069938,17,night,2169146.081
389,1,MS,4,hiddenzone,12.26294688,8,8.57251576,0.67439462,17,night,1359709.904
389,1,MS,5,hiddenzone,3.8346659,8,0.81655752,0.21088968,17,night,563631.8391
390,1,MS,3,hiddenzone,0.37890639,8,0.23395473,0.02079452,17,night,2170646.081
390,1,MS,4,hiddenzone,12.32288423,8,8.58489584,0.67625821,17,night,1361698.341
390,1,MS,5,hiddenzone,3.87811528,8,0.8221463,0.21283032,17,night,565620.2754
391,1,MS,3,hiddenzone,0.38129792,8,0.23436407,0.0208783,17,day,2172146.081
391,1,MS,4,hiddenzone,12.37966935,8,8.5972951,0.67783479,17,day,1363560.318
391,1,MS,5,hiddenzone,3.91935233,8,0.82777752,0.2146055,17,day,567482.2528
392,1,MS,3,hiddenzone,0.38184462,8,0.2347749,0.02094772,17,day,2173646.081
392,1,MS,4,hiddenzone,12.37689925,8,8.60971144,0.67900825,17,day,1365312.717
392,1,MS,5,hiddenzone,3.9408465,8,0.8334487,0.21618956,17,day,569234.6517
393,1,MS,3,hiddenzone,0.38133126,8,0.23518698,0.02099966,17,day,2175146.081
393,1,MS,4,hiddenzone,12.34224261,8,8.62213994,0.67969834,17,day,1366949.243
393,1,MS,5,hiddenzone,3.9504127,8,0.83915587,0.21754411,17,day,570871.1776
394,1,MS,3,hiddenzone,0.38059453,8,0.23560023,0.02104965,17,day,2176646.081
394,1,MS,4,hiddenzone,12.30153209,8,8.63457905,0.68038419,17,day,1368495.073
394,1,MS,5,hiddenzone,3.95684877,8,0.84489686,0.21884006,17,day,572417.008
395,1,MS,3,hiddenzone,0.37965879,8,0.23601456,0.02109274,17,day,2178146.081
395,1,MS,4,hiddenzone,12.25506192,8,8.64702723,0.68087628,17,day,1369995.985
395,1,MS,5,hiddenzone,3.96078759,8,0.85067038,0.22004742,17,day,573917.9197
396,1,MS,3,hiddenzone,0.37871244,8,0.23642993,0.02113721,17,day,2179646.081
396,1,MS,4,hiddenzone,12.20895664,8,8.65948398,0.68144403,17,day,1371448.259
396,1,MS,5,hiddenzone,3.96414657,8,0.85647535,0.22124981,17,day,575370.1934
397,1,MS,3,hiddenzone,0.37766875,8,0.23684624,0.02117644,17,day,2181146.081
397,1,MS,4,hiddenzone,12.16055494,8,8.67194765,0.68188249,17,day,1372839.592
397,1,MS,5,hiddenzone,3.9659045,8,0.86231001,0.22237149,17,day,576761.5266
398,1,MS,3,hiddenzone,0.37669146,8,0.23726346,0.02121673,17,day,2182646.081
398,1,MS,4,hiddenzone,12.11529782,8,8.68441807,0.68240286,17,day,1374155.107
398,1,MS,5,hiddenzone,3.96764418,8,0.86817289,0.22347056,17,day,578077.0417
399,1,MS,3,hiddenzone,0.37564142,8,0.23768151,0.02125209,17,day,2184146.081
399,1,MS,4,hiddenzone,12.06858295,8,8.69689421,0.68280792,17,day,1375403.387
399,1,MS,5,hiddenzone,3.96797708,8,0.87406237,0.22448754,17,day,579325.3219
400,1,MS,3,hiddenzone,0.37460612,8,0.23810035,0.02129007,17,day,2185646.081
400,1,MS,4,hiddenzone,12.02270684,8,8.70937559,0.68331259,17,day,1376628.493
400,1,MS,5,hiddenzone,3.96821676,8,0.8799778,0.22552398,17,day,580550.4275
401,1,MS,3,hiddenzone,0.37349933,8,0.23852,0.02132531,17,day,2187146.081
401,1,MS,4,hiddenzone,11.97455726,8,8.72186216,0.68372244,17,day,1377863.612
401,1,MS,5,hiddenzone,3.9677437,8,0.88591948,0.22653963,17,day,581785.5468
402,1,MS,3,hiddenzone,0.37241662,8,0.23894051,0.02136535,17,day,2188646.081
402,1,MS,4,hiddenzone,11.92669734,8,8.73435487,0.68425286,17,day,1379152.805
402,1,MS,5,hiddenzone,3.96795911,8,0.89188895,0.22763722,17,day,583074.7402
403,1,MS,3,hiddenzone,0.37127861,8,0.23936197,0.02140481,17,day,2190146.081
403,1,MS,4,hiddenzone,11.87620066,8,8.74685486,0.68470636,17,day,1380533.267
403,1,MS,5,hiddenzone,3.96833638,8,0.8978887,0.22877842,17,day,584455.2013
404,1,MS,3,hiddenzone,0.37016042,8,0.23978448,0.02145079,17,day,2191646.081
404,1,MS,4,hiddenzone,11.82550819,8,8.75936375,0.68531319,17,day,1382000.418
404,1,MS,5,hiddenzone,3.96962851,8,0.90392123,0.23003741,17,day,585922.3525
405,1,MS,3,hiddenzone,0.36896137,8,0.24020815,0.02149596,17,day,2193146.081
405,1,MS,4,hiddenzone,11.77117411,8,8.77188233,0.68582192,17,day,1383576.575
405,1,MS,5,hiddenzone,3.97093771,8,0.90998926,0.23134722,17,day,587498.5101
406,1,MS,3,hiddenzone,0.3677709,8,0.2406331,0.02154977,17,day,2194646.081
406,1,MS,4,hiddenzone,11.7158149,8,8.78441271,0.68652191,17,day,1385280.336
406,1,MS,5,hiddenzone,3.97336529,8,0.91609639,0.23281946,17,day,589202.271
407,1,MS,3,hiddenzone,0.36650196,8,0.24105949,0.02160423,17,night,2196146.081
407,1,MS,4,hiddenzone,11.65640133,8,8.79695641,0.68713597,17,night,1387135.733
407,1,MS,5,hiddenzone,3.97614979,8,0.92224655,0.23438013,17,night,591057.668
408,1,MS,3,hiddenzone,0.37726328,8,0.24148797,0.02183475,18,night,2197646.081
408,1,MS,4,hiddenzone,11.98222117,8,8.80953131,0.69327567,18,night,1389146.772
408,1,MS,5,hiddenzone,4.1111888,8,0.92844946,0.23794203,18,night,593068.7066
409,1,MS,3,hiddenzone,0.39423155,8,0.24191913,0.02208597,18,night,2199146.081
409,1,MS,4,hiddenzone,12.49737072,8,8.82215345,0.69992697,18,night,1391256.803
409,1,MS,5,hiddenzone,4.31616775,8,0.9347132,0.24180429,18,night,595178.7379
410,1,MS,3,hiddenzone,0.41279433,8,0.24235307,0.02234965,18,night,2200646.081
410,1,MS,4,hiddenzone,13.06138066,8,8.83482619,0.70696285,18,night,1393351.099
410,1,MS,5,hiddenzone,4.54034204,8,0.94103898,0.24582508,18,night,597273.0333
411,1,MS,3,hiddenzone,0.43175218,8,0.2427897,0.02260494,18,night,2202146.081
411,1,MS,4,hiddenzone,13.63680466,8,8.84754791,0.71376242,18,night,1395388.173
411,1,MS,5,hiddenzone,4.7703033,8,0.94742537,0.24975569,18,night,599310.1076
412,1,MS,3,hiddenzone,0.44420925,8,0.24322874,0.02280611,18,night,2203646.081
412,1,MS,4,hiddenzone,14.00358061,8,8.86031127,0.71886531,18,night,1397360.873
412,1,MS,5,hiddenzone,4.9294948,8,0.95386889,0.2530836,18,night,601282.808
413,1,MS,3,hiddenzone,0.45381042,8,0.24366984,0.02296768,18,night,2205146.081
413,1,MS,4,hiddenzone,14.28386548,8,8.87310793,0.72282163,18,night,1399240.017
413,1,MS,5,hiddenzone,5.05722329,8,0.96036461,0.25594841,18,night,603161.9518
414,1,MS,3,hiddenzone,0.46305543,8,0.24411275,0.023117,18,night,2206646.081
414,1,MS,4,hiddenzone,14.55409579,8,8.8859332,0.72648459,18,night,1401006.721
414,1,MS,5,hiddenzone,5.18088366,8,0.96690867,0.25864252,18,night,604928.6559
415,1,MS,3,hiddenzone,0.47205151,8,0.24455735,0.02325331,18,day,2208146.081
415,1,MS,4,hiddenzone,14.81683163,8,8.89878415,0.72978565,18,day,1402722.498
415,1,MS,5,hiddenzone,5.30217956,8,0.97349913,0.26118444,18,day,606644.4332
416,1,MS,3,hiddenzone,0.47471775,8,0.24500349,0.02334346,18,day,2209646.081
416,1,MS,4,hiddenzone,14.87795339,8,8.91165628,0.73161655,18,day,1404434.556
416,1,MS,5,hiddenzone,5.35294153,8,0.98013467,0.26321918,18,day,608356.4911
417,1,MS,3,hiddenzone,0.4747872,8,0.24545102,0.02340554,18,day,2211146.081
417,1,MS,4,hiddenzone,14.85901667,8,8.92454347,0.7325199,18,day,1406167.214
417,1,MS,5,hiddenzone,5.37437873,8,0.98681366,0.26493738,18,day,610089.1487
418,1,MS,3,hiddenzone,0.4747872,8,0.24545102,0.02340554,18,day,2212646.081
418,1,MS,4,hiddenzone,14.82961285,8,8.93744578,0.73364056,18,day,1407923.046
418,1,MS,5,hiddenzone,5.39243464,8,0.99353677,0.26676145,18,day,611844.9808
419,1,MS,3,hiddenzone,0.4747872,8,0.24545102,0.02340554,18,day,2214146.081
419,1,MS,4,hiddenzone,14.78150191,8,8.9503596,0.7340324,18,day,1409706.63
419,1,MS,5,hiddenzone,5.40408956,8,1.00030354,0.26835084,18,day,613628.5652
420,1,MS,3,hiddenzone,0.4747872,8,0.24545102,0.02340554,18,day,2215646.081
420,1,MS,4,hiddenzone,14.73299026,8,8.96328564,0.73456263,18,day,1411524.834
420,1,MS,5,hiddenzone,5.41606753,8,1.00711524,0.2700255,18,day,615446.7684
421,1,MS,3,hiddenzone,0.4747872,8,0.24545102,0.02340554,18,day,2217146.081
421,1,MS,4,hiddenzone,14.67817012,8,8.97622386,0.73492987,18,day,1413391.675
421,1,MS,5,hiddenzone,5.4264044,8,1.01397319,0.27168683,18,day,617313.6096
422,1,MS,3,hiddenzone,0.4747872,8,0.24545102,0.02340554,18,day,2218646.081
422,1,MS,4,hiddenzone,14.62331555,8,8.98917585,0.73550764,18,day,1415336.337
422,1,MS,5,hiddenzone,5.43787386,8,1.02088002,0.27349668,18,day,619258.2717
423,1,MS,3,hiddenzone,0.4747872,8,0.24545102,0.02340554,18,day,2220146.081
423,1,MS,4,hiddenzone,14.56201036,8,9.00214234,0.73593799,18,day,1417380.564
423,1,MS,5,hiddenzone,5.44842454,8,1.02783857,0.27534202,18,day,621302.4986
424,1,MS,3,hiddenzone,0.4747872,8,0.24545102,0.02340554,18,day,2221646.081
424,1,MS,4,hiddenzone,14.50006781,8,9.01512567,0.73664622,18,day,1419536.372
424,1,MS,5,hiddenzone,5.46040205,8,1.03485268,0.27739222,18,day,623458.3068
425,1,MS,3,hiddenzone,0.4747872,8,0.24545102,0.02340554,18,day,2223146.081
425,1,MS,4,hiddenzone,14.43009879,8,9.02812671,0.73716747,18,day,1421825.22
425,1,MS,5,hiddenzone,5.47133621,8,1.04192607,0.2794929,18,day,625747.1543
426,1,MS,3,hiddenzone,0.4747872,8,0.24545102,0.02340554,18,day,2224646.081
426,1,MS,4,hiddenzone,14.3642078,8,9.04114799,0.73796108,18,day,1424244.245
426,1,MS,5,hiddenzone,5.48573889,8,1.04906317,0.28181688,18,day,628166.1799
427,1,MS,3,hiddenzone,0.4747872,8,0.24545102,0.02340554,18,day,2226146.081
427,1,MS,4,hiddenzone,14.29350609,8,9.0541898,0.73857408,18,day,1426736.228
427,1,MS,5,hiddenzone,5.49928174,8,1.05626619,0.28414562,18,day,630658.1626
428,1,MS,3,hiddenzone,0.4747872,8,0.24545102,0.02340554,18,day,2227646.081
428,1,MS,4,hiddenzone,14.22605985,8,9.06725359,0.73942811,18,day,1429278.279
428,1,MS,5,hiddenzone,5.51467354,8,1.06353733,0.28662272,18,day,633200.2139
429,1,MS,3,hiddenzone,0.4747872,8,0.24545102,0.02340554,18,day,2229146.081
429,1,MS,4,hiddenzone,14.1540755,8,9.08033945,0.74008096,18,day,1431863.498
429,1,MS,5,hiddenzone,5.52877892,8,1.07087814,0.28907221,18,day,635785.4325
430,1,MS,3,hiddenzone,0.4747872,8,0.24545102,0.02340554,18,day,2230646.081
430,1,MS,4,hiddenzone,14.08434657,8,9.09344854,0.74095882,18,day,1434518.605
430,1,MS,5,hiddenzone,5.54467155,8,1.07829111,0.29168364,18,day,638440.5395
431,1,MS,3,hiddenzone,0.4747872,8,0.24545102,0.02340554,18,night,2232146.081
431,1,MS,4,hiddenzone,14.00963964,8,9.10658165,0.7416294,18,night,1437268.513
431,1,MS,5,hiddenzone,5.55989073,8,1.08577944,0.29431005,18,night,641190.4482
432,1,MS,3,hiddenzone,0.4747872,8,0.24545102,0.02340554,19,night,2233646.081
432,1,MS,4,hiddenzone,14.21246707,8,9.11975482,0.74746034,19,night,1440106.657
432,1,MS,5,hiddenzone,5.68593203,8,1.09335211,0.2990806,19,night,644028.5913
433,1,MS,3,hiddenzone,0.4747872,8,0.24545102,0.02340554,19,night,2235146.081
433,1,MS,4,hiddenzone,14.5342076,8,9.13297646,0.75257277,19,night,1443057.003
433,1,MS,5,hiddenzone,5.86484358,8,1.10101606,0.30372368,19,night,646978.938
434,1,MS,3,hiddenzone,0.4747872,8,0.24545102,0.02340554,19,night,2236646.081
434,1,MS,4,hiddenzone,14.88422583,8,9.14624878,0.75798721,19,night,1446111.531
434,1,MS,5,hiddenzone,6.05951748,8,1.10877552,0.30863043,19,night,650033.4661
435,1,MS,3,hiddenzone,0.4747872,8,0.24545102,0.02340554,19,night,2238146.081
435,1,MS,4,hiddenzone,15.2372242,8,9.15957119,0.76308267,19,night,1449193.471
435,1,MS,5,hiddenzone,6.25869302,8,1.11663169,0.3134833,19,night,653115.4055
436,1,MS,3,hiddenzone,0.4747872,8,0.24545102,0.02340554,19,night,2239646.081
436,1,MS,4,hiddenzone,15.33747683,8,9.17293892,0.76623875,19,night,1452270.254
436,1,MS,5,hiddenzone,6.35714759,8,1.12458327,0.31759008,19,night,656192.1887
437,1,MS,3,hiddenzone,0.4747872,8,0.24545102,0.02340554,19,night,2241146.081
437,1,MS,4,hiddenzone,15.34764389,8,9.18634193,0.76817479,19,night,1455312.858
437,1,MS,5,hiddenzone,6.41703477,8,1.13262594,0.32117959,19,night,659234.7927
438,1,MS,3,hiddenzone,0.4747872,8,0.24545102,0.02340554,19,night,2242646.081
438,1,MS,4,hiddenzone,15.34660488,8,9.19977806,0.77003536,19,night,1458321.621
438,1,MS,5,hiddenzone,6.4719522,8,1.1407586,0.3247343,19,night,662243.5554
439,1,MS,3,hiddenzone,0.4747872,8,0.24545102,0.02340554,19,day,2244146.081
439,1,MS,4,hiddenzone,15.33265704,8,9.21324435,0.77141463,19,day,1461293.545
439,1,MS,5,hiddenzone,6.52096006,8,1.14897952,0.32807688,19,day,665215.4802
440,1,MS,3,hiddenzone,0.4747872,8,0.24545102,0.02340554,19,day,2245646.081
440,1,MS,4,hiddenzone,15.28222436,8,9.22674029,0.77258417,19,day,1464265.47
440,1,MS,5,hiddenzone,6.55471479,8,1.15728919,0.33135498,19,day,668187.4051
441,1,MS,3,hiddenzone,0.4747872,8,0.24545102,0.02340554,19,day,2247146.081
441,1,MS,4,hiddenzone,15.21239784,8,9.24026292,0.77324187,19,day,1467244.063
441,1,MS,5,hiddenzone,6.57985584,8,1.16568703,0.33443657,19,day,671165.9977
442,1,MS,3,hiddenzone,0.4747872,8,0.24545102,0.02340554,19,day,2248646.081
442,1,MS,4,hiddenzone,15.14412864,8,9.25381238,0.77408513,19,day,1470217.654
442,1,MS,5,hiddenzone,6.60533537,8,1.17417356,0.33761249,19,day,674139.5883
443,1,MS,3,hiddenzone,0.4747872,8,0.24545102,0.02340554,19,day,2250146.081
443,1,MS,4,hiddenzone,15.06993513,8,9.26738768,0.7746494,19,day,1473181.262
443,1,MS,5,hiddenzone,6.62777709,8,1.18274874,0.34067506,19,day,677103.1972
444,1,MS,3,hiddenzone,0.4747872,8,0.24545102,0.02340554,19,day,2251646.081
444,1,MS,4,hiddenzone,14.99928737,8,9.28098911,0.77545131,19,day,1476126.649
444,1,MS,5,hiddenzone,6.65116501,8,1.19141269,0.34384277,19,day,680048.5842
445,1,MS,3,hiddenzone,0.4747872,8,0.24545102,0.02340554,19,day,2253146.081
445,1,MS,4,hiddenzone,14.92312938,8,9.29461579,0.77598636,19,day,1479076.996
445,1,MS,5,hiddenzone,6.67191021,8,1.20016572,0.34691424,19,day,682998.9308
446,1,MS,3,hiddenzone,0.4747872,8,0.24545102,0.02340554,19,day,2254646.081
446,1,MS,4,hiddenzone,14.85395807,8,9.3082685,0.77675343,19,day,1482017.431
446,1,MS,5,hiddenzone,6.69530545,8,1.20900855,0.35009744,19,day,685939.3655
447,1,MS,3,hiddenzone,0.4747872,8,0.24545102,0.02340554,19,day,2256146.081
447,1,MS,4,hiddenzone,14.78045577,8,9.32194467,0.77724813,19,day,1484850.783
447,1,MS,5,hiddenzone,6.71448838,8,1.21793751,0.35307053,19,day,688772.7181
448,1,MS,3,hiddenzone,0.4747872,8,0.24545102,0.02340554,19,day,2257646.081
448,1,MS,4,hiddenzone,14.71503459,8,9.33564388,0.77796738,19,day,1487543.756
448,1,MS,5,hiddenzone,6.73442285,8,1.22694907,0.35602243,19,day,691465.6911
449,1,MS,3,hiddenzone,0.4747872,8,0.24545102,0.02340554,19,day,2259146.081
449,1,MS,4,hiddenzone,14.64596252,8,9.34936373,0.77842329,19,day,1490126.038
449,1,MS,5,hiddenzone,6.75039217,8,1.23603947,0.35875911,19,day,694047.9731
450,1,MS,3,hiddenzone,0.4747872,8,0.24545102,0.02340554,19,day,2260646.081
450,1,MS,4,hiddenzone,14.58169188,8,9.3631031,0.77900603,19,day,1492612.299
450,1,MS,5,hiddenzone,6.76654667,8,1.24520585,0.3614732,19,day,696534.2336
451,1,MS,3,hiddenzone,0.4747872,8,0.24545102,0.02340554,19,day,2262146.081
451,1,MS,4,hiddenzone,14.5160371,8,9.37686035,0.77939493,19,day,1494996.992
451,1,MS,5,hiddenzone,6.77994236,8,1.25444505,0.36400852,19,day,698918.9266
452,1,MS,3,hiddenzone,0.4747872,8,0.24545102,0.02340554,19,day,2263646.081
452,1,MS,4,hiddenzone,14.45332557,8,9.39063506,0.78002453,19,day,1497282.978
452,1,MS,5,hiddenzone,6.79266415,8,1.26375444,0.36656939,19,day,701204.913
453,1,MS,3,hiddenzone,0.4747872,8,0.24545102,0.02340554,19,day,2265146.081
453,1,MS,4,hiddenzone,14.38697741,8,9.40442558,0.78044838,19,day,1499483.133
453,1,MS,5,hiddenzone,6.80186055,8,1.27313114,0.36895842,19,day,703405.0677
454,1,MS,3,hiddenzone,0.4747872,8,0.24545102,0.02340554,19,day,2266646.081
454,1,MS,4,hiddenzone,14.3178608,8,9.4182332,0.78118305,19,day,1501729.065
454,1,MS,5,hiddenzone,6.81033719,8,1.28257732,0.3715509,19,day,705650.9993
455,1,MS,3,hiddenzone,0.4747872,8,0.24545102,0.02340554,19,night,2268146.081
455,1,MS,4,hiddenzone,14.24240115,8,9.43205971,0.78173329,19,night,1504159.534
455,1,MS,5,hiddenzone,6.81889314,8,1.29209944,0.37425187,19,night,708081.4692
456,1,MS,3,hiddenzone,0.4747872,8,0.24545102,0.02340554,20,night,2269646.081
456,1,MS,4,hiddenzone,14.79854151,8,9.44592962,0.79026462,20,night,1506780.23
456,1,MS,5,hiddenzone,7.13096358,8,1.30171508,0.38097202,20,night,710702.1649
457,1,MS,3,hiddenzone,0.4747872,8,0.24545102,0.02340554,20,night,2271146.081
457,1,MS,4,hiddenzone,15.61827993,8,9.45986159,0.79880173,20,night,1509619.972
457,1,MS,5,hiddenzone,7.58361038,8,1.31144042,0.38802639,20,night,713541.9064
458,1,MS,3,hiddenzone,0.4747872,8,0.24545102,0.02340554,20,night,2272646.081
458,1,MS,4,hiddenzone,16.49734946,8,9.47386034,0.80782212,20,night,1512628.734
458,1,MS,5,hiddenzone,8.0750541,8,1.32128349,0.39556744,20,night,716550.6691
459,1,MS,3,hiddenzone,0.4747872,8,0.24545102,0.02340554,20,night,2274146.081
459,1,MS,4,hiddenzone,17.38644319,8,9.48792501,0.81634716,20,night,1515705.518
459,1,MS,5,hiddenzone,8.58002419,8,1.3312468,0.40301889,20,night,719627.4523
460,1,MS,3,hiddenzone,0.4747872,8,0.24545102,0.02340554,20,night,2275646.081
460,1,MS,4,hiddenzone,17.7925354,8,9.50204556,0.82174277,20,night,1518689.12
460,1,MS,5,hiddenzone,8.85312432,8,1.34132372,0.40891778,20,night,722611.0545
461,1,MS,3,hiddenzone,0.4747872,8,0.24545102,0.02340554,20,night,2277146.081
461,1,MS,4,hiddenzone,18.04052727,8,9.51620746,0.8253995,20,night,1521503.383
461,1,MS,5,hiddenzone,9.04327726,8,1.35150237,0.41379038,20,night,725425.3175
462,1,MS,3,hiddenzone,0.4747872,8,0.24545102,0.02340554,20,night,2278646.081
462,1,MS,4,hiddenzone,18.27155068,8,9.53040498,0.82880282,20,night,1524164.516
462,1,MS,5,hiddenzone,9.22329849,8,1.36177608,0.41840778,20,night,728086.4505
463,1,MS,3,hiddenzone,0.4747872,8,0.24545102,0.02340554,20,day,2280146.081
463,1,MS,4,hiddenzone,18.48813911,8,9.54463477,0.83175784,20,day,1526733.747
463,1,MS,5,hiddenzone,9.39558221,8,1.37214082,0.42272987,20,day,730655.6818
464,1,MS,3,hiddenzone,0.4747872,8,0.24545102,0.02340554,20,day,2281646.081
464,1,MS,4,hiddenzone,18.5116523,8,9.55889247,0.83336824,20,day,1529238.605
464,1,MS,5,hiddenzone,9.47053622,8,1.38259318,0.42633403,20,day,733160.5393
465,1,MS,3,hiddenzone,0.4747872,8,0.24545102,0.02340554,20,day,2283146.081
465,1,MS,4,hiddenzone,18.46971286,8,9.57317124,0.83408012,20,day,1531674.797
465,1,MS,5,hiddenzone,9.50908143,8,1.39312784,0.42940676,20,day,735596.7313
466,1,MS,3,hiddenzone,0.4747872,8,0.24545102,0.02340554,20,day,2284646.081
466,1,MS,4,hiddenzone,18.42015679,8,9.58746877,0.8347531,20,day,1534030.879
466,1,MS,5,hiddenzone,9.5416493,8,1.40374154,0.43238408,20,day,737952.8137
467,1,MS,3,hiddenzone,0.4747872,8,0.24545102,0.02340554,20,day,2286146.081
467,1,MS,4,hiddenzone,18.36078259,8,9.60178268,0.83510533,20,day,1536319.726
467,1,MS,5,hiddenzone,9.56731649,8,1.41443128,0.43513092,20,day,740241.6612
468,1,MS,3,hiddenzone,0.4747872,8,0.24545102,0.02340554,20,day,2287646.081
468,1,MS,4,hiddenzone,18.30298856,8,9.61611236,0.83564724,20,day,1538515.589
468,1,MS,5,hiddenzone,9.59130865,8,1.42519423,0.43788309,20,day,742437.5242
469,1,MS,3,hiddenzone,0.4747872,8,0.24545102,0.02340554,20,day,2289146.081
469,1,MS,4,hiddenzone,18.23854117,8,9.6304554,0.83595365,20,day,1540607.024
469,1,MS,5,hiddenzone,9.60903712,8,1.43602607,0.44040297,20,day,744528.9586
470,1,MS,3,hiddenzone,0.4747872,8,0.24545102,0.02340554,20,day,2290646.081
470,1,MS,4,hiddenzone,18.17885963,8,9.64481192,0.836453,20,day,1542608.621
470,1,MS,5,hiddenzone,9.62683836,8,1.44692451,0.44293159,20,day,746530.5557
471,1,MS,3,hiddenzone,0.4747872,8,0.24545102,0.02340554,20,day,2292146.081
471,1,MS,4,hiddenzone,18.11549242,8,9.65917976,0.83677597,20,day,1544546.13
471,1,MS,5,hiddenzone,9.64092515,8,1.45788644,0.44530081,20,day,748468.0651
472,1,MS,3,hiddenzone,0.4747872,8,0.24545102,0.02340554,20,day,2293646.081
472,1,MS,4,hiddenzone,18.05669365,8,9.67355965,0.83725165,20,day,1546450.451
472,1,MS,5,hiddenzone,9.6563935,8,1.4689116,0.44772342,20,day,750372.3862
473,1,MS,3,hiddenzone,0.4747872,8,0.24545102,0.02340554,20,day,2295146.081
473,1,MS,4,hiddenzone,17.99532107,8,9.68795079,0.83755284,20,day,1548317.579
473,1,MS,5,hiddenzone,9.66939019,8,1.47999867,0.45001564,20,day,752239.5136
474,1,MS,3,hiddenzone,0.4747872,8,0.24545102,0.02340554,20,day,2296646.081
474,1,MS,4,hiddenzone,17.93774133,8,9.70235199,0.83799618,20,day,1550105.169
474,1,MS,5,hiddenzone,9.68227125,8,1.49114454,0.45230133,20,day,754027.1034
475,1,MS,3,hiddenzone,0.4747872,8,0.24545102,0.02340554,20,day,2298146.081
475,1,MS,4,hiddenzone,17.87581624,8,9.71676196,0.83824273,20,day,1551822.09
475,1,MS,5,hiddenzone,9.69088175,8,1.50234649,0.45440576,20,day,755744.0252
476,1,MS,3,hiddenzone,0.4747872,8,0.24545102,0.02340554,20,day,2299646.081
476,1,MS,4,hiddenzone,17.82107564,8,9.73118134,0.83875016,20,day,1553502.104
476,1,MS,5,hiddenzone,9.66398717,8,1.51355416,0.45481081,20,day,757424.0392
477,1,MS,3,hiddenzone,0.4747872,8,0.24545102,0.02340554,20,day,2301146.081
477,1,MS,4,hiddenzone,17.76184854,8,9.74560914,0.83909916,20,day,1555145.783
477,1,MS,5,hiddenzone,9.63456624,8,1.52476689,0.45512772,20,day,759067.7178
478,1,MS,3,hiddenzone,0.4747872,8,0.24545102,0.02340554,20,day,2302646.081
478,1,MS,4,hiddenzone,17.70194284,8,9.76004615,0.83967032,20,day,1556834.094
478,1,MS,5,hiddenzone,9.60483852,8,1.53598512,0.45556808,20,day,760756.0289
479,1,MS,3,hiddenzone,0.4747872,8,0.24545102,0.02340554,20,night,2304146.081
479,1,MS,4,hiddenzone,17.63586608,8,9.77449497,0.84011421,20,night,1558723.252
479,1,MS,5,hiddenzone,9.57204538,8,1.5472108,0.45595544,20,night,762645.1864
480,1,MS,3,hiddenzone,0.4747872,8,0.24545102,0.02340554,21,night,2305646.081
480,1,MS,4,hiddenzone,18.27826933,8,9.78897854,0.84825634,21,night,1560861.894
480,1,MS,5,hiddenzone,9.91859108,8,1.55845664,0.46049927,21,night,764783.8283
481,1,MS,3,hiddenzone,0.4747872,8,0.24545102,0.02340554,21,night,2307146.081
481,1,MS,4,hiddenzone,19.17543889,8,9.80351326,0.85632846,21,night,1563227.99
481,1,MS,5,hiddenzone,10.40992081,8,1.56973233,0.46507254,21,night,767149.9244
482,1,MS,3,hiddenzone,0.4747872,8,0.24545102,0.02340554,21,night,2308646.081
482,1,MS,4,hiddenzone,20.13158469,8,9.81810486,0.86486585,21,night,1565742.861
482,1,MS,5,hiddenzone,10.93373086,8,1.58104113,0.46991013,21,night,769664.7955
483,1,MS,3,hiddenzone,0.4747872,8,0.24545102,0.02340554,21,night,2310146.081
483,1,MS,4,hiddenzone,21.10236411,8,9.83275094,0.87302614,21,night,1568314.953
483,1,MS,5,hiddenzone,11.46597719,8,1.59238208,0.47454939,21,night,772236.8879
484,1,MS,3,hiddenzone,0.4747872,8,0.24545102,0.02340554,21,night,2311646.081
484,1,MS,4,hiddenzone,21.5307058,8,9.84744399,0.87794043,21,night,1570834.116
484,1,MS,5,hiddenzone,11.7078722,8,1.603751,0.47745028,21,night,774756.0506
485,1,MS,3,hiddenzone,0.4747872,8,0.24545102,0.02340554,21,night,2313146.081
485,1,MS,4,hiddenzone,21.80115662,8,9.8621702,0.88127866,21,night,1573231.684
485,1,MS,5,hiddenzone,11.85969114,8,1.61513988,0.47945449,21,night,777153.6184
486,1,MS,3,hiddenzone,0.4747872,8,0.24545102,0.02340554,21,night,2314646.081
486,1,MS,4,hiddenzone,22.05539197,8,9.87692481,0.88435418,21,night,1575507.656
486,1,MS,5,hiddenzone,12.00255923,8,1.62654622,0.4813086,21,night,779429.5911
487,1,MS,3,hiddenzone,0.4747872,8,0.24545102,0.02340554,21,day,2316146.081
487,1,MS,4,hiddenzone,22.29231964,8,9.89170465,0.88695143,21,day,1577702.089
487,1,MS,5,hiddenzone,12.13596126,8,1.63796786,0.48289678,21,day,781624.0236
488,1,MS,3,hiddenzone,0.4747872,8,0.24545102,0.02340554,21,day,2317646.081
488,1,MS,4,hiddenzone,22.31996567,8,9.90650616,0.88836025,21,day,1579827.856
488,1,MS,5,hiddenzone,12.15697837,8,1.64940288,0.48384481,21,day,783749.7907
489,1,MS,3,hiddenzone,0.4747872,8,0.24545102,0.02340554,21,day,2319146.081
489,1,MS,4,hiddenzone,22.28486975,8,9.92132298,0.88894721,21,day,1581917.86
489,1,MS,5,hiddenzone,12.14192193,8,1.66084752,0.48432943,21,day,785839.7946
490,1,MS,3,hiddenzone,0.4747872,8,0.24545102,0.02340554,21,day,2320646.081
490,1,MS,4,hiddenzone,22.23915527,8,9.93615426,0.88953831,21,day,1583967.809
490,1,MS,5,hiddenzone,12.12122178,8,1.67230143,0.48481363,21,day,787889.7436
491,1,MS,3,hiddenzone,0.4747872,8,0.24545102,0.02340554,21,day,2322146.081
491,1,MS,4,hiddenzone,22.1829842,8,9.95099798,0.88984259,21,day,1585976.272
491,1,MS,5,hiddenzone,12.0945996,8,1.68376332,0.48513801,21,day,789898.2073
492,1,MS,3,hiddenzone,0.4747872,8,0.24545102,0.02340554,21,day,2323646.081
492,1,MS,4,hiddenzone,22.12857817,8,9.96585424,0.89031933,21,day,1587962.706
492,1,MS,5,hiddenzone,12.06885669,8,1.69523321,0.48555479,21,day,791884.6408
493,1,MS,3,hiddenzone,0.4747872,8,0.24545102,0.02340554,21,day,2325146.081
493,1,MS,4,hiddenzone,22.06681604,8,9.98072232,0.89060247,21,day,1589937.123
493,1,MS,5,hiddenzone,12.03904548,8,1.70671069,0.48586454,21,day,793859.0578
494,1,MS,3,hiddenzone,0.4747872,8,0.24545102,0.02340554,21,day,2326646.081
494,1,MS,4,hiddenzone,22.00741477,8,9.99560272,0.89110241,21,day,1591892.943
494,1,MS,5,hiddenzone,12.01044814,8,1.71819604,0.48629126,21,day,795814.878
495,1,MS,3,hiddenzone,0.4747872,8,0.24545102,0.02340554,21,day,2328146.081
495,1,MS,4,hiddenzone,21.94178289,8,10.01049429,0.89141278,21,day,1593808.995
495,1,MS,5,hiddenzone,11.97834592,8,1.72968847,0.48661091,21,day,797730.9294
496,1,MS,3,hiddenzone,0.4747872,8,0.24545102,0.02340554,21,day,2329646.081
496,1,MS,4,hiddenzone,21.88011409,8,10.02539753,0.89191676,21,day,1595723.902
496,1,MS,5,hiddenzone,11.94837094,8,1.74118828,0.4870362,21,day,799645.8365
497,1,MS,3,hiddenzone,0.4747872,8,0.24545102,0.02340554,21,day,2331146.081
497,1,MS,4,hiddenzone,21.80397824,8,10.04031098,0.89202825,21,day,1597656.547
497,1,MS,5,hiddenzone,11.91050269,8,1.75269462,0.48724814,21,day,801578.482
498,1,MS,3,hiddenzone,0.4747872,8,0.24545102,0.02340554,21,day,2332646.081
498,1,MS,4,hiddenzone,21.7434365,8,10.05523743,0.89263408,21,day,1599624.384
498,1,MS,5,hiddenzone,11.8811759,8,1.76420925,0.48773274,21,day,803546.3187
499,1,MS,3,hiddenzone,0.4747872,8,0.24545102,0.02340554,21,day,2334146.081
499,1,MS,4,hiddenzone,21.67539082,8,10.07017625,0.89300593,21,day,1601622.548
499,1,MS,5,hiddenzone,11.84778306,8,1.7757318,0.4880914,21,day,805544.4825
500,1,MS,3,hiddenzone,0.4747872,8,0.24545102,0.02340554,21,day,2335646.081
500,1,MS,4,hiddenzone,21.61298193,8,10.08512845,0.89357392,21,day,1603642.456
500,1,MS,5,hiddenzone,11.81747286,8,1.78726291,0.48855903,21,day,807564.3904
501,1,MS,3,hiddenzone,0.4747872,8,0.24545102,0.02340554,21,day,2337146.081
501,1,MS,4,hiddenzone,21.54523688,8,10.10009344,0.89394761,21,day,1605692.405
501,1,MS,5,hiddenzone,11.78427638,8,1.79880223,0.48892225,21,day,809614.3394
502,1,MS,3,hiddenzone,0.4747872,8,0.24545102,0.02340554,21,day,2338646.081
502,1,MS,4,hiddenzone,21.48241227,8,10.11507232,0.89452279,21,day,1607779.547
502,1,MS,5,hiddenzone,11.75380291,8,1.81035044,0.48939866,21,day,811701.4822
503,1,MS,3,hiddenzone,0.4747872,8,0.24545102,0.02340554,21,night,2340146.081
503,1,MS,4,hiddenzone,21.41472807,8,10.13006505,0.89491221,21,night,1609898.162
503,1,MS,5,hiddenzone,11.72069612,8,1.82190763,0.48977531,21,night,813820.0967
504,1,MS,3,hiddenzone,0.4747872,8,0.24545102,0.02340554,22,night,2341646.081
504,1,MS,4,hiddenzone,21.64492391,8,10.14508524,0.89982779,22,night,1612081.15
504,1,MS,5,hiddenzone,11.84795092,8,1.8334813,0.49261721,22,night,816003.085
505,1,MS,3,hiddenzone,0.4747872,8,0.24545102,0.02340554,22,night,2343146.081
505,1,MS,4,hiddenzone,21.97257609,8,10.16013593,0.9034961,22,night,1614352.831
505,1,MS,5,hiddenzone,12.03162925,8,1.84507342,0.49480238,22,night,818274.7661
506,1,MS,3,hiddenzone,0.4747872,8,0.24545102,0.02340554,22,night,2344646.081
506,1,MS,4,hiddenzone,22.32429538,8,10.17521774,0.90736655,22,night,1616647.401
506,1,MS,5,hiddenzone,12.22864421,8,1.85668433,0.49710159,22,night,820569.3357
507,1,MS,3,hiddenzone,0.4747872,8,0.24545102,0.02340554,22,night,2346146.081
507,1,MS,4,hiddenzone,22.67581107,8,10.19033003,0.91095083,22,night,1618966.29
507,1,MS,5,hiddenzone,12.42569965,8,1.86831375,0.49924632,22,night,822888.2243
508,1,MS,3,hiddenzone,0.4747872,8,0.24545102,0.02340554,22,night,2347646.081
508,1,MS,4,hiddenzone,22.8744916,8,10.20547092,0.91368935,22,night,1621292.331
508,1,MS,5,hiddenzone,12.54052008,8,1.87996047,0.50093888,22,night,825214.2656
509,1,MS,3,hiddenzone,0.4747872,8,0.24545102,0.02340554,22,night,2349146.081
509,1,MS,4,hiddenzone,23.03097819,8,10.22063567,0.91586878,22,night,1623538.262
509,1,MS,5,hiddenzone,12.63066339,8,1.8916221,0.50230753,22,night,827460.1971
510,1,MS,3,hiddenzone,0.4747872,8,0.24545102,0.02340554,22,night,2350646.081
510,1,MS,4,hiddenzone,23.18540859,8,10.23582209,0.91808945,22,night,1625645.433
510,1,MS,5,hiddenzone,12.71952481,8,1.90329694,0.50368984,22,night,829567.3674
511,1,MS,3,hiddenzone,0.4747872,8,0.24545102,0.02340554,22,day,2352146.081
511,1,MS,4,hiddenzone,23.33158127,8,10.25102821,0.91998701,22,day,1627696.812
511,1,MS,5,hiddenzone,12.80377605,8,1.91498379,0.5048904,22,day,831618.7469
512,1,MS,3,hiddenzone,0.4747872,8,0.24545102,0.02340554,22,day,2353646.081
512,1,MS,4,hiddenzone,23.32606186,8,10.26625224,0.92107776,22,day,1629735.317
512,1,MS,5,hiddenzone,12.80625321,8,1.92668179,0.50565773,22,day,833657.2517
513,1,MS,3,hiddenzone,0.4747872,8,0.24545102,0.02340554,22,day,2355146.081
513,1,MS,4,hiddenzone,23.27343187,8,10.28149011,0.92156067,22,day,1631763.808
513,1,MS,5,hiddenzone,12.78132073,8,1.93838858,0.50607923,22,day,835685.7428
514,1,MS,3,hiddenzone,0.4747872,8,0.24545102,0.02340554,22,day,2356646.081
514,1,MS,4,hiddenzone,23.21722044,8,10.29674097,0.922083,22,day,1633789.438
514,1,MS,5,hiddenzone,12.75441913,8,1.95010361,0.50652274,22,day,837711.3728
515,1,MS,3,hiddenzone,0.4747872,8,0.24545102,0.02340554,22,day,2358146.081
515,1,MS,4,hiddenzone,23.15135822,8,10.31200404,0.92231005,22,day,1635823.651
515,1,MS,5,hiddenzone,12.72219502,8,1.96182658,0.50680454,22,day,839745.586
516,1,MS,3,hiddenzone,0.4747872,8,0.24545102,0.02340554,22,day,2359646.081
516,1,MS,4,hiddenzone,23.08945503,8,10.32728007,0.92278476,22,day,1637880.753
516,1,MS,5,hiddenzone,12.69215996,8,1.9735579,0.50722385,22,day,841802.6877
517,1,MS,3,hiddenzone,0.4747872,8,0.24545102,0.02340554,22,day,2361146.081
517,1,MS,4,hiddenzone,23.02023266,8,10.34256871,0.9230513,22,day,1639963.604
517,1,MS,5,hiddenzone,12.65811725,8,1.98529738,0.50753058,22,day,843885.5389
518,1,MS,3,hiddenzone,0.4747872,8,0.24545102,0.02340554,22,day,2362646.081
518,1,MS,4,hiddenzone,22.95830887,8,10.35787149,0.92360138,22,day,1642075.066
518,1,MS,5,hiddenzone,12.62810536,8,1.99704601,0.50799511,22,day,845997.0007
519,1,MS,3,hiddenzone,0.4747872,8,0.24545102,0.02340554,22,day,2364146.081
519,1,MS,4,hiddenzone,22.88865005,8,10.37318753,0.92390742,22,day,1644209.416
519,1,MS,5,hiddenzone,12.59385888,8,2.00880326,0.50832641,22,day,848131.3509
520,1,MS,3,hiddenzone,0.4747872,8,0.24545102,0.02340554,22,day,2365646.081
520,1,MS,4,hiddenzone,22.82567821,8,10.38851734,0.92442156,22,day,1646309.434
520,1,MS,5,hiddenzone,12.56317358,8,2.02056941,0.50877034,22,day,850231.3685
521,1,MS,3,hiddenzone,0.4747872,8,0.24545102,0.02340554,22,day,2367146.081
521,1,MS,4,hiddenzone,22.75771587,8,10.40385926,0.92471931,22,day,1648340.786
521,1,MS,5,hiddenzone,12.52959266,8,2.03234336,0.50908909,22,day,852262.7206
522,1,MS,3,hiddenzone,0.4747872,8,0.24545102,0.02340554,22,day,2368646.081
522,1,MS,4,hiddenzone,22.69576113,8,10.41921307,0.92521191,22,day,1650292.028
522,1,MS,5,hiddenzone,12.49913582,8,2.04412486,0.50950907,22,day,854213.9631
523,1,MS,3,hiddenzone,0.4747872,8,0.24545102,0.02340554,22,day,2370146.081
523,1,MS,4,hiddenzone,22.63033612,8,10.43457615,0.92551007,22,day,1652093.351
523,1,MS,5,hiddenzone,12.46646793,8,2.05591212,0.50980992,22,day,856015.2861
524,1,MS,3,hiddenzone,0.4747872,8,0.24545102,0.02340554,22,day,2371646.081
524,1,MS,4,hiddenzone,22.57108636,8,10.4499474,0.92596754,22,day,1653761.635
524,1,MS,5,hiddenzone,12.43692213,8,2.06770429,0.51018907,22,day,857683.5698
525,1,MS,3,hiddenzone,0.4747872,8,0.24545102,0.02340554,22,day,2373146.081
525,1,MS,4,hiddenzone,22.50722062,8,10.46532531,0.92623515,22,day,1655348.665
525,1,MS,5,hiddenzone,12.40465685,8,2.07950036,0.51045741,22,day,859270.5994
526,1,MS,3,hiddenzone,0.4747872,8,0.24545102,0.02340554,22,day,2374646.081
526,1,MS,4,hiddenzone,22.44549077,8,10.48071063,0.92670029,22,day,1656955.722
526,1,MS,5,hiddenzone,12.37359719,8,2.09130081,0.51083531,22,day,860877.6565
527,1,MS,3,hiddenzone,0.4747872,8,0.24545102,0.02340554,22,night,2376146.081
527,1,MS,4,hiddenzone,22.37774738,8,10.49610333,0.92700735,22,night,1658629.728
527,1,MS,5,hiddenzone,12.33931105,8,2.10310565,0.51113181,22,night,862551.6623
528,1,MS,3,hiddenzone,0.4747872,8,0.24545102,0.02340554,23,night,2377646.081
528,1,MS,4,hiddenzone,22.71786802,8,10.51151945,0.93232772,23,night,1660463.667
528,1,MS,5,hiddenzone,12.52604916,8,2.11492407,0.51417584,23,night,864385.6013
529,1,MS,3,hiddenzone,0.4747872,8,0.24545102,0.02340554,23,night,2379146.081
529,1,MS,4,hiddenzone,23.18749684,8,10.52696441,0.93685015,23,night,1662375.14
529,1,MS,5,hiddenzone,12.78871692,8,2.12675927,0.51681819,23,night,866297.0751
530,1,MS,3,hiddenzone,0.4747872,8,0.24545102,0.02340554,23,night,2380646.081
530,1,MS,4,hiddenzone,23.68538435,8,10.54244015,0.94164627,23,night,1664356.424
530,1,MS,5,hiddenzone,13.06715508,8,2.13861246,0.51961672,23,night,868278.3587
531,1,MS,3,hiddenzone,0.4747872,8,0.24545102,0.02340554,23,night,2382146.081
531,1,MS,4,hiddenzone,24.18702328,8,10.55794644,0.94621367,23,night,1666369.179
531,1,MS,5,hiddenzone,13.34787592,8,2.15048356,0.52229235,23,night,870291.1139
532,1,MS,3,hiddenzone,0.4747872,8,0.24545102,0.02340554,23,night,2383646.081
532,1,MS,4,hiddenzone,24.34234843,8,10.57347806,0.94874083,23,night,1668348.174
532,1,MS,5,hiddenzone,13.44092588,8,2.16236979,0.52386437,23,night,872270.1087
533,1,MS,3,hiddenzone,0.4747872,8,0.24545102,0.02340554,23,night,2385146.081
533,1,MS,4,hiddenzone,24.4050088,8,10.58902691,0.95028726,23,night,1670259.075
533,1,MS,5,hiddenzone,13.47924209,8,2.17426639,0.52486272,23,night,874181.0102
534,1,MS,3,hiddenzone,0.4747872,8,0.24545102,0.02340554,23,night,2386646.081
534,1,MS,4,hiddenzone,24.45680933,8,10.60459028,0.95167844,23,night,1672082.715
534,1,MS,5,hiddenzone,13.51145541,8,2.18617172,0.52577031,23,night,876004.6495
535,1,MS,3,hiddenzone,0.4747872,8,0.24545102,0.02340554,23,day,2388146.081
535,1,MS,4,hiddenzone,24.49839473,8,10.62016541,0.95273119,23,day,1673817.089
535,1,MS,5,hiddenzone,13.53786291,8,2.19808402,0.52648413,23,day,877739.0236
536,1,MS,3,hiddenzone,0.4747872,8,0.24545102,0.02340554,23,day,2389646.081
536,1,MS,4,hiddenzone,24.46695512,8,10.63575138,0.95345733,23,day,1675488.52
536,1,MS,5,hiddenzone,13.52461539,8,2.21000288,0.52701858,23,day,879410.4545
537,1,MS,3,hiddenzone,0.4747872,8,0.24545102,0.02340554,23,day,2391146.081
537,1,MS,4,hiddenzone,24.41015779,8,10.65134558,0.95375338,23,day,1677168.248
537,1,MS,5,hiddenzone,13.49650809,8,2.22192674,0.52730945,23,day,881090.1824
538,1,MS,3,hiddenzone,0.4747872,8,0.24545102,0.02340554,23,day,2392646.081
538,1,MS,4,hiddenzone,24.35337577,8,10.66694709,0.9541129,23,day,1678823.371
538,1,MS,5,hiddenzone,13.46834264,8,2.23385492,0.52763432,23,day,882745.3053
539,1,MS,3,hiddenzone,0.4747872,8,0.24545102,0.02340554,23,day,2394146.081
539,1,MS,4,hiddenzone,24.29113448,8,10.68255499,0.95427973,23,day,1680412.403
539,1,MS,5,hiddenzone,13.43700522,8,2.24578694,0.52784722,23,day,884334.3376
540,1,MS,3,hiddenzone,0.4747872,8,0.24545102,0.02340554,23,day,2395646.081
540,1,MS,4,hiddenzone,24.23112419,8,10.69816931,0.95461277,23,day,1682005.727
540,1,MS,5,hiddenzone,13.4068932,8,2.25772272,0.52815308,23,day,885927.6616
541,1,MS,3,hiddenzone,0.4747872,8,0.24545102,0.02340554,23,day,2397146.081
541,1,MS,4,hiddenzone,24.16620802,8,10.71378961,0.95479013,23,day,1683597.048
541,1,MS,5,hiddenzone,13.37403881,8,2.26966202,0.52837161,23,day,887518.9828
542,1,MS,3,hiddenzone,0.4747872,8,0.24545102,0.02340554,23,day,2398646.081
542,1,MS,4,hiddenzone,24.10206889,8,10.72941618,0.95505589,23,day,1685200.386
542,1,MS,5,hiddenzone,13.34161281,8,2.281605,0.5286401,23,day,889122.3205
543,1,MS,3,hiddenzone,0.4747872,8,0.24545102,0.02340554,23,day,2400146.081
543,1,MS,4,hiddenzone,24.03708116,8,10.74504887,0.95526087,23,day,1686806.012
543,1,MS,5,hiddenzone,13.30870174,8,2.2935516,0.52887447,23,day,890727.947
544,1,MS,3,hiddenzone,0.4747872,8,0.24545102,0.02340554,23,day,2401646.081
544,1,MS,4,hiddenzone,23.97622759,8,10.7606886,0.95563603,23,day,1688396.189
544,1,MS,5,hiddenzone,13.27801845,8,2.3055024,0.5292024,23,day,892318.1238
545,1,MS,3,hiddenzone,0.4747872,8,0.24545102,0.02340554,23,day,2403146.081
545,1,MS,4,hiddenzone,23.91113097,8,10.77633431,0.95585214,23,day,1689968.341
545,1,MS,5,hiddenzone,13.24493842,8,2.3174567,0.52944027,23,day,893890.2759
546,1,MS,3,hiddenzone,0.4747872,8,0.24545102,0.02340554,23,day,2404646.081
546,1,MS,4,hiddenzone,23.85022831,8,10.79198608,0.95622673,23,day,1691523.041
546,1,MS,5,hiddenzone,13.21412331,8,2.32941447,0.52976484,23,day,895444.9755
547,1,MS,3,hiddenzone,0.4747872,8,0.24545102,0.02340554,23,day,2406146.081
547,1,MS,4,hiddenzone,23.78583548,8,10.80764362,0.9564549,23,day,1693064.007
547,1,MS,5,hiddenzone,13.18133533,8,2.34137558,0.53000662,23,day,896985.9421
548,1,MS,3,hiddenzone,0.4747872,8,0.24545102,0.02340554,23,day,2407646.081
548,1,MS,4,hiddenzone,23.72640315,8,10.8233069,0.95683032,23,day,1694576.077
548,1,MS,5,hiddenzone,13.15121236,8,2.35333994,0.53032832,23,day,898498.012
549,1,MS,3,hiddenzone,0.4747872,8,0.24545102,0.02340554,23,day,2409146.081
549,1,MS,4,hiddenzone,23.6630859,8,10.83897465,0.95704672,23,day,1696037.506
549,1,MS,5,hiddenzone,13.11882852,8,2.36530671,0.53055775,23,day,899959.4411
550,1,MS,3,hiddenzone,0.4747872,8,0.24545102,0.02340554,23,day,2410646.081
550,1,MS,4,hiddenzone,23.60287468,8,10.85464691,0.95743471,23,day,1697465.175
550,1,MS,5,hiddenzone,13.08808802,8,2.37727582,0.53087975,23,day,901387.1097
551,1,MS,3,hiddenzone,0.4747872,8,0.24545102,0.02340554,23,night,2412146.081
551,1,MS,4,hiddenzone,23.538321,8,10.87032391,0.95768214,23,night,1698905.146
551,1,MS,5,hiddenzone,13.05493412,8,2.38924755,0.5311249,23,night,902827.0809
552,1,MS,3,hiddenzone,0.4747872,8,0.24545102,0.02340554,24,night,2413646.081
552,1,MS,4,hiddenzone,23.93424643,8,10.88602031,0.96319823,24,night,1700459.56
552,1,MS,5,hiddenzone,13.27255238,8,2.40122997,0.53426704,24,night,904381.4944
553,1,MS,3,hiddenzone,0.4747872,8,0.24545102,0.02340554,24,night,2415146.081
553,1,MS,4,hiddenzone,24.4706127,8,10.90174332,0.9680888,24,night,1702143.865
553,1,MS,5,hiddenzone,13.57336433,8,2.41322764,0.53711008,24,night,906065.8
554,1,MS,3,hiddenzone,0.4747872,8,0.24545102,0.02340554,24,night,2416646.081
554,1,MS,4,hiddenzone,25.03761086,8,10.91749594,0.97324953,24,night,1703915.147
554,1,MS,5,hiddenzone,13.89132136,8,2.42524216,0.54010875,24,night,907837.0819
555,1,MS,3,hiddenzone,0.4747872,8,0.24545102,0.02340554,24,night,2418146.081
555,1,MS,4,hiddenzone,25.60871579,8,10.93327759,0.97818062,24,night,1705704.74
555,1,MS,5,hiddenzone,14.21166121,8,2.4372733,0.54298102,24,night,909626.6745
556,1,MS,3,hiddenzone,0.4747872,8,0.24545102,0.02340554,24,night,2419646.081
556,1,MS,4,hiddenzone,25.83369805,8,10.94908277,0.98090625,24,night,1707498.91
556,1,MS,5,hiddenzone,14.34380626,8,2.44931834,0.54465886,24,night,911420.8448
557,1,MS,3,hiddenzone,0.4747872,8,0.24545102,0.02340554,24,night,2421146.081
557,1,MS,4,hiddenzone,25.96809013,8,10.96490226,0.98265706,24,night,1709121.989
557,1,MS,5,hiddenzone,14.42160794,8,2.46137155,0.54575147,24,night,913043.9238
558,1,MS,3,hiddenzone,0.4747872,8,0.24545102,0.02340554,24,night,2422646.081
558,1,MS,4,hiddenzone,26.09483721,8,10.98073232,0.98412961,24,night,1710559.671
558,1,MS,5,hiddenzone,14.49487152,8,2.47343073,0.54667877,24,night,914481.6061
559,1,MS,3,hiddenzone,0.4747872,8,0.24545102,0.02340554,24,day,2424146.081
559,1,MS,4,hiddenzone,26.21288176,8,10.99656841,0.98523582,24,day,1711815.104
559,1,MS,5,hiddenzone,14.56302237,8,2.48549275,0.54738823,24,day,915737.039
560,1,MS,3,hiddenzone,0.4747872,8,0.24545102,0.02340554,24,day,2425646.081
560,1,MS,4,hiddenzone,26.20892601,8,11.01240716,0.98573142,24,day,1712904.882
560,1,MS,5,hiddenzone,14.56446344,8,2.49755554,0.54775341,24,day,916826.8165
561,1,MS,3,hiddenzone,0.4747872,8,0.24545102,0.02340554,24,day,2427146.081
561,1,MS,4,hiddenzone,26.16944478,8,11.0282439,0.98583067,24,day,1713860.476
561,1,MS,5,hiddenzone,14.54444466,8,2.50961608,0.54788001,24,day,917782.4103
562,1,MS,3,hiddenzone,0.4747872,8,0.24545102,0.02340554,24,day,2428646.081
562,1,MS,4,hiddenzone,26.12622292,8,11.04407737,0.98590402,24,day,1714714.216
562,1,MS,5,hiddenzone,14.52215303,8,2.52167359,0.54798518,24,day,918636.1504
563,1,MS,3,hiddenzone,0.4747872,8,0.24545102,0.02340554,24,day,2430146.081
563,1,MS,4,hiddenzone,26.07614425,8,11.0599065,0.9857936,24,day,1715519.032
563,1,MS,5,hiddenzone,14.49594085,8,2.53372746,0.54798447,24,day,919440.9664
564,1,MS,3,hiddenzone,0.4747872,8,0.24545102,0.02340554,24,day,2431646.081
564,1,MS,4,hiddenzone,26.02641765,8,11.07573034,0.9857921,24,day,1716319.556
564,1,MS,5,hiddenzone,14.46991115,8,2.54577689,0.54804401,24,day,920241.4908
565,1,MS,3,hiddenzone,0.4747872,8,0.24545102,0.02340554,24,day,2433146.081
565,1,MS,4,hiddenzone,25.97376565,8,11.09154999,0.98571762,24,day,1717138.677
565,1,MS,5,hiddenzone,14.44227805,8,2.55782277,0.54806436,24,day,921060.6121
566,1,MS,3,hiddenzone,0.4747872,8,0.24545102,0.02340554,24,day,2434646.081
566,1,MS,4,hiddenzone,25.92238327,8,11.10736543,0.98573589,24,day,1717998.426
566,1,MS,5,hiddenzone,14.41542979,8,2.56986501,0.54813934,24,day,921920.3604
567,1,MS,3,hiddenzone,0.4747872,8,0.24545102,0.02340554,24,day,2436146.081
567,1,MS,4,hiddenzone,25.86872364,8,11.12317777,0.9856933,24,day,1718887.071
567,1,MS,5,hiddenzone,14.38735323,8,2.58190447,0.54818252,24,day,922809.0055
568,1,MS,3,hiddenzone,0.4747872,8,0.24545102,0.02340554,24,day,2437646.081
568,1,MS,4,hiddenzone,25.81648756,8,11.13898657,0.98575425,24,day,1719782.868
568,1,MS,5,hiddenzone,14.3600755,8,2.59394073,0.54828388,24,day,923704.8032
569,1,MS,3,hiddenzone,0.4747872,8,0.24545102,0.02340554,24,day,2439146.081
569,1,MS,4,hiddenzone,25.76211593,8,11.15479238,0.98574846,24,day,1720690.396
569,1,MS,5,hiddenzone,14.33162102,8,2.60597426,0.54834865,24,day,924612.3312
570,1,MS,3,hiddenzone,0.4747872,8,0.24545102,0.02340554,24,day,2440646.081
570,1,MS,4,hiddenzone,25.70963641,8,11.17059494,0.98583923,24,day,1721600.499
570,1,MS,5,hiddenzone,14.30421624,8,2.61800479,0.54846768,24,day,925522.4342
571,1,MS,3,hiddenzone,0.4747872,8,0.24545102,0.02340554,24,day,2442146.081
571,1,MS,4,hiddenzone,25.65497256,8,11.18639447,0.98585522,24,day,1722499.158
571,1,MS,5,hiddenzone,14.27556366,8,2.63003253,0.54854388,24,day,926421.0929
572,1,MS,3,hiddenzone,0.4747872,8,0.24545102,0.02340554,24,day,2443646.081
572,1,MS,4,hiddenzone,25.60326556,8,11.2021912,0.98596327,24,day,1723390.664
572,1,MS,5,hiddenzone,14.24853161,8,2.64205761,0.54867088,24,day,927312.599
573,1,MS,3,hiddenzone,0.4747872,8,0.24545102,0.02340554,24,day,2445146.081
573,1,MS,4,hiddenzone,25.54975698,8,11.2179842,0.98599536,24,day,1724244.69
573,1,MS,5,hiddenzone,14.22041872,8,2.65407937,0.54875243,24,day,928166.6252
574,1,MS,3,hiddenzone,0.4747872,8,0.24545102,0.02340554,24,day,2446646.081
574,1,MS,4,hiddenzone,25.50198032,8,11.23377308,0.98615839,24,day,1725048.076
574,1,MS,5,hiddenzone,14.19538622,8,2.66609746,0.54890342,24,day,928970.0107
575,1,MS,3,hiddenzone,0.4747872,8,0.24545102,0.02340554,24,night,2448146.081
575,1,MS,4,hiddenzone,25.44966679,8,11.24955802,0.98618179,24,night,1725858.614
575,1,MS,5,hiddenzone,14.16783652,8,2.67811211,0.54897693,24,night,929780.5488
576,1,MS,3,hiddenzone,0.4747872,8,0.24545102,0.02340554,25,night,2449646.081
576,1,MS,4,hiddenzone,25.70555399,8,11.26534802,0.98957585,25,night,1726693.185
576,1,MS,5,hiddenzone,14.3079923,8,2.69012819,0.55090616,25,night,930615.1198
577,1,MS,3,hiddenzone,0.4747872,8,0.24545102,0.02340554,25,night,2451146.081
577,1,MS,4,hiddenzone,26.0563452,8,11.28114606,0.99236221,25,night,1727590.699
577,1,MS,5,hiddenzone,14.50515337,8,2.70214767,0.55252713,25,night,931512.6341
578,1,MS,3,hiddenzone,0.4747872,8,0.24545102,0.02340554,25,night,2452646.081
578,1,MS,4,hiddenzone,26.43395631,8,11.29695378,0.99541561,25,night,1728537.71
578,1,MS,5,hiddenzone,14.71727832,8,2.71417142,0.55429906,25,night,932459.6448
579,1,MS,3,hiddenzone,0.4747872,8,0.24545102,0.02340554,25,night,2454146.081
579,1,MS,4,hiddenzone,26.81658374,8,11.31277107,0.99840849,25,night,1729462.404
579,1,MS,5,hiddenzone,14.9322119,8,2.72619932,0.55603655,25,night,933384.3391
580,1,MS,3,hiddenzone,0.4747872,8,0.24545102,0.02340554,25,night,2455646.081
580,1,MS,4,hiddenzone,27.00285715,8,11.32859521,1.00024143,25,night,1730340.177
580,1,MS,5,hiddenzone,15.04010504,8,2.73823013,0.55714118,25,night,934262.1122
581,1,MS,3,hiddenzone,0.4747872,8,0.24545102,0.02340554,25,night,2457146.081
581,1,MS,4,hiddenzone,27.13533012,8,11.34442124,1.00155858,25,night,1731148.141
581,1,MS,5,hiddenzone,15.11553611,8,2.75026065,0.5579352,25,night,935070.0753
582,1,MS,3,hiddenzone,0.4747872,8,0.24545102,0.02340554,25,night,2458646.081
582,1,MS,4,hiddenzone,27.26034475,8,11.36024753,1.00280126,25,night,1731893.733
582,1,MS,5,hiddenzone,15.18674295,8,2.76228991,0.55868325,25,night,935815.6674
583,1,MS,3,hiddenzone,0.4747872,8,0.24545102,0.02340554,25,day,2460146.081
583,1,MS,4,hiddenzone,27.37867751,8,11.37607206,1.00385651,25,day,1732616.15
583,1,MS,5,hiddenzone,15.25417893,8,2.77431642,0.55932573,25,day,936538.0849
584,1,MS,3,hiddenzone,0.4747872,8,0.24545102,0.02340554,25,day,2461646.081
584,1,MS,4,hiddenzone,27.37346168,8,11.39189501,1.00427848,25,day,1733307.954
584,1,MS,5,hiddenzone,15.25419531,8,2.78634087,0.55962145,25,day,937229.889
585,1,MS,3,hiddenzone,0.4747872,8,0.24545102,0.02340554,25,day,2463146.081
585,1,MS,4,hiddenzone,27.33427934,8,11.40771232,1.00436626,25,day,1733947.973
585,1,MS,5,hiddenzone,15.233663,8,2.79836054,0.55971783,25,day,937869.908
586,1,MS,3,hiddenzone,0.4747872,8,0.24545102,0.02340554,25,day,2464646.081
586,1,MS,4,hiddenzone,27.2904495,8,11.42352268,1.00438581,25,day,1734544.504
586,1,MS,5,hiddenzone,15.21047672,8,2.81037456,0.55977357,25,day,938466.4389
587,1,MS,3,hiddenzone,0.4747872,8,0.24545102,0.02340554,25,day,2466146.081
587,1,MS,4,hiddenzone,27.24416058,8,11.43932587,1.00429572,25,day,1735121.294
587,1,MS,5,hiddenzone,15.18587443,8,2.8223829,0.55976652,25,day,939043.2284
588,1,MS,3,hiddenzone,0.4747872,8,0.24545102,0.02340554,25,day,2467646.081
588,1,MS,4,hiddenzone,27.19650951,8,11.45512124,1.00424391,25,day,1735674.909
588,1,MS,5,hiddenzone,15.16045437,8,2.83438505,0.55977938,25,day,939596.8434
589,1,MS,3,hiddenzone,0.4747872,8,0.24545102,0.02340554,25,day,2469146.081
589,1,MS,4,hiddenzone,27.14651691,8,11.47090823,1.0041333,25,day,1736208.782
589,1,MS,5,hiddenzone,15.133686,8,2.84638068,0.55975773,25,day,940130.7171
590,1,MS,3,hiddenzone,0.4747872,8,0.24545102,0.02340554,25,day,2470646.081
590,1,MS,4,hiddenzone,27.09792237,8,11.48668732,1.00407852,25,day,1736727.778
590,1,MS,5,hiddenzone,15.10765524,8,2.85837009,0.5597663,25,day,940649.7133
591,1,MS,3,hiddenzone,0.4747872,8,0.24545102,0.02340554,25,day,2472146.081
591,1,MS,4,hiddenzone,27.04727461,8,11.50245762,1.00397502,25,day,1737231.039
591,1,MS,5,hiddenzone,15.08044551,8,2.87035266,0.55974639,25,day,941152.9736
592,1,MS,3,hiddenzone,0.4747872,8,0.24545102,0.02340554,25,day,2473646.081
592,1,MS,4,hiddenzone,26.99787832,8,11.51821923,1.00393036,25,day,1737720.852
592,1,MS,5,hiddenzone,15.05390139,8,2.88232843,0.5597583,25,day,941642.787
593,1,MS,3,hiddenzone,0.4747872,8,0.24545102,0.02340554,25,day,2475146.081
593,1,MS,4,hiddenzone,26.94701217,8,11.53397242,1.00384748,25,day,1738198.935
593,1,MS,5,hiddenzone,15.02650703,8,2.89429763,0.559748,25,day,942120.87
594,1,MS,3,hiddenzone,0.4747872,8,0.24545102,0.02340554,25,day,2476646.081
594,1,MS,4,hiddenzone,26.89745483,8,11.549717,1.00382571,25,day,1738663.857
594,1,MS,5,hiddenzone,14.99981248,8,2.90626009,0.55977073,25,day,942585.7921
595,1,MS,3,hiddenzone,0.4747872,8,0.24545102,0.02340554,25,day,2478146.081
595,1,MS,4,hiddenzone,26.84660422,8,11.56545273,1.00376843,25,day,1739115.619
595,1,MS,5,hiddenzone,14.97236736,8,2.91821566,0.55977259,25,day,943037.5534
596,1,MS,3,hiddenzone,0.4747872,8,0.24545102,0.02340554,25,day,2479646.081
596,1,MS,4,hiddenzone,26.79717697,8,11.58117941,1.0037629,25,day,1739551.93
596,1,MS,5,hiddenzone,14.9456798,8,2.93016414,0.55980229,25,day,943473.8649
597,1,MS,3,hiddenzone,0.4747872,8,0.24545102,0.02340554,25,day,2481146.081
597,1,MS,4,hiddenzone,26.74639413,8,11.5968968,1.00371837,25,day,1739971.934
597,1,MS,5,hiddenzone,14.9181975,8,2.9421054,0.55980906,25,day,943893.8685
598,1,MS,3,hiddenzone,0.4747872,8,0.24545102,0.02340554,25,day,2482646.081
598,1,MS,4,hiddenzone,26.69606903,8,11.61260525,1.00374948,25,day,1740383.068
598,1,MS,5,hiddenzone,14.89095091,8,2.95403965,0.55985718,25,day,944305.0027
599,1,MS,3,hiddenzone,0.4747872,8,0.24545102,0.02340554,25,night,2484146.081
599,1,MS,4,hiddenzone,26.64384275,8,11.6283037,1.00374401,25,night,1740792.199
599,1,MS,5,hiddenzone,14.86263376,8,2.9659661,0.55988505,25,night,944714.1342
600,1,MS,3,hiddenzone,0.4747872,8,0.24545102,0.02340554,26,night,2485646.081
600,1,MS,4,hiddenzone,27.08064959,8,11.64400621,1.00885443,26,night,1741201.903
600,1,MS,5,hiddenzone,15.10112208,8,2.97789274,0.56271912,26,night,945123.8379
601,1,MS,3,hiddenzone,0.4747872,8,0.24545102,0.02340554,26,night,2487146.081
601,1,MS,4,hiddenzone,27.66421981,8,11.65971969,1.0139687,26,night,1741624.482
601,1,MS,5,hiddenzone,15.42758007,8,2.98982349,0.56560888,26,night,945546.4163
602,1,MS,3,hiddenzone,0.4747872,8,0.24545102,0.02340554,26,night,2488646.081
602,1,MS,4,hiddenzone,28.27760434,8,11.67544664,1.01939311,26,night,1742075.957
602,1,MS,5,hiddenzone,15.77063961,8,3.00175972,0.56867195,26,night,945997.8915
603,1,MS,3,hiddenzone,0.4747872,8,0.24545102,0.02340554,26,night,2490146.081
603,1,MS,4,hiddenzone,28.90105424,8,11.69118657,1.02481739,26,night,1742518.277
603,1,MS,5,hiddenzone,16.11940305,8,3.01370138,0.57173454,26,night,946440.2113
604,1,MS,3,hiddenzone,0.4747872,8,0.24545102,0.02340554,26,night,2491646.081
604,1,MS,4,hiddenzone,29.27841608,8,11.70693548,1.02814652,26,night,1742942.858
604,1,MS,5,hiddenzone,16.3337933,8,3.025646,0.57365349,26,night,946864.7925
605,1,MS,3,hiddenzone,0.4747872,8,0.24545102,0.02340554,26,night,2493146.081
605,1,MS,4,hiddenzone,29.59889037,8,11.72268682,1.03076645,26,night,1743349.7
605,1,MS,5,hiddenzone,16.51343792,8,3.03758988,0.57514478,26,night,947271.6351
606,1,MS,3,hiddenzone,0.4747872,8,0.24545102,0.02340554,26,night,2494646.081
606,1,MS,4,hiddenzone,29.9071809,8,11.7384383,1.03299402,26,night,1743734.799
606,1,MS,5,hiddenzone,16.6863353,8,3.04953177,0.57641818,26,night,947656.7337
607,1,MS,3,hiddenzone,0.4747872,8,0.24545102,0.02340554,26,day,2496146.081
607,1,MS,4,hiddenzone,30.20960707,8,11.75418792,1.03498023,26,day,1744094.148
607,1,MS,5,hiddenzone,16.85588357,8,3.06147031,0.57755355,26,day,948016.0828
608,1,MS,3,hiddenzone,0.4747872,8,0.24545102,0.02340554,26,day,2497646.081
608,1,MS,4,hiddenzone,30.25522734,8,11.76993341,1.03556193,26,day,1744427.175
608,1,MS,5,hiddenzone,16.88525888,8,3.07340479,0.5779229,26,day,948349.1101
609,1,MS,3,hiddenzone,0.4747872,8,0.24545102,0.02340554,26,day,2499146.081
609,1,MS,4,hiddenzone,30.23799345,8,11.78566934,1.03557974,26,day,1744735.311
609,1,MS,5,hiddenzone,16.87611459,8,3.08533166,0.57795504,26,day,948657.2462
610,1,MS,3,hiddenzone,0.4747872,8,0.24545102,0.02340554,26,day,2500646.081
610,1,MS,4,hiddenzone,30.20798898,8,11.80139406,1.03538591,26,day,1745021.131
610,1,MS,5,hiddenzone,16.8600429,8,3.09724997,0.57786821,26,day,948943.066
611,1,MS,3,hiddenzone,0.4747872,8,0.24545102,0.02340554,26,day,2502146.081
611,1,MS,4,hiddenzone,30.17236051,8,11.817107,1.03506025,26,day,1745293.504
611,1,MS,5,hiddenzone,16.84079791,8,3.10915945,0.57770689,26,day,949215.4388
612,1,MS,3,hiddenzone,0.4747872,8,0.24545102,0.02340554,26,day,2503646.081
612,1,MS,4,hiddenzone,30.1287217,8,11.8328079,1.03471213,26,day,1745557.294
612,1,MS,5,hiddenzone,16.8172605,8,3.12105993,0.57753261,26,day,949479.2285
613,1,MS,3,hiddenzone,0.4747872,8,0.24545102,0.02340554,26,day,2505146.081
613,1,MS,4,hiddenzone,30.08382599,8,11.84849638,1.03433142,26,day,1745806.778
613,1,MS,5,hiddenzone,16.79278056,8,3.13295118,0.57733873,26,day,949728.7129
614,1,MS,3,hiddenzone,0.4747872,8,0.24545102,0.02340554,26,day,2506646.081
614,1,MS,4,hiddenzone,30.03868775,8,11.86417207,1.03396943,26,day,1746041.385
614,1,MS,5,hiddenzone,16.76811407,8,3.1448329,0.57715483,26,day,949963.3198
615,1,MS,3,hiddenzone,0.4747872,8,0.24545102,0.02340554,26,day,2508146.081
615,1,MS,4,hiddenzone,29.9917149,8,11.8798349,1.0335877,26,day,1746260.256
615,1,MS,5,hiddenzone,16.74238866,8,3.15670508,0.57695838,26,day,950182.1908
616,1,MS,3,hiddenzone,0.4747872,8,0.24545102,0.02340554,26,day,2509646.081
616,1,MS,4,hiddenzone,29.94528814,8,11.89548419,1.03323313,26,day,1746461.961
616,1,MS,5,hiddenzone,16.71692829,8,3.1685672,0.5767757,26,day,950383.8955
617,1,MS,3,hiddenzone,0.4747872,8,0.24545102,0.02340554,26,day,2511146.081
617,1,MS,4,hiddenzone,29.89786715,8,11.91112056,1.03286767,26,day,1746646.499
617,1,MS,5,hiddenzone,16.69087341,8,3.18041972,0.57658573,26,day,950568.4338
618,1,MS,3,hiddenzone,0.4747872,8,0.24545102,0.02340554,26,day,2512646.081
618,1,MS,4,hiddenzone,29.8495984,8,11.92674362,1.0325599,26,day,1746812.44
618,1,MS,5,hiddenzone,16.66429212,8,3.19226233,0.57642646,26,day,950734.3753
619,1,MS,3,hiddenzone,0.4747872,8,0.24545102,0.02340554,26,day,2514146.081
619,1,MS,4,hiddenzone,29.80059437,8,11.94235276,1.0322579,26,day,1746959.499
619,1,MS,5,hiddenzone,16.63726741,8,3.20409459,0.57626899,26,day,950881.4337
620,1,MS,3,hiddenzone,0.4747872,8,0.24545102,0.02340554,26,day,2515646.081
620,1,MS,4,hiddenzone,29.80373193,8,11.95795231,1.0332726,26,day,1747089.105
620,1,MS,5,hiddenzone,16.63850134,8,3.21591894,0.57684251,26,day,951011.0397
621,1,MS,3,hiddenzone,0.4747872,8,0.24545102,0.02340554,26,day,2517146.081
621,1,MS,4,hiddenzone,29.82478156,8,11.97354084,1.03367319,26,day,1747206.122
621,1,MS,5,hiddenzone,16.65054006,8,3.22773455,0.57707515,26,day,951128.057
622,1,MS,3,hiddenzone,0.4747872,8,0.24545102,0.02340554,26,day,2518646.081
622,1,MS,4,hiddenzone,29.84837945,8,11.98911832,1.03406693,26,day,1747328.576
622,1,MS,5,hiddenzone,16.66399186,8,3.23954141,0.57730375,26,day,951250.5104
623,1,MS,3,hiddenzone,0.4747872,8,0.24545102,0.02340554,26,night,2520146.081
623,1,MS,4,hiddenzone,29.872268,8,12.00468522,1.03444379,26,night,1747458.468
623,1,MS,5,hiddenzone,16.67761059,8,3.25133989,0.57752391,26,night,951380.4025
624,1,MS,3,hiddenzone,0.4747872,8,0.24545102,0.02340554,27,night,2521646.081
624,1,MS,4,hiddenzone,30.17146237,8,12.02024482,1.03657394,27,night,1747595.512
624,1,MS,5,hiddenzone,16.8417915,8,3.26313169,0.57870012,27,night,951517.4472
625,1,MS,3,hiddenzone,0.4747872,8,0.24545102,0.02340554,27,night,2523146.081
625,1,MS,4,hiddenzone,30.54305412,8,12.03580177,1.03924913,27,night,1747738.279
625,1,MS,5,hiddenzone,17.04961279,8,3.27491942,0.58020727,27,night,951660.2141
626,1,MS,3,hiddenzone,0.4747872,8,0.24545102,0.02340554,27,night,2524646.081
626,1,MS,4,hiddenzone,30.92889383,8,12.05135787,1.04217076,27,night,1747887.054
626,1,MS,5,hiddenzone,17.26533903,8,3.28670427,0.58185118,27,night,951808.9891
627,1,MS,3,hiddenzone,0.4747872,8,0.24545102,0.02340554,27,night,2526146.081
627,1,MS,4,hiddenzone,31.31943544,8,12.06691347,1.04515018,27,night,1748039.549
627,1,MS,5,hiddenzone,17.4836964,8,3.29848627,0.58352722,27,night,951961.4836
628,1,MS,3,hiddenzone,0.4747872,8,0.24545102,0.02340554,27,night,2527646.081
628,1,MS,4,hiddenzone,31.45720335,8,12.08246518,1.04647974,27,night,1748197.479
628,1,MS,5,hiddenzone,17.56388643,8,3.31026365,0.58430499,27,night,952119.4141
629,1,MS,3,hiddenzone,0.4747872,8,0.24545102,0.02340554,27,night,2529146.081
629,1,MS,4,hiddenzone,31.53923662,8,12.09800945,1.04730925,27,night,1748360.56
629,1,MS,5,hiddenzone,17.61005901,8,3.32203454,0.5847791,27,night,952282.4945
630,1,MS,3,hiddenzone,0.4747872,8,0.24545102,0.02340554,27,night,2530646.081
630,1,MS,4,hiddenzone,31.60903912,8,12.11354378,1.04788045,27,night,1748528.79
630,1,MS,5,hiddenzone,17.64944102,8,3.33379726,0.58511095,27,night,952450.7248
631,1,MS,3,hiddenzone,0.4747872,8,0.24545102,0.02340554,27,day,2532146.081
631,1,MS,4,hiddenzone,31.67501866,8,12.1290683,1.04831802,27,day,1748698.737
631,1,MS,5,hiddenzone,17.68672856,8,3.3455521,0.58536847,27,day,952620.6717
632,1,MS,3,hiddenzone,0.4747872,8,0.24545102,0.02340554,27,day,2533646.081
632,1,MS,4,hiddenzone,31.65488152,8,12.14458252,1.04832837,27,day,1748873.262
632,1,MS,5,hiddenzone,17.67694429,8,3.35729892,0.58539284,27,day,952795.1963
633,1,MS,3,hiddenzone,0.4747872,8,0.24545102,0.02340554,27,day,2535146.081
633,1,MS,4,hiddenzone,31.61264577,8,12.16008413,1.04813634,27,day,1749051.219
633,1,MS,5,hiddenzone,17.65377645,8,3.36903619,0.58529924,27,day,952973.1542
634,1,MS,3,hiddenzone,0.4747872,8,0.24545102,0.02340554,27,day,2536646.081
634,1,MS,4,hiddenzone,31.5675007,8,12.17557335,1.04793889,27,day,1749233.469
634,1,MS,5,hiddenzone,17.62896381,8,3.38076413,0.58520243,27,day,953155.4037
635,1,MS,3,hiddenzone,0.4747872,8,0.24545102,0.02340554,27,day,2538146.081
635,1,MS,4,hiddenzone,31.51756797,8,12.19105021,1.04770455,27,day,1749419.438
635,1,MS,5,hiddenzone,17.60156434,8,3.39248281,0.58508612,27,day,953341.3725
636,1,MS,3,hiddenzone,0.4747872,8,0.24545102,0.02340554,27,day,2539646.081
636,1,MS,4,hiddenzone,31.46696937,8,12.2065149,1.04751575,27,day,1749610.27
636,1,MS,5,hiddenzone,17.57376823,8,3.40419234,0.58499505,27,day,953532.2052
637,1,MS,3,hiddenzone,0.4747872,8,0.24545102,0.02340554,27,day,2541146.081
637,1,MS,4,hiddenzone,31.41465849,8,12.22196735,1.04732482,27,day,1749805.109
637,1,MS,5,hiddenzone,17.54500842,8,3.41589266,0.58490338,27,day,953727.0433
638,1,MS,3,hiddenzone,0.4747872,8,0.24545102,0.02340554,27,day,2542646.081
638,1,MS,4,hiddenzone,31.36370342,8,12.23740749,1.04713601,27,day,1750004.524
638,1,MS,5,hiddenzone,17.51701848,8,3.42758371,0.5848134,27,day,953926.4592
639,1,MS,3,hiddenzone,0.4747872,8,0.24545102,0.02340554,27,day,2544146.081
639,1,MS,4,hiddenzone,31.31154142,8,12.25283477,1.04692559,27,day,1750205.943
639,1,MS,5,hiddenzone,17.48835435,8,3.4392651,0.5847115,27,day,954127.8778
640,1,MS,3,hiddenzone,0.4747872,8,0.24545102,0.02340554,27,day,2545646.081
640,1,MS,4,hiddenzone,31.25971761,8,12.26825042,1.04675843,27,day,1750411.653
640,1,MS,5,hiddenzone,17.45989439,8,3.45093772,0.58463386,27,day,954333.5879
641,1,MS,3,hiddenzone,0.4747872,8,0.24545102,0.02340554,27,day,2547146.081
641,1,MS,4,hiddenzone,31.20755376,8,12.28365432,1.04659628,27,day,1750620.224
641,1,MS,5,hiddenzone,17.43124546,8,3.46260147,0.58455896,27,day,954542.1591
642,1,MS,3,hiddenzone,0.4747872,8,0.24545102,0.02340554,27,day,2548646.081
642,1,MS,4,hiddenzone,31.15645607,8,12.29904637,1.04643313,27,day,1750831.084
642,1,MS,5,hiddenzone,17.40318654,8,3.47425628,0.58448452,27,day,954753.0192
643,1,MS,3,hiddenzone,0.4747872,8,0.24545102,0.02340554,27,day,2550146.081
643,1,MS,4,hiddenzone,31.10356155,8,12.31442587,1.04622689,27,day,1751044.519
643,1,MS,5,hiddenzone,17.37412421,8,3.48590164,0.58438634,27,day,954966.4542
644,1,MS,3,hiddenzone,0.4747872,8,0.24545102,0.02340554,27,day,2551646.081
644,1,MS,4,hiddenzone,31.05175338,8,12.32979372,1.04607842,27,day,1751260.243
644,1,MS,5,hiddenzone,17.34569187,8,3.4975382,0.58431938,27,day,955182.1781
645,1,MS,3,hiddenzone,0.4747872,8,0.24545102,0.02340554,27,day,2553146.081
645,1,MS,4,hiddenzone,30.99771639,8,12.34514985,1.04590609,27,day,1751478.828
645,1,MS,5,hiddenzone,17.31599662,8,3.50916591,0.58424068,27,day,955400.7631
646,1,MS,3,hiddenzone,0.4747872,8,0.24545102,0.02340554,27,day,2554646.081
646,1,MS,4,hiddenzone,30.94358685,8,12.36049437,1.04583041,27,day,1751698.558
646,1,MS,5,hiddenzone,17.28627242,8,3.52078482,0.58421462,27,day,955620.4924
647,1,MS,3,hiddenzone,0.4747872,8,0.24545102,0.02340554,27,night,2556146.081
647,1,MS,4,hiddenzone,30.88733022,8,12.37582736,1.045747,27,night,1751920.29
647,1,MS,5,hiddenzone,17.25534843,8,3.53239496,0.58418574,27,night,955842.2245
648,1,MS,3,hiddenzone,0.4747872,8,0.24545102,0.02340554,28,night,2557646.081
648,1,MS,4,hiddenzone,31.26279819,8,12.39116102,1.05070643,28,night,1752147.172
648,1,MS,5,hiddenzone,17.46097054,8,3.54400304,0.58693469,28,night,956069.1065
649,1,MS,3,hiddenzone,0.4747872,8,0.24545102,0.02340554,28,night,2559146.081
649,1,MS,4,hiddenzone,31.75502039,8,12.40650119,1.05544212,28,night,1752376.629
649,1,MS,5,hiddenzone,17.73666423,8,3.55561253,0.58960354,28,night,956298.5635
650,1,MS,3,hiddenzone,0.4747872,8,0.24545102,0.02340554,28,night,2560646.081
650,1,MS,4,hiddenzone,32.27182132,8,12.42184958,1.06058149,28,night,1752604.655
650,1,MS,5,hiddenzone,18.02581489,8,3.56722437,0.59249199,28,night,956526.5899
651,1,MS,3,hiddenzone,0.4747872,8,0.24545102,0.02340554,28,night,2562146.081
651,1,MS,4,hiddenzone,32.79767091,8,12.43720696,1.06575536,28,night,1752831.537
651,1,MS,5,hiddenzone,18.32011923,8,3.57883892,0.5954022,28,night,956753.4719
652,1,MS,3,hiddenzone,0.4747872,8,0.24545102,0.02340554,28,night,2563646.081
652,1,MS,4,hiddenzone,32.95453872,8,12.45256776,1.06809439,28,night,1753060.994
652,1,MS,5,hiddenzone,18.41190903,8,3.59045316,0.59676065,28,night,956982.9289
653,1,MS,3,hiddenzone,0.4747872,8,0.24545102,0.02340554,28,night,2565146.081
653,1,MS,4,hiddenzone,33.02964907,8,12.46792496,1.06949035,28,night,1753315.342
653,1,MS,5,hiddenzone,18.454521,8,3.60206324,0.59755877,28,night,957237.2771
654,1,MS,3,hiddenzone,0.4747872,8,0.24545102,0.02340554,28,night,2566646.081
654,1,MS,4,hiddenzone,33.09269608,8,12.48327657,1.07050022,28,night,1753644.364
654,1,MS,5,hiddenzone,18.49059477,8,3.61366802,0.59814825,28,night,957566.2989
655,1,MS,3,hiddenzone,0.4747872,8,0.24545102,0.02340554,28,day,2568146.081
655,1,MS,4,hiddenzone,33.14889764,8,12.4986235,1.07131866,28,day,1754116.153
655,1,MS,5,hiddenzone,18.52317867,8,3.62526839,0.59864263,28,day,958038.0876
656,1,MS,3,hiddenzone,0.4747872,8,0.24545102,0.02340554,28,day,2569646.081
656,1,MS,4,hiddenzone,33.11748119,8,12.51396604,1.07154888,28,day,1754704.673
656,1,MS,5,hiddenzone,18.50799343,8,3.63686479,0.59882395,28,day,958626.6075
657,1,MS,3,hiddenzone,0.4747872,8,0.24545102,0.02340554,28,day,2571146.081
657,1,MS,4,hiddenzone,33.06484504,8,12.52930376,1.07149564,28,day,1755391.613
657,1,MS,5,hiddenzone,18.48024946,8,3.64845718,0.59884797,28,day,959313.5478
658,1,MS,3,hiddenzone,0.4747872,8,0.24545102,0.02340554,28,day,2572646.081
658,1,MS,4,hiddenzone,33.01002326,8,12.5446369,1.07144706,28,day,1756172.11
658,1,MS,5,hiddenzone,18.45152889,8,3.66004577,0.59888175,28,day,960094.0448
659,1,MS,3,hiddenzone,0.4747872,8,0.24545102,0.02340554,28,day,2574146.081
659,1,MS,4,hiddenzone,32.95007421,8,12.55996641,1.07129827,28,day,1757043.303
659,1,MS,5,hiddenzone,18.42013447,8,3.6716313,0.59886708,28,day,960965.2374
660,1,MS,3,hiddenzone,0.4747872,8,0.24545102,0.02340554,28,day,2575646.081
660,1,MS,4,hiddenzone,32.88888986,8,12.57529417,1.07132918,28,day,1757994.891
660,1,MS,5,hiddenzone,18.38823231,8,3.68321506,0.59895865,28,day,961916.8257
661,1,MS,3,hiddenzone,0.4747872,8,0.24545102,0.02340554,28,day,2577146.081
661,1,MS,4,hiddenzone,32.82303809,8,12.59062076,1.07130481,28,day,1759041.466
661,1,MS,5,hiddenzone,18.35392979,8,3.69479746,0.5990273,28,day,962963.4012
662,1,MS,3,hiddenzone,0.4747872,8,0.24545102,0.02340554,28,day,2578646.081
662,1,MS,4,hiddenzone,32.7575537,8,12.60594816,1.07142726,28,day,1760189.61
662,1,MS,5,hiddenzone,18.32007017,8,3.70637986,0.59918517,28,day,964111.5444
663,1,MS,3,hiddenzone,0.4747872,8,0.24545102,0.02340554,28,day,2580146.081
663,1,MS,4,hiddenzone,32.68783449,8,12.62127637,1.07146279,28,day,1761371.227
663,1,MS,5,hiddenzone,18.28390177,8,3.71796228,0.59929719,28,day,965293.1619
664,1,MS,3,hiddenzone,0.4747872,8,0.24545102,0.02340554,28,day,2581646.081
664,1,MS,4,hiddenzone,32.62265229,8,12.63660595,1.07162257,28,day,1762556.278
664,1,MS,5,hiddenzone,18.250259,8,3.72954505,0.59947917,28,day,966478.2126
665,1,MS,3,hiddenzone,0.4747872,8,0.24545102,0.02340554,28,day,2583146.081
665,1,MS,4,hiddenzone,32.55351806,8,12.65193635,1.07165152,28,day,1763727.882
665,1,MS,5,hiddenzone,18.21435993,8,3.74112783,0.59958656,28,day,967649.8165
666,1,MS,3,hiddenzone,0.4747872,8,0.24545102,0.02340554,28,day,2584646.081
666,1,MS,4,hiddenzone,32.48618419,8,12.66726743,1.07169724,28,day,1764880.03
666,1,MS,5,hiddenzone,18.17940847,8,3.75271056,0.59970189,28,day,968801.9651
667,1,MS,3,hiddenzone,0.4747872,8,0.24545102,0.02340554,28,day,2586146.081
667,1,MS,4,hiddenzone,32.41970793,8,12.68259781,1.07170351,28,day,1765952.069
667,1,MS,5,hiddenzone,18.14473531,8,3.76429221,0.59978852,28,day,969874.004
668,1,MS,3,hiddenzone,0.4747872,8,0.24545102,0.02340554,28,day,2587646.081
668,1,MS,4,hiddenzone,32.35821018,8,12.69792782,1.07180723,28,day,1766972.609
668,1,MS,5,hiddenzone,18.11270896,8,3.77587303,0.59992597,28,day,970894.5439
669,1,MS,3,hiddenzone,0.4747872,8,0.24545102,0.02340554,28,day,2589146.081
669,1,MS,4,hiddenzone,32.29279655,8,12.71325589,1.07177459,28,day,1767949.089
669,1,MS,5,hiddenzone,18.07837688,8,3.78745192,0.59998362,28,day,971871.0234
670,1,MS,3,hiddenzone,0.4747872,8,0.24545102,0.02340554,28,day,2590646.081
670,1,MS,4,hiddenzone,32.22769887,8,12.72858297,1.07194049,28,day,1768955.609
670,1,MS,5,hiddenzone,18.04428486,8,3.79902951,0.60015417,28,day,972877.5441
671,1,MS,3,hiddenzone,0.4747872,8,0.24545102,0.02340554,28,night,2592146.081
671,1,MS,4,hiddenzone,32.15648052,8,12.74391107,1.07200652,28,night,1770132.935
671,1,MS,5,hiddenzone,18.00713975,8,3.81060725,0.60028268,28,night,974054.87
672,1,MS,3,hiddenzone,0.4747872,8,0.24545102,0.02340554,29,night,2593646.081
672,1,MS,4,hiddenzone,32.78457165,8,12.7592615,1.08050396,29,night,1771541.149
672,1,MS,5,hiddenzone,18.35569681,8,3.82219728,0.60509045,29,night,975463.0834
673,1,MS,3,hiddenzone,0.4747872,8,0.24545102,0.02340554,29,night,2595146.081
673,1,MS,4,hiddenzone,33.58527233,8,12.77464762,1.08878062,29,night,1773107.579
673,1,MS,5,hiddenzone,18.80793113,8,3.83380767,0.60985498,29,night,977029.5134
674,1,MS,3,hiddenzone,0.4747872,8,0.24545102,0.02340554,29,night,2596646.081
674,1,MS,4,hiddenzone,34.41664102,8,12.79007256,1.09742639,29,night,1774756.979
674,1,MS,5,hiddenzone,19.27754876,8,3.84544032,0.61483046,29,night,978678.9141
675,1,MS,3,hiddenzone,0.4747872,8,0.24545102,0.02340554,29,night,2598146.081
675,1,MS,4,hiddenzone,35.25832034,8,12.80553627,1.10576381,29,night,1776430.699
675,1,MS,5,hiddenzone,19.75332368,8,3.85709518,0.61963733,29,night,980352.6339
676,1,MS,3,hiddenzone,0.4747872,8,0.24545102,0.02340554,29,night,2599646.081
676,1,MS,4,hiddenzone,35.67548271,8,12.82103003,1.11073002,29,night,1777993.696
676,1,MS,5,hiddenzone,19.99483238,8,3.86876743,0.62258045,29,night,981915.6306
677,1,MS,3,hiddenzone,0.4747872,8,0.24545102,0.02340554,29,night,2601146.081
677,1,MS,4,hiddenzone,36.00409072,8,12.83654269,1.11432551,29,night,1779415.928
677,1,MS,5,hiddenzone,20.18267848,8,3.88045025,0.62470678,29,night,983337.8632
678,1,MS,3,hiddenzone,0.4747872,8,0.24545102,0.02340554,29,night,2602646.081
678,1,MS,4,hiddenzone,36.32862708,8,12.85206941,1.11746138,29,night,1780667.07
678,1,MS,5,hiddenzone,20.36785602,8,3.89214077,0.62656537,29,night,984589.0044
679,1,MS,3,hiddenzone,0.4747872,8,0.24545102,0.02340554,29,day,2604146.081
679,1,MS,4,hiddenzone,36.64439416,8,12.867606,1.12017153,29,day,1781775.158
679,1,MS,5,hiddenzone,20.54787039,8,3.903836,0.6281736,29,day,985697.0927
680,1,MS,3,hiddenzone,0.4747872,8,0.24545102,0.02340554,29,day,2605646.081
680,1,MS,4,hiddenzone,36.66541942,8,12.88314845,1.12103897,29,day,1782814.009
680,1,MS,5,hiddenzone,20.56518294,8,3.91553412,0.62876338,29,day,986735.9434
681,1,MS,3,hiddenzone,0.4747872,8,0.24545102,0.02340554,29,day,2607146.081
681,1,MS,4,hiddenzone,36.62378753,8,12.89869136,1.12111364,29,day,1783839.126
681,1,MS,5,hiddenzone,20.54453288,8,3.92723187,0.62888545,29,day,987761.0609
682,1,MS,3,hiddenzone,0.4747872,8,0.24545102,0.02340554,29,day,2608646.081
682,1,MS,4,hiddenzone,36.57683593,8,12.91423263,1.1210059,29,day,1784834.203
682,1,MS,5,hiddenzone,20.52082726,8,3.93892793,0.62890399,29,day,988756.1374
683,1,MS,3,hiddenzone,0.4747872,8,0.24545102,0.02340554,29,day,2610146.081
683,1,MS,4,hiddenzone,36.52169376,8,12.92977109,1.12067531,29,day,1785812.971
683,1,MS,5,hiddenzone,20.49246712,8,3.95062161,0.62879604,29,day,989734.9058
684,1,MS,3,hiddenzone,0.4747872,8,0.24545102,0.02340554,29,day,2611646.081
684,1,MS,4,hiddenzone,36.46570632,8,12.94530686,1.12046539,29,day,1786775.431
684,1,MS,5,hiddenzone,20.4635631,8,3.96231299,0.62875461,29,day,990697.3662
685,1,MS,3,hiddenzone,0.4747872,8,0.24545102,0.02340554,29,day,2613146.081
685,1,MS,4,hiddenzone,36.4034694,8,12.96083938,1.12014259,29,day,1787743.9
685,1,MS,5,hiddenzone,20.4311595,8,3.9740017,0.62865019,29,day,991665.8347
686,1,MS,3,hiddenzone,0.4747872,8,0.24545102,0.02340554,29,day,2614646.081
686,1,MS,4,hiddenzone,36.34330731,8,12.97636958,1.11994871,29,day,1788729.249
686,1,MS,5,hiddenzone,20.3999417,8,3.98568836,0.62861953,29,day,992651.1836
687,1,MS,3,hiddenzone,0.4747872,8,0.24545102,0.02340554,29,day,2616146.081
687,1,MS,4,hiddenzone,36.27810673,8,12.99189731,1.11965291,29,day,1789738.058
687,1,MS,5,hiddenzone,20.36594139,8,3.9973729,0.62853331,29,day,993659.9931
688,1,MS,3,hiddenzone,0.4747872,8,0.24545102,0.02340554,29,day,2617646.081
688,1,MS,4,hiddenzone,36.21475476,8,13.00742363,1.11951221,29,day,1790793.789
688,1,MS,5,hiddenzone,20.33308649,8,4.00905602,0.62853769,29,day,994715.724
689,1,MS,3,hiddenzone,0.4747872,8,0.24545102,0.02340554,29,day,2619146.081
689,1,MS,4,hiddenzone,36.14714014,8,13.02294836,1.11927792,29,day,1791866.4
689,1,MS,5,hiddenzone,20.29786862,8,4.02073761,0.62849065,29,day,995788.3352
690,1,MS,3,hiddenzone,0.4747872,8,0.24545102,0.02340554,29,day,2620646.081
690,1,MS,4,hiddenzone,36.08369228,8,13.03847185,1.1191831,29,day,1792914.693
690,1,MS,5,hiddenzone,20.26490903,8,4.03241787,0.62852017,29,day,996836.6273
691,1,MS,3,hiddenzone,0.4747872,8,0.24545102,0.02340554,29,day,2622146.081
691,1,MS,4,hiddenzone,36.015339,8,13.0539942,1.11896642,29,day,1794005.614
691,1,MS,5,hiddenzone,20.22928876,8,4.04409692,0.62848441,29,day,997927.5492
692,1,MS,3,hiddenzone,0.4747872,8,0.24545102,0.02340554,29,day,2623646.081
692,1,MS,4,hiddenzone,35.97525767,8,13.06952059,1.12081252,29,day,1795086.237
692,1,MS,5,hiddenzone,20.20905262,8,4.05577764,0.62960544,29,day,999008.1714
693,1,MS,3,hiddenzone,0.4747872,8,0.24545102,0.02340554,29,day,2625146.081
693,1,MS,4,hiddenzone,35.94512172,8,13.08504955,1.1214206,29,day,1796169.72
693,1,MS,5,hiddenzone,20.19486774,8,4.06745921,0.63003136,29,day,1000091.655
694,1,MS,3,hiddenzone,0.4747872,8,0.24545102,0.02340554,29,day,2626646.081
694,1,MS,4,hiddenzone,35.91733394,8,13.10058095,1.12202431,29,day,1797300.41
694,1,MS,5,hiddenzone,20.18211774,8,4.07914167,0.63045892,29,day,1001222.345
695,1,MS,3,hiddenzone,0.4747872,8,0.24545102,0.02340554,29,night,2628146.081
695,1,MS,4,hiddenzone,35.88285594,8,13.11611493,1.12242101,29,night,1798569.862
695,1,MS,5,hiddenzone,20.16593865,8,4.09082515,0.63078204,29,night,1002491.797
696,1,MS,3,hiddenzone,0.4747872,8,0.24545102,0.02340554,30,night,2629646.081
696,1,MS,4,hiddenzone,36.6617696,8,13.13166647,1.12899488,30,night,1800032.15
696,1,MS,5,hiddenzone,20.60047018,8,4.10251863,0.63453086,30,night,1003954.085
697,1,MS,3,hiddenzone,0.4747872,8,0.24545102,0.02340554,30,night,2631146.081
697,1,MS,4,hiddenzone,37.61329673,8,13.14725241,1.13725172,30,night,1801687.845
697,1,MS,5,hiddenzone,21.13958159,8,4.11423192,0.6393099,30,night,1005609.78
698,1,MS,3,hiddenzone,0.4747872,8,0.24545102,0.02340554,30,night,2632646.081
698,1,MS,4,hiddenzone,38.59951676,8,13.1628777,1.14608575,30,night,1803487.451
698,1,MS,5,hiddenzone,21.69871852,8,4.12596813,0.64442337,30,night,1007409.386
699,1,MS,3,hiddenzone,0.4747872,8,0.24545102,0.02340554,30,night,2634146.081
699,1,MS,4,hiddenzone,39.59359644,8,13.17854243,1.15454231,30,night,1805334.551
699,1,MS,5,hiddenzone,22.26263087,8,4.13772741,0.64932888,30,night,1009256.486
700,1,MS,3,hiddenzone,0.4747872,8,0.24545102,0.02340554,30,night,2635646.081
700,1,MS,4,hiddenzone,39.90033104,8,13.19423841,1.15854886,30,night,1807149.607
700,1,MS,5,hiddenzone,22.44603678,8,4.14950525,0.65177505,30,night,1011071.542
701,1,MS,3,hiddenzone,0.4747872,8,0.24545102,0.02340554,30,night,2637146.081
701,1,MS,4,hiddenzone,40.07267956,8,13.20995203,1.16078265,30,night,1808875.398
701,1,MS,5,hiddenzone,22.54783616,8,4.16129352,0.65316758,30,night,1012797.333
702,1,MS,3,hiddenzone,0.4747872,8,0.24545102,0.02340554,30,night,2638646.081
702,1,MS,4,hiddenzone,40.2353502,8,13.22567975,1.16272464,30,night,1810533.096
702,1,MS,5,hiddenzone,22.64403339,8,4.17309025,0.65439251,30,night,1014455.031
703,1,MS,3,hiddenzone,0.4747872,8,0.24545102,0.02340554,30,day,2640146.081
703,1,MS,4,hiddenzone,40.38194654,8,13.24141944,1.16424011,30,day,1812177.061
703,1,MS,5,hiddenzone,22.73121338,8,4.18489413,0.65537661,30,day,1016098.995
704,1,MS,3,hiddenzone,0.4747872,8,0.24545102,0.02340554,30,day,2641646.081
704,1,MS,4,hiddenzone,40.36135505,8,13.25716982,1.16476035,30,day,1813805.862
704,1,MS,5,hiddenzone,22.72567339,8,4.19670467,0.65581032,30,day,1017727.797
705,1,MS,3,hiddenzone,0.4747872,8,0.24545102,0.02340554,30,day,2643146.081
705,1,MS,4,hiddenzone,40.30296216,8,13.2729268,1.16466564,30,day,1815423.791
705,1,MS,5,hiddenzone,22.69731298,8,4.20851935,0.65588525,30,day,1019345.726
706,1,MS,3,hiddenzone,0.4747872,8,0.24545102,0.02340554,30,day,2644646.081
706,1,MS,4,hiddenzone,40.2444721,8,13.28868975,1.16461926,30,day,1817025.984
706,1,MS,5,hiddenzone,22.66882376,8,4.22033781,0.65598659,30,day,1020947.919
707,1,MS,3,hiddenzone,0.4747872,8,0.24545102,0.02340554,30,day,2646146.081
707,1,MS,4,hiddenzone,40.17541549,8,13.30445757,1.16432232,30,day,1818622.455
707,1,MS,5,hiddenzone,22.6343365,8,4.23215935,0.65594617,30,day,1022544.39
708,1,MS,3,hiddenzone,0.4747872,8,0.24545102,0.02340554,30,day,2647646.081
708,1,MS,4,hiddenzone,40.10978648,8,13.32023048,1.16423366,30,day,1820203.477
708,1,MS,5,hiddenzone,22.60171104,8,4.24398408,0.65602163,30,day,1024125.411
709,1,MS,3,hiddenzone,0.4747872,8,0.24545102,0.02340554,30,day,2649146.081
709,1,MS,4,hiddenzone,40.03625405,8,13.3360081,1.16396515,30,day,1821769.907
709,1,MS,5,hiddenzone,22.56456321,8,4.25581181,0.65599432,30,day,1025691.841
710,1,MS,3,hiddenzone,0.4747872,8,0.24545102,0.02340554,30,day,2650646.081
710,1,MS,4,hiddenzone,39.96675123,8,13.35179095,1.16392415,30,day,1823332.903
710,1,MS,5,hiddenzone,22.52964767,8,4.26764282,0.65609487,30,day,1027254.838
711,1,MS,3,hiddenzone,0.4747872,8,0.24545102,0.02340554,30,day,2652146.081
711,1,MS,4,hiddenzone,39.88952427,8,13.36757884,1.16369682,30,day,1824910.778
711,1,MS,5,hiddenzone,22.49039327,8,4.27947702,0.65609142,30,day,1028832.712
712,1,MS,3,hiddenzone,0.4747872,8,0.24545102,0.02340554,30,day,2653646.081
712,1,MS,4,hiddenzone,39.81533369,8,13.38337274,1.16373566,30,day,1826540.723
712,1,MS,5,hiddenzone,22.45297146,8,4.29131503,0.65624154,30,day,1030462.658
713,1,MS,3,hiddenzone,0.4747872,8,0.24545102,0.02340554,30,day,2655146.081
713,1,MS,4,hiddenzone,39.73321667,8,13.39917322,1.16359904,30,day,1828245.914
713,1,MS,5,hiddenzone,22.41124522,8,4.30315728,0.65629865,30,day,1032167.849
714,1,MS,3,hiddenzone,0.4747872,8,0.24545102,0.02340554,30,day,2656646.081
714,1,MS,4,hiddenzone,39.65577379,8,13.41498247,1.16373896,30,day,1830033.218
714,1,MS,5,hiddenzone,22.37234405,8,4.31500526,0.65651757,30,day,1033955.153
715,1,MS,3,hiddenzone,0.4747872,8,0.24545102,0.02340554,30,day,2658146.081
715,1,MS,4,hiddenzone,39.57005969,8,13.4308005,1.16368439,30,day,1831880.032
715,1,MS,5,hiddenzone,22.32890327,8,4.326859,0.65663123,30,day,1035801.967
716,1,MS,3,hiddenzone,0.4747872,8,0.24545102,0.02340554,30,day,2659646.081
716,1,MS,4,hiddenzone,39.49013596,8,13.44662805,1.16389542,30,day,1833732.282
716,1,MS,5,hiddenzone,22.28871122,8,4.33871895,0.65689493,30,day,1037654.217
717,1,MS,3,hiddenzone,0.4747872,8,0.24545102,0.02340554,30,day,2661146.081
717,1,MS,4,hiddenzone,39.40379819,8,13.46246416,1.16388688,30,day,1835544.477
717,1,MS,5,hiddenzone,22.24478143,8,4.35058449,0.65703138,30,day,1039466.412
718,1,MS,3,hiddenzone,0.4747872,8,0.24545102,0.02340554,30,day,2662646.081
718,1,MS,4,hiddenzone,39.3247531,8,13.47830944,1.16414563,30,day,1837354.669
718,1,MS,5,hiddenzone,22.20491625,8,4.36245594,0.65731828,30,day,1041276.604
719,1,MS,3,hiddenzone,0.4747872,8,0.24545102,0.02340554,30,night,2664146.081
719,1,MS,4,hiddenzone,39.23384204,8,13.49416373,1.16411492,30,night,1839205.202
719,1,MS,5,hiddenzone,22.15843045,8,4.37433332,0.65744466,30,night,1043127.137
720,1,MS,3,hiddenzone,0.4747872,8,0.24545102,0.02340554,31,night,2665646.081
720,1,MS,4,hiddenzone,39.70247676,8,13.51004362,1.17126839,31,night,1841123.256
720,1,MS,5,hiddenzone,22.42362033,8,4.38622596,0.66160081,31,night,1045045.191
721,1,MS,3,hiddenzone,0.4747872,8,0.24545102,0.02340554,31,night,2667146.081
721,1,MS,4,hiddenzone,40.28101638,8,13.52595431,1.17683586,31,night,1843141.448
721,1,MS,5,hiddenzone,22.75570114,8,4.39813715,0.66490472,31,night,1047063.383
722,1,MS,3,hiddenzone,0.4747872,8,0.24545102,0.02340554,31,night,2668646.081
722,1,MS,4,hiddenzone,40.88010279,8,13.54189659,1.18254132,31,night,1845189.966
722,1,MS,5,hiddenzone,23.0996664,8,4.41006739,0.66829098,31,night,1049111.901
723,1,MS,3,hiddenzone,0.4747872,8,0.24545102,0.02340554,31,night,2670146.081
723,1,MS,4,hiddenzone,41.48103692,8,13.55786933,1.18784402,31,night,1847234.193
723,1,MS,5,hiddenzone,23.44486094,8,4.42201596,0.67144953,31,night,1051156.128
724,1,MS,3,hiddenzone,0.4747872,8,0.24545102,0.02340554,31,night,2671646.081
724,1,MS,4,hiddenzone,41.61434241,8,13.5738672,1.19034788,31,night,1849272.698
724,1,MS,5,hiddenzone,23.52957638,8,4.43398001,0.67305319,31,night,1053194.633
725,1,MS,3,hiddenzone,0.4747872,8,0.24545102,0.02340554,31,night,2673146.081
725,1,MS,4,hiddenzone,41.66329772,8,13.58988241,1.19168917,31,night,1851301.189
725,1,MS,5,hiddenzone,23.56284282,8,4.44595504,0.67396894,31,night,1055223.124
726,1,MS,3,hiddenzone,0.4747872,8,0.24545102,0.02340554,31,night,2674646.081
726,1,MS,4,hiddenzone,41.71080234,8,13.6059133,1.19291308,31,night,1853310.511
726,1,MS,5,hiddenzone,23.59524144,8,4.45794007,0.67481825,31,night,1057232.446
727,1,MS,3,hiddenzone,0.4747872,8,0.24545102,0.02340554,31,day,2676146.081
727,1,MS,4,hiddenzone,41.74620017,8,13.62195768,1.19374205,31,day,1855282.639
727,1,MS,5,hiddenzone,23.62069209,8,4.46993371,0.67544115,31,day,1059204.574
728,1,MS,3,hiddenzone,0.4747872,8,0.24545102,0.02340554,31,day,2677646.081
728,1,MS,4,hiddenzone,41.69453233,8,13.63801458,1.19413842,31,day,1857215.857
728,1,MS,5,hiddenzone,23.59762198,8,4.48193545,0.67582209,31,day,1061137.792
729,1,MS,3,hiddenzone,0.4747872,8,0.24545102,0.02340554,31,day,2679146.081
729,1,MS,4,hiddenzone,41.61938265,8,13.6540814,1.19404667,31,day,1859135.628
729,1,MS,5,hiddenzone,23.56033023,8,4.49394374,0.67591945,31,day,1063057.563
730,1,MS,3,hiddenzone,0.4747872,8,0.24545102,0.02340554,31,day,2680646.081
730,1,MS,4,hiddenzone,41.54782729,8,13.67015826,1.19414446,31,day,1861062.265
730,1,MS,5,hiddenzone,23.52506271,8,4.50595865,0.67612444,31,day,1064984.2
731,1,MS,3,hiddenzone,0.4747872,8,0.24545102,0.02340554,31,day,2682146.081
731,1,MS,4,hiddenzone,41.46764832,8,13.68624477,1.19399396,31,day,1863002.636
731,1,MS,5,hiddenzone,23.48491944,8,4.51798,0.67618938,31,day,1066924.57
732,1,MS,3,hiddenzone,0.4747872,8,0.24545102,0.02340554,31,day,2683646.081
732,1,MS,4,hiddenzone,41.3956318,8,13.70234119,1.19404838,31,day,1864940.145
732,1,MS,5,hiddenzone,23.44934048,8,4.53000788,0.67637066,31,day,1068862.08
733,1,MS,3,hiddenzone,0.4747872,8,0.24545102,0.02340554,31,day,2685146.081
733,1,MS,4,hiddenzone,41.3156272,8,13.71844615,1.19385197,31,day,1866830.447
733,1,MS,5,hiddenzone,23.40909261,8,4.54204143,0.67640546,31,day,1070752.382
734,1,MS,3,hiddenzone,0.4747872,8,0.24545102,0.02340554,31,day,2686646.081
734,1,MS,4,hiddenzone,41.24297608,8,13.73456008,1.19392303,31,day,1868671.253
734,1,MS,5,hiddenzone,23.37284609,8,4.55408089,0.67658788,31,day,1072593.187
735,1,MS,3,hiddenzone,0.4747872,8,0.24545102,0.02340554,31,day,2688146.081
735,1,MS,4,hiddenzone,41.16293584,8,13.75068148,1.19376599,31,day,1870454.837
735,1,MS,5,hiddenzone,23.33224036,8,4.56612523,0.67663626,31,day,1074376.772
736,1,MS,3,hiddenzone,0.4747872,8,0.24545102,0.02340554,31,day,2689646.081
736,1,MS,4,hiddenzone,41.0905201,8,13.76681007,1.19384757,31,day,1872171.186
736,1,MS,5,hiddenzone,23.2957481,8,4.5781742,0.67681484,31,day,1076093.121
737,1,MS,3,hiddenzone,0.4747872,8,0.24545102,0.02340554,31,day,2691146.081
737,1,MS,4,hiddenzone,41.01160687,8,13.78294476,1.19371534,31,day,1873838.612
737,1,MS,5,hiddenzone,23.25542585,8,4.59022708,0.676868,31,day,1077760.547
738,1,MS,3,hiddenzone,0.4747872,8,0.24545102,0.02340554,31,day,2692646.081
738,1,MS,4,hiddenzone,40.94413027,8,13.79908603,1.19386603,31,day,1875469.988
738,1,MS,5,hiddenzone,23.22146512,8,4.60228412,0.67707885,31,day,1079391.923
739,1,MS,3,hiddenzone,0.4747872,8,0.24545102,0.02340554,31,day,2694146.081
739,1,MS,4,hiddenzone,40.86699289,8,13.8152321,1.19372855,31,day,1877057.304
739,1,MS,5,hiddenzone,23.18189656,8,4.61434414,0.67712255,31,day,1080979.238
740,1,MS,3,hiddenzone,0.4747872,8,0.24545102,0.02340554,31,day,2695646.081
740,1,MS,4,hiddenzone,40.79653359,8,13.83138338,1.19381495,31,day,1878605.709
740,1,MS,5,hiddenzone,23.14598636,8,4.62640738,0.67729036,31,day,1082527.644
741,1,MS,3,hiddenzone,0.4747872,8,0.24545102,0.02340554,31,day,2697146.081
741,1,MS,4,hiddenzone,40.72004774,8,13.84753893,1.19370806,31,day,1880122.643
741,1,MS,5,hiddenzone,23.10656023,8,4.63847323,0.67734578,31,day,1084044.577
742,1,MS,3,hiddenzone,0.4747872,8,0.24545102,0.02340554,31,day,2698646.081
742,1,MS,4,hiddenzone,40.64835965,8,13.86369907,1.19382904,31,day,1881643.01
742,1,MS,5,hiddenzone,23.06984318,8,4.65054183,0.67753075,31,day,1085564.944
743,1,MS,3,hiddenzone,0.4747872,8,0.24545102,0.02340554,31,night,2700146.081
743,1,MS,4,hiddenzone,40.56999723,8,13.87986421,1.1937682,31,night,1883205.72
743,1,MS,5,hiddenzone,23.02941898,8,4.66261354,0.67761555,31,night,1087127.655
744,1,MS,3,hiddenzone,0.4747872,8,0.24545102,0.02340554,32,night,2701646.081
744,1,MS,4,hiddenzone,40.84085697,8,13.89604717,1.19883804,32,night,1884840.816
744,1,MS,5,hiddenzone,23.18421544,8,4.67469566,0.68059833,32,night,1088762.75
745,1,MS,3,hiddenzone,0.4747872,8,0.24545102,0.02340554,32,night,2703146.081
745,1,MS,4,hiddenzone,41.18240622,8,13.91224923,1.2021889,32,night,1886560.884
745,1,MS,5,hiddenzone,23.38264413,8,4.68678915,0.68263344,32,night,1090482.819
746,1,MS,3,hiddenzone,0.4747872,8,0.24545102,0.02340554,32,night,2704646.081
746,1,MS,4,hiddenzone,41.53762835,8,13.92847214,1.20577127,32,night,1888387.099
746,1,MS,5,hiddenzone,23.58915718,8,4.69889525,0.68480752,32,night,1092309.033
747,1,MS,3,hiddenzone,0.4747872,8,0.24545102,0.02340554,32,night,2706146.081
747,1,MS,4,hiddenzone,41.89084071,8,13.94471613,1.20906908,32,night,1890290.848
747,1,MS,5,hiddenzone,23.79479369,8,4.71101412,0.68682685,32,night,1094212.782
748,1,MS,3,hiddenzone,0.4747872,8,0.24545102,0.02340554,32,night,2707646.081
748,1,MS,4,hiddenzone,42.06452359,8,13.96098004,1.21146546,32,night,1892208.902
748,1,MS,5,hiddenzone,23.90012568,8,4.7231453,0.68834647,32,night,1096130.836
749,1,MS,3,hiddenzone,0.4747872,8,0.24545102,0.02340554,32,night,2709146.081
749,1,MS,4,hiddenzone,42.19951992,8,13.97725898,1.21321211,32,night,1894075.457
749,1,MS,5,hiddenzone,23.98178864,8,4.73528559,0.68948091,32,night,1097997.392
750,1,MS,3,hiddenzone,0.4747872,8,0.24545102,0.02340554,32,night,2710646.081
750,1,MS,4,hiddenzone,42.34252998,8,13.99355258,1.21508055,32,night,1895825.281
750,1,MS,5,hiddenzone,24.06773822,8,4.74743502,0.69067711,32,night,1099747.215
751,1,MS,3,hiddenzone,0.4747872,8,0.24545102,0.02340554,32,day,2712146.081
751,1,MS,4,hiddenzone,42.4774246,8,14.0098584,1.21660547,32,day,1897531.33
751,1,MS,5,hiddenzone,24.14893989,8,4.75959185,0.69167375,32,day,1101453.265
752,1,MS,3,hiddenzone,0.4747872,8,0.24545102,0.02340554,32,day,2713646.081
752,1,MS,4,hiddenzone,42.44508249,8,14.0261733,1.21714575,32,day,1899114.355
752,1,MS,5,hiddenzone,24.13642717,8,4.77175416,0.69211292,32,day,1103036.289
753,1,MS,3,hiddenzone,0.4747872,8,0.24545102,0.02340554,32,day,2715146.081
753,1,MS,4,hiddenzone,42.38138974,8,14.042492,1.2171392,32,day,1900515.129
753,1,MS,5,hiddenzone,24.10396283,8,4.78391863,0.69221575,32,day,1104437.064
754,1,MS,3,hiddenzone,0.4747872,8,0.24545102,0.02340554,32,day,2716646.081
754,1,MS,4,hiddenzone,42.3212233,8,14.05881155,1.217167,32,day,1901736.802
754,1,MS,5,hiddenzone,24.07302267,8,4.79608323,0.69232488,32,day,1105658.736
755,1,MS,3,hiddenzone,0.4747872,8,0.24545102,0.02340554,32,day,2718146.081
755,1,MS,4,hiddenzone,42.25506946,8,14.07512938,1.21697238,32,day,1902802.546
755,1,MS,5,hiddenzone,24.0382497,8,4.80824622,0.69229564,32,day,1106724.481
756,1,MS,3,hiddenzone,0.4747872,8,0.24545102,0.02340554,32,day,2719646.081
756,1,MS,4,hiddenzone,42.193749,8,14.09144419,1.21689442,32,day,1903745.551
756,1,MS,5,hiddenzone,24.00588666,8,4.82040665,0.69232355,32,day,1107667.486
757,1,MS,3,hiddenzone,0.4747872,8,0.24545102,0.02340554,32,day,2721146.081
757,1,MS,4,hiddenzone,42.12925224,8,14.10775375,1.21669233,32,day,1904582.697
757,1,MS,5,hiddenzone,23.97143969,8,4.83256296,0.69227216,32,day,1108504.632
758,1,MS,3,hiddenzone,0.4747872,8,0.24545102,0.02340554,32,day,2722646.081
758,1,MS,4,hiddenzone,42.0685968,8,14.12405793,1.2165802,32,day,1905343.167
758,1,MS,5,hiddenzone,23.93894285,8,4.84471505,0.69226715,32,day,1109265.102
759,1,MS,3,hiddenzone,0.4747872,8,0.24545102,0.02340554,32,day,2724146.081
759,1,MS,4,hiddenzone,42.00436141,8,14.14035574,1.21635791,32,day,1906051.279
759,1,MS,5,hiddenzone,23.90427014,8,4.85686226,0.69219506,32,day,1109973.214
760,1,MS,3,hiddenzone,0.4747872,8,0.24545102,0.02340554,32,day,2725646.081
760,1,MS,4,hiddenzone,41.94406659,8,14.15664656,1.21622954,32,day,1906715.903
760,1,MS,5,hiddenzone,23.87172459,8,4.8690041,0.69217268,32,day,1110637.838
761,1,MS,3,hiddenzone,0.4747872,8,0.24545102,0.02340554,32,day,2727146.081
761,1,MS,4,hiddenzone,41.8822568,8,14.17293015,1.21603982,32,day,1907346.195
761,1,MS,5,hiddenzone,23.83822676,8,4.88114043,0.69211245,32,day,1111268.129
762,1,MS,3,hiddenzone,0.4747872,8,0.24545102,0.02340554,32,day,2728646.081
762,1,MS,4,hiddenzone,41.82340941,8,14.18920572,1.21590835,32,day,1907949.02
762,1,MS,5,hiddenzone,23.80631907,8,4.89327064,0.69208419,32,day,1111870.954
763,1,MS,3,hiddenzone,0.4747872,8,0.24545102,0.02340554,32,day,2730146.081
763,1,MS,4,hiddenzone,41.76351173,8,14.20547349,1.21571826,32,day,1908522.948
763,1,MS,5,hiddenzone,23.77374716,8,4.90539494,0.69201941,32,day,1112444.883
764,1,MS,3,hiddenzone,0.4747872,8,0.24545102,0.02340554,32,day,2731646.081
764,1,MS,4,hiddenzone,41.73339129,8,14.22173742,1.21729626,32,day,1909070.269
764,1,MS,5,hiddenzone,23.75745654,8,4.91751548,0.69295936,32,day,1112992.204
765,1,MS,3,hiddenzone,0.4747872,8,0.24545102,0.02340554,32,day,2733146.081
765,1,MS,4,hiddenzone,41.71368442,8,14.23799527,1.21773674,32,day,1909594.415
765,1,MS,5,hiddenzone,23.74762669,8,4.92963092,0.69324979,32,day,1113516.35
766,1,MS,3,hiddenzone,0.4747872,8,0.24545102,0.02340554,32,day,2734646.081
766,1,MS,4,hiddenzone,41.68443409,8,14.25424687,1.21826794,32,day,1910106.258
766,1,MS,5,hiddenzone,23.73238465,8,4.94174123,0.69359118,32,day,1114028.193
767,1,MS,3,hiddenzone,0.4747872,8,0.24545102,0.02340554,32,night,2736146.081
767,1,MS,4,hiddenzone,41.6556416,8,14.27049226,1.2187674,32,night,1910675.323
767,1,MS,5,hiddenzone,23.71749096,8,4.95384638,0.69391978,32,night,1114597.258
768,1,MS,3,hiddenzone,0.4747872,8,0.24545102,0.02340554,33,night,2737646.081
768,1,MS,4,hiddenzone,42.64850064,8,14.28674751,1.22631696,33,night,1911506.747
768,1,MS,5,hiddenzone,24.27659041,8,4.96595594,0.69821372,33,night,1115428.682
769,1,MS,3,hiddenzone,0.4747872,8,0.24545102,0.02340554,33,night,2739146.081
769,1,MS,4,hiddenzone,43.83172573,8,14.30303287,1.23546451,33,night,1912704.959
769,1,MS,5,hiddenzone,24.95343978,8,4.97808223,0.70352267,33,night,1116626.893
770,1,MS,3,hiddenzone,0.4747872,8,0.24545102,0.02340554,33,night,2740646.081
770,1,MS,4,hiddenzone,45.05692299,8,14.31935421,1.24511383,33,night,1914160.666
770,1,MS,5,hiddenzone,25.65503598,8,4.99022915,0.70913482,33,night,1118082.6
771,1,MS,3,hiddenzone,0.4747872,8,0.24545102,0.02340554,33,night,2742146.081
771,1,MS,4,hiddenzone,46.16137368,8,14.33570748,1.25190357,33,night,1915708.499
771,1,MS,5,hiddenzone,26.29932791,8,5.00239476,0.71321285,33,night,1119630.434
772,1,MS,3,hiddenzone,0.4747872,8,0.24545102,0.02340554,33,night,2743646.081
772,1,MS,4,hiddenzone,46.70815102,8,14.35208782,1.25734905,33,night,1917202.544
772,1,MS,5,hiddenzone,26.61398205,8,5.01457602,0.71642424,33,night,1121124.479
773,1,MS,3,hiddenzone,0.4747872,8,0.24545102,0.02340554,33,night,2745146.081
773,1,MS,4,hiddenzone,47.02333432,8,14.36848396,1.26036746,33,night,1918586.724
773,1,MS,5,hiddenzone,26.79787698,8,5.02676625,0.71826058,33,night,1122508.659
774,1,MS,3,hiddenzone,0.4747872,8,0.24545102,0.02340554,33,night,2746646.081
774,1,MS,4,hiddenzone,47.32428591,8,14.3848914,1.26283954,33,night,1919888.793
774,1,MS,5,hiddenzone,26.97359594,8,5.03896314,0.71978169,33,night,1123810.727
775,1,MS,3,hiddenzone,0.4747872,8,0.24545102,0.02340554,33,day,2748146.081
775,1,MS,4,hiddenzone,47.60683532,8,14.40130643,1.26477855,33,day,1921129.634
775,1,MS,5,hiddenzone,27.13879043,8,5.05116427,0.72099743,33,day,1125051.569
776,1,MS,3,hiddenzone,0.4747872,8,0.24545102,0.02340554,33,day,2749646.081
776,1,MS,4,hiddenzone,47.66383727,8,14.41772747,1.26592928,33,day,1922314.113
776,1,MS,5,hiddenzone,27.17494369,8,5.06336882,0.72175826,33,day,1126236.047
777,1,MS,3,hiddenzone,0.4747872,8,0.24545102,0.02340554,33,day,2751146.081
777,1,MS,4,hiddenzone,47.63702626,8,14.43415012,1.26611357,33,day,1923494.586
777,1,MS,5,hiddenzone,27.16383507,8,5.07557426,0.72197462,33,day,1127416.52
778,1,MS,3,hiddenzone,0.4747872,8,0.24545102,0.02340554,33,day,2752646.081
778,1,MS,4,hiddenzone,47.60442401,8,14.45057402,1.26625601,33,day,1924689.936
778,1,MS,5,hiddenzone,27.149561,8,5.08778058,0.722171,33,day,1128611.871
779,1,MS,3,hiddenzone,0.4747872,8,0.24545102,0.02340554,33,day,2754146.081
779,1,MS,4,hiddenzone,47.5606652,8,14.46699824,1.2661521,33,day,1925914.47
779,1,MS,5,hiddenzone,27.12912551,8,5.09998728,0.72223222,33,day,1129836.404
780,1,MS,3,hiddenzone,0.4747872,8,0.24545102,0.02340554,33,day,2755646.081
780,1,MS,4,hiddenzone,47.51665502,8,14.4834238,1.26625403,33,day,1927169.33
780,1,MS,5,hiddenzone,27.10876249,8,5.11219514,0.72241683,33,day,1131091.265
781,1,MS,3,hiddenzone,0.4747872,8,0.24545102,0.02340554,33,day,2757146.081
781,1,MS,4,hiddenzone,47.46335167,8,14.49985061,1.26620288,33,day,1928441.071
781,1,MS,5,hiddenzone,27.08326062,8,5.12440421,0.72251871,33,day,1132363.006
782,1,MS,3,hiddenzone,0.4747872,8,0.24545102,0.02340554,33,day,2758646.081
782,1,MS,4,hiddenzone,47.41394325,8,14.51627957,1.26636043,33,day,1929729.12
782,1,MS,5,hiddenzone,27.06015646,8,5.13661517,0.72274424,33,day,1133651.055
783,1,MS,3,hiddenzone,0.4747872,8,0.24545102,0.02340554,33,day,2760146.081
783,1,MS,4,hiddenzone,47.35386992,8,14.53271011,1.26633851,33,day,1931026.611
783,1,MS,5,hiddenzone,27.03110459,8,5.14882771,0.72287157,33,day,1134948.545
784,1,MS,3,hiddenzone,0.4747872,8,0.24545102,0.02340554,33,day,2761646.081
784,1,MS,4,hiddenzone,47.29549695,8,14.5491431,1.266551,33,day,1932346.703
784,1,MS,5,hiddenzone,27.00319924,8,5.1610425,0.72313845,33,day,1136268.638
785,1,MS,3,hiddenzone,0.4747872,8,0.24545102,0.02340554,33,day,2763146.081
785,1,MS,4,hiddenzone,47.22971261,8,14.56557819,1.26660371,33,day,1933660.216
785,1,MS,5,hiddenzone,26.97117157,8,5.1732594,0.72331654,33,day,1137582.15
786,1,MS,3,hiddenzone,0.4747872,8,0.24545102,0.02340554,33,day,2764646.081
786,1,MS,4,hiddenzone,47.16935813,8,14.58201559,1.26686236,33,day,1934958.278
786,1,MS,5,hiddenzone,26.94226683,8,5.18547853,0.72361354,33,day,1138880.213
787,1,MS,3,hiddenzone,0.4747872,8,0.24545102,0.02340554,33,day,2766146.081
787,1,MS,4,hiddenzone,47.1038625,8,14.5984549,1.26693404,33,day,1936241.75
787,1,MS,5,hiddenzone,26.91046044,8,5.19769976,0.7238053,33,day,1140163.684
788,1,MS,3,hiddenzone,0.4747872,8,0.24545102,0.02340554,33,day,2767646.081
788,1,MS,4,hiddenzone,47.05848713,8,14.61489997,1.26908991,33,day,1937531.801
788,1,MS,5,hiddenzone,26.89030888,8,5.20992539,0.72519177,33,day,1141453.736
789,1,MS,3,hiddenzone,0.4747872,8,0.24545102,0.02340554,33,day,2769146.081
789,1,MS,4,hiddenzone,47.03073841,8,14.63135239,1.2702129,33,day,1938874.782
789,1,MS,5,hiddenzone,26.88052158,8,5.22215646,0.72599861,33,day,1142796.717
790,1,MS,3,hiddenzone,0.4747872,8,0.24545102,0.02340554,33,day,2770646.081
790,1,MS,4,hiddenzone,47.0106734,8,14.6478117,1.27122215,33,day,1940311.606
790,1,MS,5,hiddenzone,26.87568242,8,5.23439306,0.72675505,33,day,1144233.541
791,1,MS,3,hiddenzone,0.4747872,8,0.24545102,0.02340554,33,night,2772146.081
791,1,MS,4,hiddenzone,46.98352285,8,14.66427765,1.27195795,33,night,1941850.57
791,1,MS,5,hiddenzone,26.86739553,8,5.24663534,0.72737154,33,night,1145772.505
792,1,MS,3,hiddenzone,0.4747872,8,0.24545102,0.02340554,34,night,2773646.081
792,1,MS,4,hiddenzone,47.54480963,8,14.68075769,1.27561671,34,night,1943530.87
792,1,MS,5,hiddenzone,27.19768207,8,5.25888846,0.72969242,34,night,1147452.805
793,1,MS,3,hiddenzone,0.4747872,8,0.24545102,0.02340554,34,night,2775146.081
793,1,MS,4,hiddenzone,48.28849866,8,14.69726165,1.28121415,34,night,1945318.174
793,1,MS,5,hiddenzone,27.63207697,8,5.27115815,0.73313113,34,night,1149240.109
794,1,MS,3,hiddenzone,0.4747872,8,0.24545102,0.02340554,34,night,2776646.081
794,1,MS,4,hiddenzone,49.05673272,8,14.71379496,1.28764767,34,night,1947195.887
794,1,MS,5,hiddenzone,28.08151341,8,5.28344814,0.73707002,34,night,1151117.822
795,1,MS,3,hiddenzone,0.4747872,8,0.24545102,0.02340554,34,night,2778146.081
795,1,MS,4,hiddenzone,49.82961511,8,14.73035861,1.29383366,34,night,1949099.35
795,1,MS,5,hiddenzone,28.53429157,8,5.29575895,0.74087943,34,night,1153021.285
796,1,MS,3,hiddenzone,0.4747872,8,0.24545102,0.02340554,34,night,2779646.081
796,1,MS,4,hiddenzone,50.14654693,8,14.74694946,1.29829877,34,night,1950985.933
796,1,MS,5,hiddenzone,28.72546109,8,5.30808919,0.74370284,34,night,1154907.868
797,1,MS,3,hiddenzone,0.4747872,8,0.24545102,0.02340554,34,night,2781146.081
797,1,MS,4,hiddenzone,50.32116105,8,14.76355903,1.30079407,34,night,1952841.044
797,1,MS,5,hiddenzone,28.83615547,8,5.32043384,0.74540894,34,night,1156762.978
798,1,MS,3,hiddenzone,0.4747872,8,0.24545102,0.02340554,34,night,2782646.081
798,1,MS,4,hiddenzone,50.49471288,8,14.78018528,1.30313629,34,night,1954662.966
798,1,MS,5,hiddenzone,28.94635246,8,5.33279199,0.74702888,34,night,1158584.901
799,1,MS,3,hiddenzone,0.4747872,8,0.24545102,0.02340554,34,day,2784146.081
799,1,MS,4,hiddenzone,50.65263898,8,14.79682548,1.30498129,34,day,1956478.022
799,1,MS,5,hiddenzone,29.04784149,8,5.3451619,0.74836906,34,day,1160399.957
800,1,MS,3,hiddenzone,0.4747872,8,0.24545102,0.02340554,34,day,2785646.081
800,1,MS,4,hiddenzone,50.65518882,8,14.81348021,1.3062824,34,day,1958287.07
800,1,MS,5,hiddenzone,29.06012767,8,5.35754439,0.74939935,34,day,1162209.005
801,1,MS,3,hiddenzone,0.4747872,8,0.24545102,0.02340554,34,day,2787146.081
801,1,MS,4,hiddenzone,50.60403664,8,14.83014511,1.30665742,34,day,1960093.543
801,1,MS,5,hiddenzone,29.04211151,8,5.36993689,0.74990748,34,day,1164015.478
802,1,MS,3,hiddenzone,0.4747872,8,0.24545102,0.02340554,34,day,2788646.081
802,1,MS,4,hiddenzone,50.55445255,8,14.84681967,1.3071511,34,day,1961904.88
802,1,MS,5,hiddenzone,29.02521458,8,5.38233923,0.75048992,34,day,1165826.814
803,1,MS,3,hiddenzone,0.4747872,8,0.24545102,0.02340554,34,day,2790146.081
803,1,MS,4,hiddenzone,50.49277017,8,14.86350296,1.30731848,34,day,1963714.214
803,1,MS,5,hiddenzone,29.00154698,8,5.39475104,0.75089018,34,day,1167636.148
804,1,MS,3,hiddenzone,0.4747872,8,0.24545102,0.02340554,34,day,2791646.081
804,1,MS,4,hiddenzone,50.43502807,8,14.88019575,1.30776907,34,day,1965519.542
804,1,MS,5,hiddenzone,28.98029887,8,5.40717287,0.75145784,34,day,1169441.477
805,1,MS,3,hiddenzone,0.4747872,8,0.24545102,0.02340554,34,day,2793146.081
805,1,MS,4,hiddenzone,50.36594036,8,14.89689678,1.30792695,34,day,1967318.576
805,1,MS,5,hiddenzone,28.95265552,8,5.41960405,0.75186174,34,day,1171240.511
806,1,MS,3,hiddenzone,0.4747872,8,0.24545102,0.02340554,34,day,2794646.081
806,1,MS,4,hiddenzone,50.30481262,8,14.91360764,1.30848709,34,day,1969122.474
806,1,MS,5,hiddenzone,28.92979989,8,5.43204572,0.75250313,34,day,1173044.409
807,1,MS,3,hiddenzone,0.4747872,8,0.24545102,0.02340554,34,day,2796146.081
807,1,MS,4,hiddenzone,50.22887377,8,14.93032718,1.30868429,34,day,1970946.686
807,1,MS,5,hiddenzone,28.89871855,8,5.44449736,0.75294466,34,day,1174868.62
808,1,MS,3,hiddenzone,0.4747872,8,0.24545102,0.02340554,34,day,2797646.081
808,1,MS,4,hiddenzone,50.15969374,8,14.94705726,1.30921547,34,day,1972814.099
808,1,MS,5,hiddenzone,28.87199475,8,5.45696042,0.75359162,34,day,1176736.034
809,1,MS,3,hiddenzone,0.4747872,8,0.24545102,0.02340554,34,day,2799146.081
809,1,MS,4,hiddenzone,50.08195195,8,14.96379745,1.3094742,34,day,1974731.009
809,1,MS,5,hiddenzone,28.84084917,8,5.46943491,0.75409637,34,day,1178652.944
810,1,MS,3,hiddenzone,0.4747872,8,0.24545102,0.02340554,34,day,2800646.081
810,1,MS,4,hiddenzone,50.01214418,8,14.98054918,1.3100674,34,day,1976662.224
810,1,MS,5,hiddenzone,28.81455387,8,5.48192194,0.75480217,34,day,1180584.159
811,1,MS,3,hiddenzone,0.4747872,8,0.24545102,0.02340554,34,day,2802146.081
811,1,MS,4,hiddenzone,49.93451482,8,14.99731117,1.31035551,34,day,1978575.986
811,1,MS,5,hiddenzone,28.78380377,8,5.49442079,0.75533494,34,day,1182497.921
812,1,MS,3,hiddenzone,0.4747872,8,0.24545102,0.02340554,34,day,2803646.081
812,1,MS,4,hiddenzone,49.88557691,8,15.01408765,1.31321454,34,day,1980440.825
812,1,MS,5,hiddenzone,28.76946749,8,5.50693387,0.75734601,34,day,1184362.76
813,1,MS,3,hiddenzone,0.4747872,8,0.24545102,0.02340554,34,day,2805146.081
813,1,MS,4,hiddenzone,49.85157405,8,15.03087872,1.31471113,34,day,1982243.578
813,1,MS,5,hiddenzone,28.76335854,8,5.519461,0.75856789,34,day,1186165.513
814,1,MS,3,hiddenzone,0.4747872,8,0.24545102,0.02340554,34,day,2806646.081
814,1,MS,4,hiddenzone,49.82405297,8,15.04768248,1.31608791,34,day,1984044.329
814,1,MS,5,hiddenzone,28.76118323,8,5.53200123,0.75972476,34,day,1187966.264
815,1,MS,3,hiddenzone,0.4747872,8,0.24545102,0.02340554,34,night,2808146.081
815,1,MS,4,hiddenzone,49.78641898,8,15.0644979,1.3170642,34,night,1985890.285
815,1,MS,5,hiddenzone,28.75367446,8,5.54455428,0.76066436,34,night,1189812.219
816,1,MS,3,hiddenzone,0.4747872,8,0.24545102,0.02340554,35,night,2809646.081
816,1,MS,4,hiddenzone,50.2999268,8,15.08133032,1.3208162,35,night,1987827.508
816,1,MS,5,hiddenzone,29.06671782,8,5.55712388,0.76324207,35,night,1191749.443
817,1,MS,3,hiddenzone,0.4747872,8,0.24545102,0.02340554,35,night,2811146.081
817,1,MS,4,hiddenzone,50.96283974,8,15.09818834,1.32615767,35,night,1989829.677
817,1,MS,5,hiddenzone,29.46594275,8,5.56971529,0.76674778,35,night,1193751.612
818,1,MS,3,hiddenzone,0.4747872,8,0.24545102,0.02340554,35,night,2812646.081
818,1,MS,4,hiddenzone,51.64459782,8,15.11507703,1.33225612,35,night,1991925.403
818,1,MS,5,hiddenzone,29.87751469,8,5.58233221,0.77072206,35,night,1195847.338
819,1,MS,3,hiddenzone,0.4747872,8,0.24545102,0.02340554,35,night,2814146.081
819,1,MS,4,hiddenzone,52.32763936,8,15.13199736,1.33804195,35,night,1994105.53
819,1,MS,5,hiddenzone,30.2912397,8,5.59497556,0.77454337,35,night,1198027.465
820,1,MS,3,hiddenzone,0.4747872,8,0.24545102,0.02340554,35,night,2815646.081
820,1,MS,4,hiddenzone,52.55220942,8,15.14894713,1.34209112,35,night,1996272.783
820,1,MS,5,hiddenzone,30.43903441,8,5.60764442,0.777359,35,night,1200194.718
821,1,MS,3,hiddenzone,0.4747872,8,0.24545102,0.02340554,35,night,2817146.081
821,1,MS,4,hiddenzone,52.64806087,8,15.16591684,1.3441879,35,night,1998372.8
821,1,MS,5,hiddenzone,30.51304808,8,5.62033288,0.77904657,35,night,1202294.735
822,1,MS,3,hiddenzone,0.4747872,8,0.24545102,0.02340554,35,night,2818646.081
822,1,MS,4,hiddenzone,52.74555515,8,15.18290487,1.34618461,35,night,2000417.027
822,1,MS,5,hiddenzone,30.58782622,8,5.63304014,0.78067048,35,night,1204338.962
823,1,MS,3,hiddenzone,0.4747872,8,0.24545102,0.02340554,35,day,2820146.081
823,1,MS,4,hiddenzone,52.82888629,8,15.19990812,1.34765416,35,day,2002434.074
823,1,MS,5,hiddenzone,30.65443494,8,5.64576422,0.7819893,35,day,1206356.009
824,1,MS,3,hiddenzone,0.4747872,8,0.24545102,0.02340554,35,day,2821646.081
824,1,MS,4,hiddenzone,52.80581411,8,15.21692677,1.34877204,35,day,2004442.538
824,1,MS,5,hiddenzone,30.65917507,8,5.65850539,0.78310512,35,day,1208364.473
825,1,MS,3,hiddenzone,0.4747872,8,0.24545102,0.02340554,35,day,2823146.081
825,1,MS,4,hiddenzone,52.74225837,8,15.23395733,1.34908069,35,day,2006452.432
825,1,MS,5,hiddenzone,30.64086551,8,5.67126171,0.78376052,35,day,1210374.367
826,1,MS,3,hiddenzone,0.4747872,8,0.24545102,0.02340554,35,day,2824646.081
826,1,MS,4,hiddenzone,52.68220095,8,15.25100021,1.34960924,35,day,2008466.618
826,1,MS,5,hiddenzone,30.62480757,8,5.68403363,0.78455014,35,day,1212388.553
827,1,MS,3,hiddenzone,0.4747872,8,0.24545102,0.02340554,35,day,2826146.081
827,1,MS,4,hiddenzone,52.60813728,8,15.26805386,1.34978881,35,day,2010471.362
827,1,MS,5,hiddenzone,30.60066209,8,5.69682027,0.78513984,35,day,1214393.297
828,1,MS,3,hiddenzone,0.4747872,8,0.24545102,0.02340554,35,day,2827646.081
828,1,MS,4,hiddenzone,52.53513805,8,15.28511865,1.35009402,35,day,2012466.665
828,1,MS,5,hiddenzone,30.57719518,8,5.70962195,0.78580542,35,day,1216388.6
829,1,MS,3,hiddenzone,0.4747872,8,0.24545102,0.02340554,35,day,2829146.081
829,1,MS,4,hiddenzone,52.45601159,8,15.30219421,1.35030331,35,day,2014456.818
829,1,MS,5,hiddenzone,30.55024416,8,5.72243856,0.78641907,35,day,1218378.753
830,1,MS,3,hiddenzone,0.4747872,8,0.24545102,0.02340554,35,day,2830646.081
830,1,MS,4,hiddenzone,52.37541329,8,15.31928035,1.3505226,35,day,2016445.254
830,1,MS,5,hiddenzone,30.52254493,8,5.73527005,0.78704293,35,day,1220367.189
831,1,MS,3,hiddenzone,0.4747872,8,0.24545102,0.02340554,35,day,2832146.081
831,1,MS,4,hiddenzone,52.2940308,8,15.33637709,1.35076044,35,day,2018416.238
831,1,MS,5,hiddenzone,30.4943441,8,5.7481165,0.78767829,35,day,1222338.173
832,1,MS,3,hiddenzone,0.4747872,8,0.24545102,0.02340554,35,day,2833646.081
832,1,MS,4,hiddenzone,52.2128764,8,15.35348379,1.35100401,35,day,2020332.003
832,1,MS,5,hiddenzone,30.46586014,8,5.76097734,0.78830779,35,day,1224253.938
833,1,MS,3,hiddenzone,0.4747872,8,0.24545102,0.02340554,35,day,2835146.081
833,1,MS,4,hiddenzone,52.12563381,8,15.37059892,1.35113161,35,day,2022183.681
833,1,MS,5,hiddenzone,30.43329702,8,5.77385135,0.78885786,35,day,1226105.616
834,1,MS,3,hiddenzone,0.4747872,8,0.24545102,0.02340554,35,day,2836646.081
834,1,MS,4,hiddenzone,52.04166015,8,15.38772285,1.35141695,35,day,2024016.475
834,1,MS,5,hiddenzone,30.40255038,8,5.78673878,0.78949927,35,day,1227938.41
835,1,MS,3,hiddenzone,0.4747872,8,0.24545102,0.02340554,35,day,2838146.081
835,1,MS,4,hiddenzone,0.06597173,8,0.01924057,0.00172145,35,day,2025856.423
835,1,MS,5,hiddenzone,30.90340144,8,5.79969726,0.80638878,35,day,1229778.357
836,1,MS,3,hiddenzone,0.4747872,8,0.24545102,0.02340554,35,day,2839646.081
836,1,MS,4,hiddenzone,0.06484068,8,0.019262,0.00168984,35,day,2027686.928
836,1,MS,5,hiddenzone,30.33864467,8,5.81260593,0.79065993,35,day,1231608.863
837,1,MS,3,hiddenzone,0.4747872,8,0.24545102,0.02340554,35,day,2841146.081
837,1,MS,4,hiddenzone,0.06485555,8,0.01928353,0.00169796,35,day,2029467.938
837,1,MS,5,hiddenzone,30.31204978,8,5.82553707,0.79358352,35,day,1233389.873
838,1,MS,3,hiddenzone,0.4747872,8,0.24545102,0.02340554,35,day,2842646.081
838,1,MS,4,hiddenzone,0.06486015,8,0.01930515,0.00170485,35,day,2031291.577
838,1,MS,5,hiddenzone,30.27996186,8,5.83848786,0.79590255,35,day,1235213.512
839,1,MS,3,hiddenzone,0.4747872,8,0.24545102,0.02340554,35,night,2844146.081
839,1,MS,4,hiddenzone,0.06486207,8,0.01932686,0.00171149,35,night,2033196.757
839,1,MS,5,hiddenzone,30.24527033,8,5.85145826,0.79806573,35,night,1237118.691
840,1,MS,3,hiddenzone,0.4747872,8,0.24545102,0.02340554,36,night,2845646.081
840,1,MS,4,hiddenzone,0.06567989,8,0.01934868,0.00172587,36,night,2035212.945
840,1,MS,5,hiddenzone,30.59010303,8,5.86445573,0.80378506,36,night,1239134.88
841,1,MS,3,hiddenzone,0.4747872,8,0.24545102,0.02340554,36,night,2847146.081
841,1,MS,4,hiddenzone,0.06676272,8,0.01937064,0.00174023,36,night,2037484.626
841,1,MS,5,hiddenzone,31.0511957,8,5.87748795,0.80934307,36,night,1241406.561
842,1,MS,3,hiddenzone,0.4747872,8,0.24545102,0.02340554,36,night,2848646.081
842,1,MS,4,hiddenzone,0.0678851,8,0.01939275,0.001755,36,night,2040008.081
842,1,MS,5,hiddenzone,31.5247248,8,5.89055815,0.81495904,36,night,1243930.015
843,1,MS,3,hiddenzone,0.4747872,8,0.24545102,0.02340554,36,night,2850146.081
843,1,MS,4,hiddenzone,0.06902985,8,0.01941501,0.00176977,36,night,2042628.776
843,1,MS,5,hiddenzone,32.0054868,8,5.9036674,0.82051309,36,night,1246550.711
844,1,MS,3,hiddenzone,0.4747872,8,0.24545102,0.02340554,36,night,2851646.081
844,1,MS,4,hiddenzone,0.06954451,8,0.01943742,0.0017817,36,night,2045212.526
844,1,MS,5,hiddenzone,32.19290136,8,5.91681321,0.82475121,36,night,1249134.461
845,1,MS,3,hiddenzone,0.4747872,8,0.24545102,0.02340554,36,night,2853146.081
845,1,MS,4,hiddenzone,0.06989893,8,0.01945995,0.00179143,36,night,2047675.898
845,1,MS,5,hiddenzone,32.30927061,8,5.92998979,0.82803515,36,night,1251597.833
846,1,MS,3,hiddenzone,0.4747872,8,0.24545102,0.02340554,36,night,2854646.081
846,1,MS,4,hiddenzone,0.07023936,8,0.01948261,0.00180029,36,night,2049974.759
846,1,MS,5,hiddenzone,32.42222064,8,5.94319325,0.83098995,36,night,1253896.694
847,1,MS,3,hiddenzone,0.4747872,8,0.24545102,0.02340554,36,day,2856146.081
847,1,MS,4,hiddenzone,0.07056203,8,0.01950537,0.00180857,36,day,2052101.957
847,1,MS,5,hiddenzone,32.530133,8,5.95642056,0.83376331,36,day,1256023.892
848,1,MS,3,hiddenzone,0.4747872,8,0.24545102,0.02340554,36,day,2857646.081
848,1,MS,4,hiddenzone,0.07066044,8,0.01952823,0.00181559,36,day,2054082.382
848,1,MS,5,hiddenzone,32.53699635,8,5.96966922,0.83601727,36,day,1258004.317
849,1,MS,3,hiddenzone,0.4747872,8,0.24545102,0.02340554,36,day,2859146.081
849,1,MS,4,hiddenzone,0.0706958,8,0.01955118,0.00182159,36,day,2055938.638
849,1,MS,5,hiddenzone,32.51780372,8,5.9829357,0.83786847,36,day,1259860.572
850,1,MS,3,hiddenzone,0.4747872,8,0.24545102,0.02340554,36,day,2860646.081
850,1,MS,4,hiddenzone,0.0707239,8,0.01957421,0.00182725,36,day,2057672.44
850,1,MS,5,hiddenzone,32.49777436,8,5.99621778,0.83961945,36,day,1261594.374
851,1,MS,3,hiddenzone,0.4747872,8,0.24545102,0.02340554,36,day,2862146.081
851,1,MS,4,hiddenzone,0.07073846,8,0.01959732,0.00183253,36,day,2059286.935
851,1,MS,5,hiddenzone,32.47391793,8,6.00951365,0.8412525,36,day,1263208.87
852,1,MS,3,hiddenzone,0.4747872,8,0.24545102,0.02340554,36,day,2863646.081
852,1,MS,4,hiddenzone,0.07074425,8,0.01962049,0.00183759,36,day,2060791.28
852,1,MS,5,hiddenzone,32.44823963,8,6.02282162,0.84284121,36,day,1264713.215
853,1,MS,3,hiddenzone,0.4747872,8,0.24545102,0.02340554,36,day,2865146.081
853,1,MS,4,hiddenzone,0.07074381,8,0.01964373,0.00184256,36,day,2062242.982
853,1,MS,5,hiddenzone,32.42090419,8,6.03614091,0.84441241,36,day,1266164.917
854,1,MS,3,hiddenzone,0.4747872,8,0.24545102,0.02340554,36,day,2866646.081
854,1,MS,4,hiddenzone,0.07073966,8,0.01966703,0.00184757,36,day,2063709.275
854,1,MS,5,hiddenzone,32.39151715,8,6.0494717,0.84599244,36,day,1267631.21
855,1,MS,3,hiddenzone,0.4747872,8,0.24545102,0.02340554,36,day,2868146.081
855,1,MS,4,hiddenzone,0.07072917,8,0.01969039,0.00185261,36,day,2065189.301
855,1,MS,5,hiddenzone,32.35918193,8,6.06281401,0.84758115,36,day,1269111.236
856,1,MS,3,hiddenzone,0.4747872,8,0.24545102,0.02340554,36,day,2869646.081
856,1,MS,4,hiddenzone,0.07071965,8,0.01971383,0.00185781,36,day,2066724.259
856,1,MS,5,hiddenzone,32.32638665,8,6.07616894,0.84920948,36,day,1270646.194
857,1,MS,3,hiddenzone,0.4747872,8,0.24545102,0.02340554,36,day,2871146.081
857,1,MS,4,hiddenzone,0.07070985,8,0.01973733,0.00186312,36,day,2068323.591
857,1,MS,5,hiddenzone,32.29239878,8,6.08953713,0.85086077,36,day,1272245.526
858,1,MS,3,hiddenzone,0.4747872,8,0.24545102,0.02340554,36,day,2872646.081
858,1,MS,4,hiddenzone,0.07070191,8,0.01976092,0.00186857,36,day,2069982.148
858,1,MS,5,hiddenzone,32.25830173,8,6.1029195,0.85254424,36,day,1273904.082
859,1,MS,3,hiddenzone,0.4747872,8,0.24545102,0.02340554,36,day,2874146.081
859,1,MS,4,hiddenzone,0.07069495,8,0.01978457,0.00187411,36,day,2071685.336
859,1,MS,5,hiddenzone,32.22397611,8,6.11631667,0.85424674,36,day,1275607.271
860,1,MS,3,hiddenzone,0.4747872,8,0.24545102,0.02340554,36,day,2875646.081
860,1,MS,4,hiddenzone,0.07068857,8,0.01980831,0.00187971,36,day,2073411.127
860,1,MS,5,hiddenzone,32.18965515,8,6.12972899,0.8559669,36,day,1277333.062
861,1,MS,3,hiddenzone,0.4747872,8,0.24545102,0.02340554,36,day,2877146.081
861,1,MS,4,hiddenzone,0.07068133,8,0.01983213,0.00188536,36,day,2075150.079
861,1,MS,5,hiddenzone,32.15485646,8,6.14315673,0.85769575,36,day,1279072.014
862,1,MS,3,hiddenzone,0.4747872,8,0.24545102,0.02340554,36,day,2878646.081
862,1,MS,4,hiddenzone,0.07067492,8,0.01985603,0.00189112,36,day,2076940.816
862,1,MS,5,hiddenzone,32.11965544,8,6.15660058,0.85945537,36,day,1280862.751
863,1,MS,3,hiddenzone,0.4747872,8,0.24545102,0.02340554,36,night,2880146.081
863,1,MS,4,hiddenzone,0.07067157,8,0.01988002,0.00189704,36,night,2078821.676
863,1,MS,5,hiddenzone,32.08438712,8,6.17006164,0.86123887,36,night,1282743.611
864,1,MS,3,hiddenzone,0.4747872,8,0.24545102,0.02340554,37,night,2881646.081
864,1,MS,4,hiddenzone,0.07116211,8,0.01990411,0.00190895,37,night,2080817.265
864,1,MS,5,hiddenzone,32.27239246,8,6.18354619,0.86569394,37,night,1284739.2
865,1,MS,3,hiddenzone,0.4747872,8,0.24545102,0.02340554,37,night,2883146.081
865,1,MS,4,hiddenzone,0.07181668,8,0.01992832,0.00191995,37,night,2082963.06
865,1,MS,5,hiddenzone,32.5305058,8,6.19705804,0.86964325,37,night,1286884.995
866,1,MS,3,hiddenzone,0.4747872,8,0.24545102,0.02340554,37,night,2884646.081
866,1,MS,4,hiddenzone,0.07248803,8,0.01995264,0.00193098,37,night,2085217.575
866,1,MS,5,hiddenzone,32.79375151,8,6.21059823,0.8735553,37,night,1289139.509
867,1,MS,3,hiddenzone,0.4747872,8,0.24545102,0.02340554,37,night,2886146.081
867,1,MS,4,hiddenzone,0.07317127,8,0.01997709,0.00194204,37,night,2087502.131
867,1,MS,5,hiddenzone,33.06132764,8,6.2241671,0.87745436,37,night,1291424.065
868,1,MS,3,hiddenzone,0.4747872,8,0.24545102,0.02340554,37,night,2887646.081
868,1,MS,4,hiddenzone,0.07349316,8,0.02000166,0.00195131,37,night,2089793.839
868,1,MS,5,hiddenzone,33.16442834,8,6.23776332,0.88053048,37,night,1293715.774
869,1,MS,3,hiddenzone,0.4747872,8,0.24545102,0.02340554,37,night,2889146.081
869,1,MS,4,hiddenzone,0.0737355,8,0.02002634,0.00195967,37,night,2092062.659
869,1,MS,5,hiddenzone,33.23273527,8,6.25138491,0.88321534,37,night,1295984.594
870,1,MS,3,hiddenzone,0.4747872,8,0.24545102,0.02340554,37,night,2890646.081
870,1,MS,4,hiddenzone,0.07397089,8,0.02005113,0.00196759,37,night,2094277.119
870,1,MS,5,hiddenzone,33.29886598,8,6.26503028,0.88571906,37,night,1298199.054
871,1,MS,3,hiddenzone,0.4747872,8,0.24545102,0.02340554,37,day,2892146.081
871,1,MS,4,hiddenzone,0.07420088,8,0.02007603,0.00197527,37,day,2096444.372
871,1,MS,5,hiddenzone,33.36338703,8,6.27869834,0.88813899,37,day,1300366.306
872,1,MS,3,hiddenzone,0.4747872,8,0.24545102,0.02340554,37,day,2893646.081
872,1,MS,4,hiddenzone,0.07426589,8,0.02010102,0.00198198,37,day,2098577.291
872,1,MS,5,hiddenzone,33.35387508,8,6.29238801,0.89013292,37,day,1302499.226
873,1,MS,3,hiddenzone,0.4747872,8,0.24545102,0.02340554,37,day,2895146.081
873,1,MS,4,hiddenzone,0.07429022,8,0.02012612,0.00198812,37,day,2100683.031
873,1,MS,5,hiddenzone,33.32726879,8,6.30609772,0.8918876,37,day,1304604.966
874,1,MS,3,hiddenzone,0.4747872,8,0.24545102,0.02340554,37,day,2896646.081
874,1,MS,4,hiddenzone,0.07430991,8,0.02015131,0.00199407,37,day,2102765.882
874,1,MS,5,hiddenzone,33.29917778,8,6.31982697,0.8935644,37,day,1306687.817
875,1,MS,3,hiddenzone,0.4747872,8,0.24545102,0.02340554,37,day,2898146.081
875,1,MS,4,hiddenzone,0.07432365,8,0.0201766,0.00199994,37,day,2104825.845
875,1,MS,5,hiddenzone,33.26901252,8,6.33357517,0.8952198,37,day,1308747.78
876,1,MS,3,hiddenzone,0.4747872,8,0.24545102,0.02340554,37,day,2899646.081
876,1,MS,4,hiddenzone,0.07433229,8,0.02020198,0.00200576,37,day,2106865.78
876,1,MS,5,hiddenzone,33.23708955,8,6.34734189,0.89685709,37,day,1310787.715
877,1,MS,3,hiddenzone,0.4747872,8,0.24545102,0.02340554,37,day,2901146.081
877,1,MS,4,hiddenzone,0.07433655,8,0.02022745,0.00201157,37,day,2108885.688
877,1,MS,5,hiddenzone,33.20374651,8,6.36112702,0.89850106,37,day,1312807.623
878,1,MS,3,hiddenzone,0.4747872,8,0.24545102,0.02340554,37,day,2902646.081
878,1,MS,4,hiddenzone,0.07433668,8,0.02025301,0.00201734,37,day,2110886.713
878,1,MS,5,hiddenzone,33.16906726,8,6.37493015,0.90013431,37,day,1314808.648
879,1,MS,3,hiddenzone,0.4747872,8,0.24545102,0.02340554,37,day,2904146.081
879,1,MS,4,hiddenzone,0.07433489,8,0.02027867,0.00202308,37,day,2112865.994
879,1,MS,5,hiddenzone,33.13408586,8,6.38875106,0.9017666,37,day,1316787.929
880,1,MS,3,hiddenzone,0.4747872,8,0.24545102,0.02340554,37,day,2905646.081
880,1,MS,4,hiddenzone,0.07433185,8,0.02030441,0.00202872,37,day,2114810.084
880,1,MS,5,hiddenzone,33.09932413,8,6.40258915,0.90336881,37,day,1318732.019
881,1,MS,3,hiddenzone,0.4747872,8,0.24545102,0.02340554,37,day,2907146.081
881,1,MS,4,hiddenzone,0.07432501,8,0.02033023,0.00203424,37,day,2116676.067
881,1,MS,5,hiddenzone,33.06437564,8,6.41644334,0.90495525,37,day,1320598.001
882,1,MS,3,hiddenzone,0.4747872,8,0.24545102,0.02340554,37,day,2908646.081
882,1,MS,4,hiddenzone,0.07431458,8,0.02035614,0.00203968,37,day,2118477.676
882,1,MS,5,hiddenzone,33.02909555,8,6.43031282,0.90653226,37,day,1322399.61
883,1,MS,3,hiddenzone,0.4747872,8,0.24545102,0.02340554,37,day,2910146.081
883,1,MS,4,hiddenzone,0.07430095,8,0.02038212,0.00204507,37,day,2120259.257
883,1,MS,5,hiddenzone,32.99287637,8,6.44419715,0.90809896,37,day,1324181.192
884,1,MS,3,hiddenzone,0.4747872,8,0.24545102,0.02340554,37,day,2911646.081
884,1,MS,4,hiddenzone,0.07431701,8,0.02040819,0.00205337,37,day,2122041.983
884,1,MS,5,hiddenzone,32.97007154,8,6.45809883,0.91095476,37,day,1325963.918
885,1,MS,3,hiddenzone,0.4747872,8,0.24545102,0.02340554,37,day,2913146.081
885,1,MS,4,hiddenzone,0.07436846,8,0.02043434,0.00206026,37,day,2123851.317
885,1,MS,5,hiddenzone,32.96265187,8,6.47201841,0.91317054,37,day,1327773.252
886,1,MS,3,hiddenzone,0.4747872,8,0.24545102,0.02340554,37,day,2914646.081
886,1,MS,4,hiddenzone,0.07441357,8,0.02046058,0.00206671,37,day,2125734.753
886,1,MS,5,hiddenzone,32.95098823,8,6.48595556,0.91515395,37,day,1329656.688
887,1,MS,3,hiddenzone,0.4747872,8,0.24545102,0.02340554,37,night,2916146.081
887,1,MS,4,hiddenzone,0.07446308,8,0.02048691,0.00207321,37,night,2127727.767
887,1,MS,5,hiddenzone,32.93970287,8,6.49991124,0.9171086,37,night,1331649.701
888,1,MS,3,hiddenzone,0.4747872,8,0.24545102,0.02340554,38,night,2917646.081
888,1,MS,4,hiddenzone,0.07579442,8,0.02051335,0.00208612,38,night,2129896.45
888,1,MS,5,hiddenzone,33.49593155,8,6.51389171,0.92184392,38,night,1333818.384
889,1,MS,3,hiddenzone,0.4747872,8,0.24545102,0.02340554,38,night,2919146.081
889,1,MS,4,hiddenzone,0.07749345,8,0.02053993,0.00210276,38,night,2132202.464
889,1,MS,5,hiddenzone,34.2072621,8,6.52790563,0.92812018,38,night,1336124.398
890,1,MS,3,hiddenzone,0.4747872,8,0.24545102,0.02340554,38,night,2920646.081
890,1,MS,4,hiddenzone,0.07923118,8,0.02056665,0.00212011,38,night,2134625.781
890,1,MS,5,hiddenzone,34.932023,8,6.54195657,0.93464405,38,night,1338547.716
891,1,MS,3,hiddenzone,0.4747872,8,0.24545102,0.02340554,38,night,2922146.081
891,1,MS,4,hiddenzone,0.08099513,8,0.02059351,0.00213719,38,night,2137050.529
891,1,MS,5,hiddenzone,35.66679578,8,6.55604439,0.9410354,38,night,1340972.463
892,1,MS,3,hiddenzone,0.4747872,8,0.24545102,0.02340554,38,night,2923646.081
892,1,MS,4,hiddenzone,0.08179496,8,0.02062049,0.00214936,38,night,2139326.501
892,1,MS,5,hiddenzone,35.97543171,8,6.57016388,0.94530497,38,night,1343248.436
893,1,MS,3,hiddenzone,0.4747872,8,0.24545102,0.02340554,38,night,2925146.081
893,1,MS,4,hiddenzone,0.08234217,8,0.02064759,0.00215845,38,night,2141442.255
893,1,MS,5,hiddenzone,36.17840292,8,6.58430755,0.94831916,38,night,1345364.189
894,1,MS,3,hiddenzone,0.4747872,8,0.24545102,0.02340554,38,night,2926646.081
894,1,MS,4,hiddenzone,0.08286531,8,0.02067478,0.00216643,38,night,2143420.963
894,1,MS,5,hiddenzone,36.37296431,8,6.59847163,0.95089928,38,night,1347342.898
895,1,MS,3,hiddenzone,0.4747872,8,0.24545102,0.02340554,38,day,2928146.081
895,1,MS,4,hiddenzone,0.08337087,8,0.02070206,0.00217389,38,day,2145297.818
895,1,MS,5,hiddenzone,36.56136877,8,6.61265397,0.95330106,38,day,1349219.753
896,1,MS,3,hiddenzone,0.4747872,8,0.24545102,0.02340554,38,day,2929646.081
896,1,MS,4,hiddenzone,0.08350914,8,0.02072942,0.00217973,38,day,2147085.122
896,1,MS,5,hiddenzone,36.5888659,8,6.62685273,0.95502318,38,day,1351007.057
897,1,MS,3,hiddenzone,0.4747872,8,0.24545102,0.02340554,38,day,2931146.081
897,1,MS,4,hiddenzone,0.08354706,8,0.02075685,0.00218457,38,day,2148798.324
897,1,MS,5,hiddenzone,36.57510415,8,6.64106487,0.95635137,38,day,1352720.259
898,1,MS,3,hiddenzone,0.4747872,8,0.24545102,0.02340554,38,day,2932646.081
898,1,MS,4,hiddenzone,0.08356873,8,0.02078436,0.00218909,38,day,2150468.325
898,1,MS,5,hiddenzone,36.55508683,8,6.65528955,0.95755859,38,day,1354390.26
899,1,MS,3,hiddenzone,0.4747872,8,0.24545102,0.02340554,38,day,2934146.081
899,1,MS,4,hiddenzone,0.08358101,8,0.02081193,0.00219349,38,day,2152118.87
899,1,MS,5,hiddenzone,36.53142331,8,6.66952614,0.95872482,38,day,1356040.805
900,1,MS,3,hiddenzone,0.4747872,8,0.24545102,0.02340554,38,day,2935646.081
900,1,MS,4,hiddenzone,0.08358615,8,0.02083957,0.00219789,38,day,2153764.837
900,1,MS,5,hiddenzone,36.50483685,8,6.68377441,0.95988786,38,day,1357686.772
901,1,MS,3,hiddenzone,0.4747872,8,0.24545102,0.02340554,38,day,2937146.081
901,1,MS,4,hiddenzone,0.08357842,8,0.02086728,0.00220216,38,day,2155408.802
901,1,MS,5,hiddenzone,36.47277948,8,6.69803406,0.9609972,38,day,1359330.737
902,1,MS,3,hiddenzone,0.4747872,8,0.24545102,0.02340554,38,day,2938646.081
902,1,MS,4,hiddenzone,0.08357259,8,0.02089506,0.00220664,38,day,2157053.053
902,1,MS,5,hiddenzone,36.44166948,8,6.71230552,0.96219804,38,day,1360974.988
903,1,MS,3,hiddenzone,0.4747872,8,0.24545102,0.02340554,38,day,2940146.081
903,1,MS,4,hiddenzone,0.08356376,8,0.0209229,0.00221115,38,day,2158705.887
903,1,MS,5,hiddenzone,36.40923373,8,6.72658885,0.96341011,38,day,1362627.822
904,1,MS,3,hiddenzone,0.4747872,8,0.24545102,0.02340554,38,day,2941646.081
904,1,MS,4,hiddenzone,0.08354985,8,0.02095081,0.00221573,38,day,2160377.318
904,1,MS,5,hiddenzone,36.37437072,8,6.74088424,0.96464311,38,day,1364299.252
905,1,MS,3,hiddenzone,0.4747872,8,0.24545102,0.02340554,38,day,2943146.081
905,1,MS,4,hiddenzone,0.08353505,8,0.0209788,0.0022204,38,day,2160377.318
905,1,MS,5,hiddenzone,36.33890406,8,6.75519234,0.96590302,38,day,1365991.283
906,1,MS,3,hiddenzone,0.4747872,8,0.24545102,0.02340554,38,day,2944646.081
906,1,MS,4,hiddenzone,0.08351573,8,0.02100685,0.00222511,38,day,2160377.318
906,1,MS,5,hiddenzone,36.30121469,8,6.76951303,0.96717424,38,day,1367705.344
907,1,MS,3,hiddenzone,0.4747872,8,0.24545102,0.02340554,38,day,2946146.081
907,1,MS,4,hiddenzone,0.08349562,8,0.02103498,0.00222989,38,day,2160377.318
907,1,MS,5,hiddenzone,36.26301504,8,6.7838468,0.96846444,38,day,1369436.857
908,1,MS,3,hiddenzone,0.4747872,8,0.24545102,0.02340554,38,day,2947646.081
908,1,MS,4,hiddenzone,0.08347721,8,0.02106318,0.00223472,38,day,2160377.318
908,1,MS,5,hiddenzone,36.2255255,8,6.79819394,0.96977253,38,day,1371178.384
909,1,MS,3,hiddenzone,0.4747872,8,0.24545102,0.02340554,38,day,2949146.081
909,1,MS,4,hiddenzone,0.08345648,8,0.02109145,0.00223958,38,day,2160377.318
909,1,MS,5,hiddenzone,36.18694837,8,6.81255445,0.97108832,38,day,1372932.213
910,1,MS,3,hiddenzone,0.4747872,8,0.24545102,0.02340554,38,day,2950646.081
910,1,MS,4,hiddenzone,0.08343755,8,0.02111981,0.00224454,38,day,2160377.318
910,1,MS,5,hiddenzone,36.148764,8,6.82692879,0.97243352,38,day,1374717.514
911,1,MS,3,hiddenzone,0.4747872,8,0.24545102,0.02340554,38,night,2952146.081
911,1,MS,4,hiddenzone,0.08341846,8,0.02114823,0.00224961,38,night,2160377.318
911,1,MS,5,hiddenzone,36.10980297,8,6.84131766,0.97380011,38,night,1376553.742
912,1,MS,3,hiddenzone,0.4747872,8,0.24545102,0.02340554,39,night,2953646.081
912,1,MS,4,hiddenzone,0.08389525,8,0.02117676,0.00226101,39,night,2160377.318
912,1,MS,5,hiddenzone,36.28592452,8,6.85572682,0.97788527,39,night,1378472.082
913,1,MS,3,hiddenzone,0.4747872,8,0.24545102,0.02340554,39,night,2955146.081
913,1,MS,4,hiddenzone,0.08452288,8,0.02120538,0.002271,39,night,2160377.318
913,1,MS,5,hiddenzone,36.52365395,8,6.8701585,0.98129786,39,night,1380480.26
914,1,MS,3,hiddenzone,0.4747872,8,0.24545102,0.02340554,39,night,2956646.081
914,1,MS,4,hiddenzone,0.08516301,8,0.0212341,0.00228105,39,night,2160377.318
914,1,MS,5,hiddenzone,36.76504517,8,6.88461348,0.98469787,39,night,1382570.264
915,1,MS,3,hiddenzone,0.4747872,8,0.24545102,0.02340554,39,night,2958146.081
915,1,MS,4,hiddenzone,0.08581534,8,0.02126294,0.00229119,39,night,2160377.318
915,1,MS,5,hiddenzone,37.00980075,8,6.89909292,0.9880905,39,night,1384751.821
916,1,MS,3,hiddenzone,0.4747872,8,0.24545102,0.02340554,39,night,2959646.081
916,1,MS,4,hiddenzone,0.08613394,8,0.02129188,0.00229993,39,night,2160377.318
916,1,MS,5,hiddenzone,37.10851083,8,6.91359712,0.99084938,39,night,1386984.878
917,1,MS,3,hiddenzone,0.4747872,8,0.24545102,0.02340554,39,night,2961146.081
917,1,MS,4,hiddenzone,0.08637611,8,0.02132094,0.00230773,39,night,2160377.318
917,1,MS,5,hiddenzone,37.17506156,8,6.92812404,0.99319728,39,night,1389230.81
918,1,MS,3,hiddenzone,0.4747872,8,0.24545102,0.02340554,39,night,2962646.081
918,1,MS,4,hiddenzone,0.08660965,8,0.02135009,0.00231526,39,night,2160377.318
918,1,MS,5,hiddenzone,37.23784983,8,6.94267305,0.99543089,39,night,1391476.741
919,1,MS,3,hiddenzone,0.4747872,8,0.24545102,0.02340554,39,day,2964146.081
919,1,MS,4,hiddenzone,0.08684871,8,0.02137935,0.0023229,39,day,2160377.318
919,1,MS,5,hiddenzone,37.3027952,8,6.95724481,0.99770382,39,day,1393736.978
920,1,MS,3,hiddenzone,0.4747872,8,0.24545102,0.02340554,39,day,2965646.081
920,1,MS,4,hiddenzone,0.08689447,8,0.02140872,0.00232934,39,day,2160377.318
920,1,MS,5,hiddenzone,37.28356632,8,6.97183849,0.9994421,39,day,1396021.534
921,1,MS,3,hiddenzone,0.4747872,8,0.24545102,0.02340554,39,day,2967146.081
921,1,MS,4,hiddenzone,0.08690234,8,0.02143819,0.00233526,39,day,2160377.318
921,1,MS,5,hiddenzone,37.24866095,8,6.98645343,1.00095722,39,day,1398330.409
922,1,MS,3,hiddenzone,0.4747872,8,0.24545102,0.02340554,39,day,2968646.081
922,1,MS,4,hiddenzone,0.08690218,8,0.02146776,0.00234113,39,day,2160377.318
922,1,MS,5,hiddenzone,37.21006133,8,7.00108961,1.0024342,39,day,1400667.894
923,1,MS,3,hiddenzone,0.4747872,8,0.24545102,0.02340554,39,day,2970146.081
923,1,MS,4,hiddenzone,0.08689631,8,0.02149745,0.00234704,39,day,2160377.318
923,1,MS,5,hiddenzone,37.16854067,8,7.01574749,1.00391134,39,day,1403045.435
924,1,MS,3,hiddenzone,0.4747872,8,0.24545102,0.02340554,39,day,2971646.081
924,1,MS,4,hiddenzone,0.08688921,8,0.02152723,0.00235302,39,day,2160377.318
924,1,MS,5,hiddenzone,37.12614684,8,7.03042757,1.00540276,39,day,1405458.738
925,1,MS,3,hiddenzone,0.4747872,8,0.24545102,0.02340554,39,day,2973146.081
925,1,MS,4,hiddenzone,0.08687874,8,0.02155713,0.00235905,39,day,2160377.318
925,1,MS,5,hiddenzone,37.08210814,8,7.04513015,1.00690834,39,day,1407897.791
926,1,MS,3,hiddenzone,0.4747872,8,0.24545102,0.02340554,39,day,2974646.081
926,1,MS,4,hiddenzone,0.08686731,8,0.02158714,0.00236515,39,day,2160377.318
926,1,MS,5,hiddenzone,37.03747469,8,7.05985565,1.00842852,39,day,1410362.594
927,1,MS,3,hiddenzone,0.4747872,8,0.24545102,0.02340554,39,day,2976146.081
927,1,MS,4,hiddenzone,0.08685332,8,0.02161726,0.00237131,39,day,2160377.318
927,1,MS,5,hiddenzone,36.99154915,8,7.07460436,1.00996376,39,day,1412854.577
928,1,MS,3,hiddenzone,0.4747872,8,0.24545102,0.02340554,39,day,2977646.081
928,1,MS,4,hiddenzone,0.08683695,8,0.0216475,0.00237757,39,day,2160377.318
928,1,MS,5,hiddenzone,36.94443739,8,7.08937677,1.01152992,39,day,1415372.309
929,1,MS,3,hiddenzone,0.4747872,8,0.24545102,0.02340554,39,day,2979146.081
929,1,MS,4,hiddenzone,0.08682291,8,0.02167785,0.00238386,39,day,2160377.318
929,1,MS,5,hiddenzone,36.89832745,8,7.10417302,1.01310436,39,day,1417904.347
930,1,MS,3,hiddenzone,0.4747872,8,0.24545102,0.02340554,39,day,2980646.081
930,1,MS,4,hiddenzone,0.08680331,8,0.02170831,0.00239017,39,day,2160377.318
930,1,MS,5,hiddenzone,36.8500613,8,7.11899312,1.01468933,39,day,1420439.245
931,1,MS,3,hiddenzone,0.4747872,8,0.24545102,0.02340554,39,day,2982146.081
931,1,MS,4,hiddenzone,0.0867827,8,0.02173889,0.00239649,39,day,2160377.318
931,1,MS,5,hiddenzone,36.80172049,8,7.13383703,1.01627732,39,day,1422966.991
932,1,MS,3,hiddenzone,0.4747872,8,0.24545102,0.02340554,39,day,2983646.081
932,1,MS,4,hiddenzone,0.08675707,8,0.02176958,0.0024027,39,day,2160377.318
932,1,MS,5,hiddenzone,36.75161061,8,7.14870458,1.01782558,39,day,1425487.584
933,1,MS,3,hiddenzone,0.4747872,8,0.24545102,0.02340554,39,day,2985146.081
933,1,MS,4,hiddenzone,0.08673342,8,0.02180038,0.00240903,39,day,2160377.318
933,1,MS,5,hiddenzone,36.70253902,8,7.16359578,1.01942158,39,day,1428011.039
934,1,MS,3,hiddenzone,0.4747872,8,0.24545102,0.02340554,39,day,2986646.081
934,1,MS,4,hiddenzone,0.08670631,8,0.0218313,0.00241553,39,day,2160377.318
934,1,MS,5,hiddenzone,36.6514476,8,7.17851147,1.02106862,39,day,1430585.992
935,1,MS,3,hiddenzone,0.4747872,8,0.24545102,0.02340554,39,night,2988146.081
935,1,MS,4,hiddenzone,0.0866792,8,0.02186234,0.00242222,39,night,2160377.318
935,1,MS,5,hiddenzone,36.59903496,8,7.19345309,1.02275317,39,night,1433263.761
936,1,MS,3,hiddenzone,0.4747872,8,0.24545102,0.02340554,40,night,2989646.081
936,1,MS,4,hiddenzone,0.08779541,8,0.02189353,0.00244113,40,night,2160377.318
936,1,MS,5,hiddenzone,37.03176726,8,7.2084298,1.02958802,40,night,1436021.446
937,1,MS,3,hiddenzone,0.4747872,8,0.24545102,0.02340554,40,night,2991146.081
937,1,MS,4,hiddenzone,0.08920374,8,0.02192487,0.00245848,40,night,2160377.318
937,1,MS,5,hiddenzone,37.5812534,8,7.22344674,1.03567357,40,night,1438885.261
938,1,MS,3,hiddenzone,0.4747872,8,0.24545102,0.02340554,40,night,2992646.081
938,1,MS,4,hiddenzone,0.09064647,8,0.02195638,0.00247561,40,night,2160377.318
938,1,MS,5,hiddenzone,38.14345213,8,7.2385041,1.0416405,40,night,1441791.238
939,1,MS,3,hiddenzone,0.4747872,8,0.24545102,0.02340554,40,night,2994146.081
939,1,MS,4,hiddenzone,0.09211118,8,0.02198805,0.00249236,40,night,2160377.318
939,1,MS,5,hiddenzone,38.713509,8,7.25360158,1.04743503,40,night,1444713.578
940,1,MS,3,hiddenzone,0.4747872,8,0.24545102,0.02340554,40,night,2995646.081
940,1,MS,4,hiddenzone,0.09268646,8,0.02201987,0.00250462,40,night,2160377.318
940,1,MS,5,hiddenzone,38.90615371,8,7.26873632,1.05131809,40,night,1447621.188
941,1,MS,3,hiddenzone,0.4747872,8,0.24545102,0.02340554,40,night,2997146.081
941,1,MS,4,hiddenzone,0.09308404,8,0.02205184,0.0025146,40,night,2160377.318
941,1,MS,5,hiddenzone,39.02695883,8,7.28390403,1.05426713,40,night,1450532.065
942,1,MS,3,hiddenzone,0.4747872,8,0.24545102,0.02340554,40,night,2998646.081
942,1,MS,4,hiddenzone,0.09346617,8,0.02208394,0.0025239,40,night,2160377.318
942,1,MS,5,hiddenzone,39.14148813,8,7.29910318,1.05693145,40,night,1453423.385
943,1,MS,3,hiddenzone,0.4747872,8,0.24545102,0.02340554,40,day,3000146.081
943,1,MS,4,hiddenzone,0.09384294,8,0.02211619,0.00253289,40,day,2160377.318
943,1,MS,5,hiddenzone,39.25398445,8,7.31433289,1.05947475,40,day,1456301.732
944,1,MS,3,hiddenzone,0.4747872,8,0.24545102,0.02340554,40,day,3001646.081
944,1,MS,4,hiddenzone,0.09394326,8,0.02214856,0.00254018,40,day,2160377.318
944,1,MS,5,hiddenzone,39.25071063,8,7.32959181,1.06132154,40,day,1459109.658
945,1,MS,3,hiddenzone,0.4747872,8,0.24545102,0.02340554,40,day,3003146.081
945,1,MS,4,hiddenzone,0.09397384,8,0.02218105,0.00254629,40,day,2160377.318
945,1,MS,5,hiddenzone,39.2215709,8,7.34487625,1.06273877,40,day,1461799.584
946,1,MS,3,hiddenzone,0.4747872,8,0.24545102,0.02340554,40,day,3004646.081
946,1,MS,4,hiddenzone,0.09399419,8,0.02221366,0.00255193,40,day,2160377.318
946,1,MS,5,hiddenzone,39.18966459,8,7.36018428,1.06399865,40,day,1464406.924
947,1,MS,3,hiddenzone,0.4747872,8,0.24545102,0.02340554,40,day,3006146.081
947,1,MS,4,hiddenzone,0.09400574,8,0.02224638,0.00255738,40,day,2160377.318
947,1,MS,5,hiddenzone,39.15594325,8,7.37551445,1.06522354,40,day,1466908.92
948,1,MS,3,hiddenzone,0.4747872,8,0.24545102,0.02340554,40,day,3007646.081
948,1,MS,4,hiddenzone,0.09400943,8,0.0222792,0.00256262,40,day,2160377.318
948,1,MS,5,hiddenzone,39.12080908,8,7.39086521,1.06640567,40,day,1469303.627
949,1,MS,3,hiddenzone,0.4747872,8,0.24545102,0.02340554,40,day,3009146.081
949,1,MS,4,hiddenzone,0.09400746,8,0.02231212,0.00256772,40,day,2160377.318
949,1,MS,5,hiddenzone,39.08506271,8,7.40623533,1.06757258,40,day,1471596.766
950,1,MS,3,hiddenzone,0.4747872,8,0.24545102,0.02340554,40,day,3010646.081
950,1,MS,4,hiddenzone,0.09399761,8,0.02234513,0.00257266,40,day,2160377.318
950,1,MS,5,hiddenzone,39.04754826,8,7.42162311,1.06871454,40,day,1473802.643
951,1,MS,3,hiddenzone,0.4747872,8,0.24545102,0.02340554,40,day,3012146.081
951,1,MS,4,hiddenzone,0.09398273,8,0.02237823,0.00257753,40,day,2160377.318
951,1,MS,5,hiddenzone,39.00911751,8,7.43702799,1.0698537,40,day,1475942.715
952,1,MS,3,hiddenzone,0.4747872,8,0.24545102,0.02340554,40,day,3013646.081
952,1,MS,4,hiddenzone,0.09396202,8,0.02241141,0.00258232,40,day,2160377.318
952,1,MS,5,hiddenzone,38.96931983,8,7.45244906,1.07098153,40,day,1478022.705
953,1,MS,3,hiddenzone,0.4747872,8,0.24545102,0.02340554,40,day,3015146.081
953,1,MS,4,hiddenzone,0.09393887,8,0.02244467,0.00258701,40,day,2160377.318
953,1,MS,5,hiddenzone,38.92975203,8,7.46788545,1.07210431,40,day,1480030.025
954,1,MS,3,hiddenzone,0.4747872,8,0.24545102,0.02340554,40,day,3016646.081
954,1,MS,4,hiddenzone,0.09390938,8,0.02247801,0.00259157,40,day,2160377.318
954,1,MS,5,hiddenzone,38.88948269,8,7.4833357,1.07322021,40,day,1481918.896
955,1,MS,3,hiddenzone,0.4747872,8,0.24545102,0.02340554,40,day,3018146.081
955,1,MS,4,hiddenzone,0.09387474,8,0.02251143,0.00259605,40,day,2160377.318
955,1,MS,5,hiddenzone,38.84788419,8,7.4987988,1.07432062,40,day,1483761.991
956,1,MS,3,hiddenzone,0.4747872,8,0.24545102,0.02340554,40,day,3019646.081
956,1,MS,4,hiddenzone,0.09384041,8,0.02254491,0.00260049,40,day,2160377.318
956,1,MS,5,hiddenzone,38.80705117,8,7.51427463,1.0754199,40,day,1485570.18
957,1,MS,3,hiddenzone,0.4747872,8,0.24545102,0.02340554,40,day,3021146.081
957,1,MS,4,hiddenzone,0.09380024,8,0.02257846,0.00260486,40,day,1487316.571
957,1,MS,5,hiddenzone,38.76484494,8,7.52976207,1.07651564,40,day,2160377.318
958,1,MS,3,hiddenzone,0.4747872,8,0.24545102,0.02340554,40,day,3022646.081
958,1,MS,4,hiddenzone,0.09375726,8,0.02261208,0.00260932,40,day,2160377.318
958,1,MS,5,hiddenzone,38.7213048,8,7.54526151,1.07764497,40,day,1490945.538
959,1,MS,3,hiddenzone,0.4747872,8,0.24545102,0.02340554,40,night,3024146.081
959,1,MS,4,hiddenzone,0.09371625,8,0.02264577,0.00261398,40,night,1492976.89
959,1,MS,5,hiddenzone,38.67727533,8,7.56077436,1.07881353,40,night,2160377.318
960,1,MS,3,hiddenzone,0.4747872,8,0.24545102,0.02340554,41,night,3025646.081
960,1,MS,4,hiddenzone,0.09515984,8,0.02267957,0.00263088,41,night,2160377.318
960,1,MS,5,hiddenzone,39.24981632,8,7.5763103,1.08501037,41,night,1497458.74
961,1,MS,3,hiddenzone,0.4747872,8,0.24545102,0.02340554,41,night,3027146.081
961,1,MS,4,hiddenzone,0.09702084,8,0.02271348,0.00264805,41,night,1499769.045
961,1,MS,5,hiddenzone,39.98465024,8,7.59187634,1.09119176,41,night,2160377.318
962,1,MS,3,hiddenzone,0.4747872,8,0.24545102,0.02340554,41,night,3028646.081
962,1,MS,4,hiddenzone,0.09895126,8,0.02274752,0.00266554,41,night,2160377.318
962,1,MS,5,hiddenzone,40.74540945,8,7.60747473,1.09746063,41,night,1504155.049
963,1,MS,3,hiddenzone,0.4747872,8,0.24545102,0.02340554,41,night,3030146.081
963,1,MS,4,hiddenzone,0.10091694,8,0.0227817,0.00268274,41,night,1506186.402
963,1,MS,5,hiddenzone,41.51925601,8,7.62310534,1.10359396,41,night,2160377.318
964,1,MS,3,hiddenzone,0.4747872,8,0.24545102,0.02340554,41,night,3031646.081
964,1,MS,4,hiddenzone,0.10177334,8,0.02281598,0.00269469,41,night,2160377.318
964,1,MS,5,hiddenzone,41.83247686,8,7.63876413,1.10756174,41,night,1510073.437
965,1,MS,3,hiddenzone,0.4747872,8,0.24545102,0.02340554,41,night,3033146.081
965,1,MS,4,hiddenzone,0.10237195,8,0.02285037,0.00270372,41,night,1512015.81
965,1,MS,5,hiddenzone,42.04522264,8,7.65444505,1.11039559,41,night,2160377.318
966,1,MS,3,hiddenzone,0.4747872,8,0.24545102,0.02340554,41,night,3034646.081
966,1,MS,4,hiddenzone,0.10295172,8,0.02288486,0.0027118,41,night,2160377.318
966,1,MS,5,hiddenzone,42.2518312,8,7.67014504,1.1128878,41,night,1515920.584
967,1,MS,3,hiddenzone,0.4747872,8,0.24545102,0.02340554,41,day,3036146.081
967,1,MS,4,hiddenzone,0.10351466,8,0.02291942,0.00271951,41,day,1517726.771
967,1,MS,5,hiddenzone,42.45250397,8,7.68586263,1.11525433,41,day,2160377.318
968,1,MS,3,hiddenzone,0.4747872,8,0.24545102,0.02340554,41,day,3037646.081
968,1,MS,4,hiddenzone,0.10361914,8,0.02295407,0.00272511,41,day,2160377.318
968,1,MS,5,hiddenzone,42.46312336,8,7.70159698,1.1167509,41,day,1521016.989
969,1,MS,3,hiddenzone,0.4747872,8,0.24545102,0.02340554,41,day,3039146.081
969,1,MS,4,hiddenzone,0.10362884,8,0.0229888,0.0027297,41,day,1522563.964
969,1,MS,5,hiddenzone,42.43716615,8,7.7173456,1.11784414,41,day,2160377.318
970,1,MS,3,hiddenzone,0.4747872,8,0.24545102,0.02340554,41,day,3040646.081
970,1,MS,4,hiddenzone,0.10362566,8,0.0230236,0.00273406,41,day,2160377.318
970,1,MS,5,hiddenzone,42.40578916,8,7.73310847,1.11883868,41,day,1525538.321
971,1,MS,3,hiddenzone,0.4747872,8,0.24545102,0.02340554,41,day,3042146.081
971,1,MS,4,hiddenzone,0.10361704,8,0.02305848,0.00273834,41,day,1526974.573
971,1,MS,5,hiddenzone,42.37247636,8,7.74888521,1.11980447,41,day,2160377.318
972,1,MS,3,hiddenzone,0.4747872,8,0.24545102,0.02340554,41,day,3043646.081
972,1,MS,4,hiddenzone,0.10360029,8,0.02309343,0.00274233,41,day,2160377.318
972,1,MS,5,hiddenzone,42.33816229,8,7.7646738,1.12070908,41,day,1529722.906
973,1,MS,3,hiddenzone,0.4747872,8,0.24545102,0.02340554,41,day,3045146.081
973,1,MS,4,hiddenzone,0.10357347,8,0.02312844,0.00274612,41,day,1530997.508
973,1,MS,5,hiddenzone,42.30175464,8,7.78047245,1.12158266,41,day,2160377.318
974,1,MS,3,hiddenzone,0.4747872,8,0.24545102,0.02340554,41,day,3046646.081
974,1,MS,4,hiddenzone,0.10353965,8,0.02316351,0.00274982,41,day,2160377.318
974,1,MS,5,hiddenzone,42.26366828,8,7.79628028,1.12245039,41,day,1533799.63
975,1,MS,3,hiddenzone,0.4747872,8,0.24545102,0.02340554,41,day,3048146.081
975,1,MS,4,hiddenzone,0.10349737,8,0.02319863,0.00275345,41,day,1535444.453
975,1,MS,5,hiddenzone,42.22317178,8,7.81209617,1.12331354,41,day,2160377.318
976,1,MS,3,hiddenzone,0.4747872,8,0.24545102,0.02340554,41,day,3049646.081
976,1,MS,4,hiddenzone,0.10345094,8,0.0232338,0.00275702,41,day,2160377.318
976,1,MS,5,hiddenzone,42.18167536,8,7.82791975,1.12417042,41,day,1539240.506
977,1,MS,3,hiddenzone,0.4747872,8,0.24545102,0.02340554,41,day,3051146.081
977,1,MS,4,hiddenzone,0.10340629,8,0.02326902,0.00276068,41,day,1541211.49
977,1,MS,5,hiddenzone,42.14157969,8,7.84375053,1.12507878,41,day,2160377.318
978,1,MS,3,hiddenzone,0.4747872,8,0.24545102,0.02340554,41,day,3052646.081
978,1,MS,4,hiddenzone,0.10335619,8,0.0233043,0.00276421,41,day,2160377.318
978,1,MS,5,hiddenzone,42.09981268,8,7.85958808,1.12594347,41,day,1544908.837
979,1,MS,3,hiddenzone,0.4747872,8,0.24545102,0.02340554,41,day,3054146.081
979,1,MS,4,hiddenzone,0.10329948,8,0.02333961,0.00276771,41,day,1546565.963
979,1,MS,5,hiddenzone,42.05596801,8,7.87543177,1.1268159,41,day,2160377.318
980,1,MS,3,hiddenzone,0.4747872,8,0.24545102,0.02340554,41,day,3055646.081
980,1,MS,4,hiddenzone,0.10327992,8,0.02337498,0.00277478,41,day,2160377.318
980,1,MS,5,hiddenzone,42.02835722,8,7.89128375,1.12916049,41,day,1549626.724
981,1,MS,3,hiddenzone,0.4747872,8,0.24545102,0.02340554,41,day,3057146.081
981,1,MS,4,hiddenzone,0.10329536,8,0.0234104,0.00277957,41,day,1551119.625
981,1,MS,5,hiddenzone,42.01616038,8,7.90714239,1.13060418,41,day,2160377.318
982,1,MS,3,hiddenzone,0.4747872,8,0.24545102,0.02340554,41,day,3058646.081
982,1,MS,4,hiddenzone,0.10331104,8,0.02344585,0.00278402,41,day,2160377.318
982,1,MS,5,hiddenzone,42.00307805,8,7.92300765,1.13189275,41,day,1554168.942
983,1,MS,3,hiddenzone,0.4747872,8,0.24545102,0.02340554,41,night,3060146.081
983,1,MS,4,hiddenzone,0.10333246,8,0.02348137,0.00278859,41,night,1555761.694
983,1,MS,5,hiddenzone,41.99014921,8,7.93888103,1.13316705,41,night,2160377.318
984,1,MS,3,hiddenzone,0.4747872,8,0.24545102,0.02340554,42,night,3061646.081
984,1,MS,4,hiddenzone,0.10468797,8,0.02351695,0.00279958,42,night,2160377.318
984,1,MS,5,hiddenzone,42.52288919,8,7.95476816,1.13702838,42,night,1559115.713
985,1,MS,3,hiddenzone,0.4747872,8,0.24545102,0.02340554,42,night,3063146.081
985,1,MS,4,hiddenzone,0.10637118,8,0.02355262,0.00281378,42,night,1560877.554
985,1,MS,5,hiddenzone,43.17970175,8,7.97067594,1.14207921,42,night,2160377.318
986,1,MS,3,hiddenzone,0.4747872,8,0.24545102,0.02340554,42,night,3064646.081
986,1,MS,4,hiddenzone,0.10811837,8,0.02358839,0.00282909,42,night,2160377.318
986,1,MS,5,hiddenzone,43.85842313,8,7.98660908,1.14749216,42,night,1564554.015
987,1,MS,3,hiddenzone,0.4747872,8,0.24545102,0.02340554,42,night,3066146.081
987,1,MS,4,hiddenzone,0.10989227,8,0.02362427,0.00284428,42,night,1566490.38
987,1,MS,5,hiddenzone,44.54765286,8,8.00256731,1.15286752,42,night,2160377.318
988,1,MS,3,hiddenzone,0.4747872,8,0.24545102,0.02340554,42,night,3067646.081
988,1,MS,4,hiddenzone,0.11093248,8,0.02366024,0.00285557,42,night,2160377.318
988,1,MS,5,hiddenzone,44.93647062,8,8.01854726,1.15665916,42,night,1570551.654
989,1,MS,3,hiddenzone,0.4747872,8,0.24545102,0.02340554,42,night,3069146.081
989,1,MS,4,hiddenzone,0.11182636,8,0.0236963,0.00286509,42,night,1572680.282
989,1,MS,5,hiddenzone,45.27070961,8,8.03454499,1.15980277,42,night,2160377.318
990,1,MS,3,hiddenzone,0.4747872,8,0.24545102,0.02340554,42,night,3070646.081
990,1,MS,4,hiddenzone,0.11269926,8,0.02373242,0.00287354,42,night,2160377.318
990,1,MS,5,hiddenzone,45.59824835,8,8.05055711,1.16256048,42,night,1577154.979
991,1,MS,3,hiddenzone,0.4747872,8,0.24545102,0.02340554,42,day,3072146.081
991,1,MS,4,hiddenzone,0.11356482,8,0.02376862,0.00288161,42,day,1579499.617
991,1,MS,5,hiddenzone,45.92394072,8,8.06658166,1.1652074,42,day,2160377.318
992,1,MS,3,hiddenzone,0.4747872,8,0.24545102,0.02340554,42,day,3073646.081
992,1,MS,4,hiddenzone,0.11371392,8,0.02380487,0.00288669,42,day,2160377.318
992,1,MS,5,hiddenzone,45.95707022,8,8.08261728,1.16664175,42,day,1584244.684
993,1,MS,3,hiddenzone,0.4747872,8,0.24545102,0.02340554,42,day,3075146.081
993,1,MS,4,hiddenzone,0.11371898,8,0.02384117,0.00289039,42,day,1586635.099
993,1,MS,5,hiddenzone,45.93582382,8,8.09866081,1.16754944,42,day,2160377.318
994,1,MS,3,hiddenzone,0.4747872,8,0.24545102,0.02340554,42,day,3076646.081
994,1,MS,4,hiddenzone,0.11371067,8,0.02387753,0.00289371,42,day,2160377.318
994,1,MS,5,hiddenzone,45.90899695,8,8.11471207,1.16829531,42,day,1591375.874
995,1,MS,3,hiddenzone,0.4747872,8,0.24545102,0.02340554,42,day,3078146.081
995,1,MS,4,hiddenzone,0.1136918,8,0.02391393,0.00289699,42,day,1593607.5
995,1,MS,5,hiddenzone,45.87744374,8,8.1307708,1.1690122,42,day,2160377.318
996,1,MS,3,hiddenzone,0.4747872,8,0.24545102,0.02340554,42,day,3079646.081
996,1,MS,4,hiddenzone,0.1136644,8,0.02395039,0.00290045,42,day,2160377.318
996,1,MS,5,hiddenzone,45.84176306,8,8.14683815,1.1697811,42,day,1597679.074
997,1,MS,3,hiddenzone,0.4747872,8,0.24545102,0.02340554,42,day,3081146.081
997,1,MS,4,hiddenzone,0.11363249,8,0.02398691,0.00290403,42,day,1599499.566
997,1,MS,5,hiddenzone,45.80350797,8,8.16291449,1.17057586,42,day,2160377.318
998,1,MS,3,hiddenzone,0.4747872,8,0.24545102,0.02340554,42,day,3082646.081
998,1,MS,4,hiddenzone,0.11359704,8,0.02402349,0.00290777,42,day,2160377.318
998,1,MS,5,hiddenzone,45.76302958,8,8.17900068,1.17141405,42,day,1602680.778
999,1,MS,3,hiddenzone,0.4747872,8,0.24545102,0.02340554,42,day,3084146.081
999,1,MS,4,hiddenzone,0.113552,8,0.02406014,0.00291153,42,day,1604069.25
999,1,MS,5,hiddenzone,45.71793871,8,8.1950976,1.17223823,42,day,2160377.318
1000,1,MS,3,hiddenzone,0.4747872,8,0.24545102,0.02340554,42,day,3085646.081
1000,1,MS,4,hiddenzone,0.11350747,8,0.02409685,0.00291564,42,day,2160377.318
1000,1,MS,5,hiddenzone,45.67245701,8,8.21120625,1.1731866,42,day,1606539.775
1001,1,MS,3,hiddenzone,0.4747872,8,0.24545102,0.02340554,42,day,3087146.081
1001,1,MS,4,hiddenzone,0.11345978,8,0.02413363,0.00291988,42,day,1607651.296
1001,1,MS,5,hiddenzone,45.62492535,8,8.2273273,1.17416258,42,day,2160377.318
1002,1,MS,3,hiddenzone,0.4747872,8,0.24545102,0.02340554,42,day,3088646.081
1002,1,MS,4,hiddenzone,0.11341281,8,0.02417049,0.00292431,42,day,2160377.318
1002,1,MS,5,hiddenzone,45.57673105,8,8.24346174,1.17518953,42,day,1609833.999
1003,1,MS,3,hiddenzone,0.4747872,8,0.24545102,0.02340554,42,day,3090146.081
1003,1,MS,4,hiddenzone,0.11336598,8,0.02420742,0.00292889,42,day,1610866.555
1003,1,MS,5,hiddenzone,45.52784221,8,8.2596107,1.17625388,42,day,2160377.318
1004,1,MS,3,hiddenzone,0.4747872,8,0.24545102,0.02340554,42,day,3091646.081
1004,1,MS,4,hiddenzone,0.11331216,8,0.02424443,0.00293368,42,day,2160377.318
1004,1,MS,5,hiddenzone,45.47527294,8,8.27577492,1.17737599,42,day,1612788.042
1005,1,MS,3,hiddenzone,0.4747872,8,0.24545102,0.02340554,42,day,3093146.081
1005,1,MS,4,hiddenzone,0.11325785,8,0.02428153,0.00293862,42,day,1613707.015
1005,1,MS,5,hiddenzone,45.42166494,8,8.29195522,1.17853547,42,day,2160377.318
1006,1,MS,3,hiddenzone,0.4747872,8,0.24545102,0.02340554,42,day,3094646.081
1006,1,MS,4,hiddenzone,0.11320289,8,0.02431872,0.0029438,42,day,2160377.318
1006,1,MS,5,hiddenzone,45.36697441,8,8.30815283,1.17976191,42,day,1615935.78
1007,1,MS,3,hiddenzone,0.4747872,8,0.24545102,0.02340554,42,night,3096146.081
1007,1,MS,4,hiddenzone,0.11315074,8,0.024356,0.00294915,42,night,1617238.992
1007,1,MS,5,hiddenzone,45.31230046,8,8.32436909,1.18102611,42,night,2160377.318
1008,1,MS,3,hiddenzone,0.4747872,8,0.24545102,0.02340554,43,night,3097646.081
1008,1,MS,4,hiddenzone,0.11335371,8,0.02439339,0.00296208,43,night,2160377.318
1008,1,MS,5,hiddenzone,45.36030516,8,8.34060985,1.18530725,43,night,1620479.714
1009,1,MS,3,hiddenzone,0.4747872,8,0.24545102,0.02340554,43,night,3099146.081
1009,1,MS,4,hiddenzone,0.1136384,8,0.02443089,0.00297101,43,night,1622236.977
1009,1,MS,5,hiddenzone,45.43927636,8,8.35687466,1.18796821,43,night,2160377.318
1010,1,MS,3,hiddenzone,0.4747872,8,0.24545102,0.02340554,43,night,3100646.081
1010,1,MS,4,hiddenzone,0.11393124,8,0.02446849,0.00297927,43,night,2160377.318
1010,1,MS,5,hiddenzone,45.52143889,8,8.37316171,1.190358,43,night,1625445.655
1011,1,MS,3,hiddenzone,0.4747872,8,0.24545102,0.02340554,43,night,3102146.081
1011,1,MS,4,hiddenzone,0.11423073,8,0.0245062,0.00298744,43,night,1626669.044
1011,1,MS,5,hiddenzone,45.60599772,8,8.38947154,1.19270428,43,night,2160377.318
1012,1,MS,3,hiddenzone,0.4747872,8,0.24545102,0.02340554,43,night,3103646.081
1012,1,MS,4,hiddenzone,0.11437785,8,0.02454401,0.00299471,43,night,2160377.318
1012,1,MS,5,hiddenzone,45.62901652,8,8.40580389,1.19468222,43,night,1628426.593
1013,1,MS,3,hiddenzone,0.4747872,8,0.24545102,0.02340554,43,night,3105146.081
1013,1,MS,4,hiddenzone,0.11449687,8,0.02458193,0.0030015,43,night,1629161.027
1013,1,MS,5,hiddenzone,45.64221428,8,8.42215712,1.19649175,43,night,2160377.318
1014,1,MS,3,hiddenzone,0.4747872,8,0.24545102,0.02340554,43,night,3106646.081
1014,1,MS,4,hiddenzone,0.11461238,8,0.02461993,0.00300788,43,night,2160377.318
1014,1,MS,5,hiddenzone,45.65583473,8,8.43852917,1.19818543,43,night,1630500.002
1015,1,MS,3,hiddenzone,0.4747872,8,0.24545102,0.02340554,43,day,3108146.081
1015,1,MS,4,hiddenzone,0.1147254,8,0.02465802,0.0030141,43,day,1631121.138
1015,1,MS,5,hiddenzone,45.67036817,8,8.45491792,1.1998593,43,day,2160377.318
1016,1,MS,3,hiddenzone,0.4747872,8,0.24545102,0.02340554,43,day,3109646.081
1016,1,MS,4,hiddenzone,0.11471407,8,0.02469619,0.00301909,43,day,2160377.318
1016,1,MS,5,hiddenzone,45.63666366,8,8.47132198,1.20109465,43,day,1632292.17
1017,1,MS,3,hiddenzone,0.4747872,8,0.24545102,0.02340554,43,day,3111146.081
1017,1,MS,4,hiddenzone,0.11468204,8,0.02473443,0.00302362,43,day,1632835.485
1017,1,MS,5,hiddenzone,45.59779629,8,8.48773799,1.20220777,43,day,2160377.318
1018,1,MS,3,hiddenzone,0.4747872,8,0.24545102,0.02340554,43,day,3112646.081
1018,1,MS,4,hiddenzone,0.11465217,8,0.02477273,0.00302761,43,day,2160377.318
1018,1,MS,5,hiddenzone,45.56212885,8,8.50416348,1.20316435,43,day,1633799.948
1019,1,MS,3,hiddenzone,0.4747872,8,0.24545102,0.02340554,43,day,3114146.081
1019,1,MS,4,hiddenzone,0.11461001,8,0.02481107,0.0030313,43,day,1634224.816
1019,1,MS,5,hiddenzone,45.52381412,8,8.52059646,1.20406321,43,day,2160377.318
1020,1,MS,3,hiddenzone,0.4747872,8,0.24545102,0.02340554,43,day,3115646.081
1020,1,MS,4,hiddenzone,0.11456049,8,0.02484946,0.00303474,43,day,2160377.318
1020,1,MS,5,hiddenzone,45.48447685,8,8.53703508,1.20490646,43,day,1634966.116
1021,1,MS,3,hiddenzone,0.4747872,8,0.24545102,0.02340554,43,day,3117146.081
1021,1,MS,4,hiddenzone,0.114503,8,0.02488789,0.003038,43,day,1634966.116
1021,1,MS,5,hiddenzone,45.44356978,8,8.55347787,1.20572295,43,day,2160377.318
1022,1,MS,3,hiddenzone,0.4747872,8,0.24545102,0.02340554,43,day,3118646.081
1022,1,MS,4,hiddenzone,0.11443413,8,0.02492635,0.00304117,43,day,2160377.318
1022,1,MS,5,hiddenzone,45.3995258,8,8.56992351,1.20653554,43,day,1634966.116
1023,1,MS,3,hiddenzone,0.4747872,8,0.24545102,0.02340554,43,day,3120146.081
1023,1,MS,4,hiddenzone,0.11435856,8,0.02496483,0.00304422,43,day,1634966.116
1023,1,MS,5,hiddenzone,45.35395761,8,8.58637084,1.20733101,43,day,2160377.318
1024,1,MS,3,hiddenzone,0.4747872,8,0.24545102,0.02340554,43,day,3121646.081
1024,1,MS,4,hiddenzone,0.11428445,8,0.02500335,0.0030472,43,day,2160377.318
1024,1,MS,5,hiddenzone,45.3092537,8,8.6028199,1.2081067,43,day,1635986.942
1025,1,MS,3,hiddenzone,0.4747872,8,0.24545102,0.02340554,43,day,3123146.081
1025,1,MS,4,hiddenzone,0.11420598,8,0.02504189,0.00305018,43,day,1636842.685
1025,1,MS,5,hiddenzone,45.26297073,8,8.61926979,1.20888359,43,day,2160377.318
1026,1,MS,3,hiddenzone,0.4747872,8,0.24545102,0.02340554,43,day,3124646.081
1026,1,MS,4,hiddenzone,0.11412545,8,0.02508045,0.00305314,43,day,2160377.318
1026,1,MS,5,hiddenzone,45.21671714,8,8.63572065,1.2096693,43,day,1638276.362
1027,1,MS,3,hiddenzone,0.4747872,8,0.24545102,0.02340554,43,day,3126146.081
1027,1,MS,4,hiddenzone,0.11404304,8,0.02511904,0.00305601,43,day,1638794.5
1027,1,MS,5,hiddenzone,45.17046889,8,8.6521717,1.21044503,43,day,2160377.318
1028,1,MS,3,hiddenzone,0.4747872,8,0.24545102,0.02340554,43,day,3127646.081
1028,1,MS,4,hiddenzone,0.11407404,8,0.02515765,0.00306272,43,day,2160377.318
1028,1,MS,5,hiddenzone,45.17083622,8,8.66862491,1.21275476,43,day,1639691.156
1029,1,MS,3,hiddenzone,0.4747872,8,0.24545102,0.02340554,43,day,3129146.081
1029,1,MS,4,hiddenzone,0.1141486,8,0.02519628,0.00306708,43,day,1640087.412
1029,1,MS,5,hiddenzone,45.18764548,8,8.6850789,1.21414371,43,day,2160377.318
1030,1,MS,3,hiddenzone,0.4747872,8,0.24545102,0.02340554,43,day,3130646.081
1030,1,MS,4,hiddenzone,0.1142256,8,0.02523494,0.00307144,43,day,2160377.318
1030,1,MS,5,hiddenzone,45.20382203,8,8.70153495,1.21548747,43,day,1640766.056
1031,1,MS,3,hiddenzone,0.4747872,8,0.24545102,0.02340554,43,night,3132146.081
1031,1,MS,4,hiddenzone,0.11431144,8,0.02527364,0.00307598,43,night,1641053.878
1031,1,MS,5,hiddenzone,45.22129957,8,8.71799559,1.21684083,43,night,2160377.318
1032,1,MS,3,hiddenzone,0.4747872,8,0.24545102,0.02340554,44,night,3133646.081
1032,1,MS,4,hiddenzone,0.11545221,8,0.02531238,0.00308576,44,night,2160377.318
1032,1,MS,5,hiddenzone,45.6609203,8,8.7344644,1.22027304,44,night,1641535.681
1033,1,MS,3,hiddenzone,0.4747872,8,0.24545102,0.02340554,44,night,3135146.081
1033,1,MS,4,hiddenzone,0.11684921,8,0.0253512,0.00309799,44,night,1641735.955
1033,1,MS,5,hiddenzone,46.19208395,8,8.75094782,1.224539,44,night,2160377.318
1034,1,MS,3,hiddenzone,0.4747872,8,0.24545102,0.02340554,44,night,3136646.081
1034,1,MS,4,hiddenzone,0.11830018,8,0.02539009,0.00311121,44,night,2160377.318
1034,1,MS,5,hiddenzone,46.74119157,8,8.76744996,1.22911826,44,night,1642064.404
1035,1,MS,3,hiddenzone,0.4747872,8,0.24545102,0.02340554,44,night,3138146.081
1035,1,MS,4,hiddenzone,0.11976589,8,0.02542907,0.00312436,44,night,1642199.16
1035,1,MS,5,hiddenzone,47.2952052,8,8.78397144,1.23365326,44,night,2160377.318
1036,1,MS,3,hiddenzone,0.4747872,8,0.24545102,0.02340554,44,night,3139646.081
1036,1,MS,4,hiddenzone,0.12087229,8,0.02546813,0.00313484,44,night,2160377.318
1036,1,MS,5,hiddenzone,47.70501493,8,8.80050993,1.23712583,44,night,1642394.857
1037,1,MS,3,hiddenzone,0.4747872,8,0.24545102,0.02340554,44,night,3141146.081
1037,1,MS,4,hiddenzone,0.12190676,8,0.02550725,0.00314408,44,night,1642451.506
1037,1,MS,5,hiddenzone,48.09168786,8,8.8170614,1.24021316,44,night,2160377.318
1038,1,MS,3,hiddenzone,0.4747872,8,0.24545102,0.02340554,44,night,3142646.081
1038,1,MS,4,hiddenzone,0.12290107,8,0.02554641,0.00315199,44,night,2160377.318
1038,1,MS,5,hiddenzone,48.46604774,8,8.83362029,1.24287126,44,night,1642584.545
1039,1,MS,3,hiddenzone,0.4747872,8,0.24545102,0.02340554,44,day,3144146.081
1039,1,MS,4,hiddenzone,0.12388026,8,0.02558561,0.00315919,44,day,1642677.816
1039,1,MS,5,hiddenzone,48.83814263,8,8.85018268,1.24535119,44,day,2160377.318
1040,1,MS,3,hiddenzone,0.4747872,8,0.24545102,0.02340554,44,day,3145646.081
1040,1,MS,4,hiddenzone,0.12404565,8,0.02562482,0.00316286,44,day,2160377.318
1040,1,MS,5,hiddenzone,48.88602058,8,8.86674626,1.24646654,44,day,1642943.322
1041,1,MS,3,hiddenzone,0.4747872,8,0.24545102,0.02340554,44,day,3147146.081
1041,1,MS,4,hiddenzone,0.12403897,8,0.02566404,0.00316493,44,day,1643261.472
1041,1,MS,5,hiddenzone,48.8730634,8,8.88330634,1.24701245,44,day,2160377.318
1042,1,MS,3,hiddenzone,0.4747872,8,0.24545102,0.02340554,44,day,3148646.081
1042,1,MS,4,hiddenzone,0.12399837,8,0.02570327,0.00316645,44,day,2160377.318
1042,1,MS,5,hiddenzone,48.8465849,8,8.89986187,1.24735838,44,day,1643929.243
1043,1,MS,3,hiddenzone,0.4747872,8,0.24545102,0.02340554,44,day,3150146.081
1043,1,MS,4,hiddenzone,0.12394572,8,0.02574249,0.00316774,44,day,1644204.191
1043,1,MS,5,hiddenzone,48.8163436,8,8.9164115,1.24762563,44,day,2160377.318
1044,1,MS,3,hiddenzone,0.4747872,8,0.24545102,0.02340554,44,day,3151646.081
1044,1,MS,4,hiddenzone,0.12388255,8,0.02578172,0.00316886,44,day,2160377.318
1044,1,MS,5,hiddenzone,48.78243732,8,8.9329551,1.2478357,44,day,1644739.781
1045,1,MS,3,hiddenzone,0.4747872,8,0.24545102,0.02340554,44,day,3153146.081
1045,1,MS,4,hiddenzone,0.12381551,8,0.02582094,0.00317006,44,day,1644998.421
1045,1,MS,5,hiddenzone,48.74738703,8,8.94949237,1.2480886,44,day,2160377.318
1046,1,MS,3,hiddenzone,0.4747872,8,0.24545102,0.02340554,44,day,3154646.081
1046,1,MS,4,hiddenzone,0.12374444,8,0.02586016,0.00317121,44,day,2160377.318
1046,1,MS,5,hiddenzone,48.71110398,8,8.96602296,1.24833109,44,day,1645488.234
1047,1,MS,3,hiddenzone,0.4747872,8,0.24545102,0.02340554,44,day,3156146.081
1047,1,MS,4,hiddenzone,0.12367035,8,0.02589937,0.00317236,44,day,1645725.702
1047,1,MS,5,hiddenzone,48.67408569,8,8.98254646,1.24858129,44,day,2160377.318
1048,1,MS,3,hiddenzone,0.4747872,8,0.24545102,0.02340554,44,day,3157646.081
1048,1,MS,4,hiddenzone,0.12359551,8,0.02593857,0.00317341,44,day,2160377.318
1048,1,MS,5,hiddenzone,48.63739407,8,8.99906207,1.24880869,44,day,1646152.286
1049,1,MS,3,hiddenzone,0.4747872,8,0.24545102,0.02340554,44,day,3159146.081
1049,1,MS,4,hiddenzone,0.12351749,8,0.02597777,0.00317444,44,day,1646341.402
1049,1,MS,5,hiddenzone,48.60005485,8,9.01556965,1.2490441,44,day,2160377.318
1050,1,MS,3,hiddenzone,0.4747872,8,0.24545102,0.02340554,44,day,3160646.081
1050,1,MS,4,hiddenzone,0.12343609,8,0.02601695,0.00317543,44,day,2160377.318
1050,1,MS,5,hiddenzone,48.56194039,8,9.03206828,1.24927843,44,day,1646707.331
1051,1,MS,3,hiddenzone,0.4747872,8,0.24545102,0.02340554,44,day,3162146.081
1051,1,MS,4,hiddenzone,0.12335088,8,0.02605612,0.00317642,44,day,1646894.159
1051,1,MS,5,hiddenzone,48.52286024,8,9.04855803,1.24952311,44,day,2160377.318
1052,1,MS,3,hiddenzone,0.4747872,8,0.24545102,0.02340554,44,day,3163646.081
1052,1,MS,4,hiddenzone,0.12343371,8,0.02609528,0.00318029,44,day,2160377.318
1052,1,MS,5,hiddenzone,48.55209364,8,9.06504009,1.25092144,44,day,1647276.396
1053,1,MS,3,hiddenzone,0.4747872,8,0.24545102,0.02340554,44,day,3165146.081
1053,1,MS,4,hiddenzone,0.12355181,8,0.0261344,0.00318222,44,day,1647472.093
1053,1,MS,5,hiddenzone,48.5985051,8,9.08150907,1.25168208,44,day,2160377.318
1054,1,MS,3,hiddenzone,0.4747872,8,0.24545102,0.02340554,44,day,3166646.081
1054,1,MS,4,hiddenzone,0.12366709,8,0.0261735,0.00318419,44,day,2160377.318
1054,1,MS,5,hiddenzone,48.64379568,8,9.09796455,1.25245871,44,day,1647878.649
1055,1,MS,3,hiddenzone,0.4747872,8,0.24545102,0.02340554,44,night,3168146.081
1055,1,MS,4,hiddenzone,0.12378061,8,0.02621257,0.00318617,44,night,1648091.226
1055,1,MS,5,hiddenzone,48.68841206,8,9.11440753,1.25323947,44,night,2160377.318
1056,1,MS,3,hiddenzone,0.4747872,8,0.24545102,0.02340554,45,night,3169646.081
1056,1,MS,4,hiddenzone,0.1256661,8,0.02625162,0.00319868,45,night,2160377.318
1056,1,MS,5,hiddenzone,49.44093481,8,9.13084281,1.25826642,45,night,1648534.404
1057,1,MS,3,hiddenzone,0.4747872,8,0.24545102,0.02340554,45,night,3171146.081
1057,1,MS,4,hiddenzone,0.12800258,8,0.02629068,0.0032162,45,night,1648798.766
1057,1,MS,5,hiddenzone,50.35540494,8,9.14728165,1.26502416,45,night,2160377.318
1058,1,MS,3,hiddenzone,0.4747872,8,0.24545102,0.02340554,45,night,3172646.081
1058,1,MS,4,hiddenzone,0.13044419,8,0.02632979,0.00323518,45,night,2160377.318
1058,1,MS,5,hiddenzone,51.30542087,8,9.16373169,1.27221743,45,night,1649633.337
1059,1,MS,3,hiddenzone,0.4747872,8,0.24545102,0.02340554,45,night,3174146.081
1059,1,MS,4,hiddenzone,0.1329415,8,0.02636895,0.00325416,45,night,1650175.508
1059,1,MS,5,hiddenzone,52.27436515,8,9.18019499,1.27935378,45,night,2160377.318
1060,1,MS,3,hiddenzone,0.4747872,8,0.24545102,0.02340554,45,night,3175646.081
1060,1,MS,4,hiddenzone,0.13447359,8,0.02640816,0.00326648,45,night,2160377.318
1060,1,MS,5,hiddenzone,52.85879958,8,9.19666733,1.28383644,45,night,1651504.756
1061,1,MS,3,hiddenzone,0.4747872,8,0.24545102,0.02340554,45,night,3177146.081
1061,1,MS,4,hiddenzone,0.13578692,8,0.02644738,0.00327571,45,night,1652269.231
1061,1,MS,5,hiddenzone,53.3650931,8,9.21314209,1.28722792,45,night,2160377.318
1062,1,MS,3,hiddenzone,0.4747872,8,0.24545102,0.02340554,45,night,3178646.081
1062,1,MS,4,hiddenzone,0.13700285,8,0.02648661,0.00328266,45,night,2160377.318
1062,1,MS,5,hiddenzone,53.83448109,8,9.22961513,1.28976031,45,night,1653944.381
1063,1,MS,3,hiddenzone,0.4747872,8,0.24545102,0.02340554,45,day,3180146.081
1063,1,MS,4,hiddenzone,0.13822178,8,0.02652584,0.0032896,45,day,1654821.01
1063,1,MS,5,hiddenzone,54.30606929,8,9.24608493,1.29231153,45,day,2160377.318
1064,1,MS,3,hiddenzone,0.4747872,8,0.24545102,0.02340554,45,day,3181646.081
1064,1,MS,4,hiddenzone,0.1384435,8,0.02656508,0.00329252,45,day,2160377.318
1064,1,MS,5,hiddenzone,54.37949241,8,9.26255058,1.29325122,45,day,1656628.055
1065,1,MS,3,hiddenzone,0.4747872,8,0.24545102,0.02340554,45,day,3183146.081
1065,1,MS,4,hiddenzone,0.13844818,8,0.0266043,0.00329353,45,day,1657548.458
1065,1,MS,5,hiddenzone,54.37495295,8,9.27900751,1.29350119,45,day,2160377.318
1066,1,MS,3,hiddenzone,0.4747872,8,0.24545102,0.02340554,45,day,3184646.081
1066,1,MS,4,hiddenzone,0.13842633,8,0.0266435,0.00329389,45,day,2160377.318
1066,1,MS,5,hiddenzone,54.36058742,8,9.29545452,1.29350858,45,day,1659422.165
1067,1,MS,3,hiddenzone,0.4747872,8,0.24545102,0.02340554,45,day,3186146.081
1067,1,MS,4,hiddenzone,0.13837821,8,0.02668269,0.00329401,45,day,1660381.192
1067,1,MS,5,hiddenzone,54.33608251,8,9.31189128,1.29343601,45,day,2160377.318
1068,1,MS,3,hiddenzone,0.4747872,8,0.24545102,0.02340554,45,day,3187646.081
1068,1,MS,4,hiddenzone,0.13832623,8,0.02672186,0.00329399,45,day,2160377.318
1068,1,MS,5,hiddenzone,54.31150789,8,9.32831663,1.2933185,45,day,1662338.443
1069,1,MS,3,hiddenzone,0.4747872,8,0.24545102,0.02340554,45,day,3189146.081
1069,1,MS,4,hiddenzone,0.13825758,8,0.026761,0.00329393,45,day,1663351.544
1069,1,MS,5,hiddenzone,54.27999883,8,9.3447307,1.29319882,45,day,2160377.318
1070,1,MS,3,hiddenzone,0.4747872,8,0.24545102,0.02340554,45,day,3190646.081
1070,1,MS,4,hiddenzone,0.13817886,8,0.02680012,0.00329385,45,day,2160377.318
1070,1,MS,5,hiddenzone,54.24552826,8,9.3611327,1.29308401,45,day,1665644.969
1071,1,MS,3,hiddenzone,0.4747872,8,0.24545102,0.02340554,45,day,3192146.081
1071,1,MS,4,hiddenzone,0.13809025,8,0.02683922,0.00329379,45,day,1666996.534
1071,1,MS,5,hiddenzone,54.20756507,8,9.37752229,1.29298351,45,day,2160377.318
1072,1,MS,3,hiddenzone,0.4747872,8,0.24545102,0.02340554,45,day,3193646.081
1072,1,MS,4,hiddenzone,0.13799997,8,0.02687828,0.00329372,45,day,2160377.318
1072,1,MS,5,hiddenzone,54.16933554,8,9.39389871,1.29289061,45,day,1670065.02
1073,1,MS,3,hiddenzone,0.4747872,8,0.24545102,0.02340554,45,day,3195146.081
1073,1,MS,4,hiddenzone,0.1379032,8,0.02691732,0.00329367,45,day,1671656.055
1073,1,MS,5,hiddenzone,54.12895507,8,9.41026247,1.29281371,45,day,2160377.318
1074,1,MS,3,hiddenzone,0.4747872,8,0.24545102,0.02340554,45,day,3196646.081
1074,1,MS,4,hiddenzone,0.13780343,8,0.02695633,0.00329366,45,day,2160377.318
1074,1,MS,5,hiddenzone,54.0876648,8,9.42661346,1.29276052,45,day,1674812.662
1075,1,MS,3,hiddenzone,0.4747872,8,0.24545102,0.02340554,45,day,3198146.081
1075,1,MS,4,hiddenzone,0.1377004,8,0.02699532,0.00329368,45,day,1676325.59
1075,1,MS,5,hiddenzone,54.04546843,8,9.44295102,1.29272791,45,day,2160377.318
1076,1,MS,3,hiddenzone,0.4747872,8,0.24545102,0.02340554,45,day,3199646.081
1076,1,MS,4,hiddenzone,0.13771893,8,0.02703427,0.00329644,45,day,2160377.318
1076,1,MS,5,hiddenzone,54.05281217,8,9.45927673,1.29378156,45,day,1679240.151
1077,1,MS,3,hiddenzone,0.4747872,8,0.24545102,0.02340554,45,day,3201146.081
1077,1,MS,4,hiddenzone,0.13777206,8,0.0270732,0.00329772,45,day,1680624.046
1077,1,MS,5,hiddenzone,54.07274379,8,9.47559003,1.29426605,45,day,2160377.318
1078,1,MS,3,hiddenzone,0.4747872,8,0.24545102,0.02340554,45,day,3202646.081
1078,1,MS,4,hiddenzone,0.13782048,8,0.0271121,0.00329903,45,day,2160377.318
1078,1,MS,5,hiddenzone,54.09080467,8,9.49189037,1.29476237,45,day,1683335.758
1079,1,MS,3,hiddenzone,0.4747872,8,0.24545102,0.02340554,45,night,3204146.081
1079,1,MS,4,hiddenzone,0.13786784,8,0.02715096,0.00330041,45,night,1684697.336
1079,1,MS,5,hiddenzone,54.10818298,8,9.5081779,1.29527407,45,night,2160377.318
1080,1,MS,3,hiddenzone,0.4747872,8,0.24545102,0.02340554,46,night,3205646.081
1080,1,MS,4,hiddenzone,0.13983075,8,0.02718982,0.00331291,46,night,2160377.318
1080,1,MS,5,hiddenzone,54.88884819,8,9.52445842,1.30025783,46,night,1687376.432
1081,1,MS,3,hiddenzone,0.4747872,8,0.24545102,0.02340554,46,night,3207146.081
1081,1,MS,4,hiddenzone,0.14219993,8,0.02722868,0.00332968,46,night,1688566.633
1081,1,MS,5,hiddenzone,55.8172132,8,9.54073897,1.3067875,46,night,2160377.318
1082,1,MS,3,hiddenzone,0.4747872,8,0.24545102,0.02340554,46,night,3208646.081
1082,1,MS,4,hiddenzone,0.14463564,8,0.02726755,0.00334729,46,night,2160377.318
1082,1,MS,5,hiddenzone,56.77073612,8,9.55702197,1.31362992,46,night,1690675.233
1083,1,MS,3,hiddenzone,0.4747872,8,0.24545102,0.02340554,46,night,3210146.081
1083,1,MS,4,hiddenzone,0.14712033,8,0.02730644,0.00336475,46,night,1691628.824
1083,1,MS,5,hiddenzone,57.7406157,8,9.57330964,1.32035679,46,night,2160377.318
1084,1,MS,3,hiddenzone,0.4747872,8,0.24545102,0.02340554,46,night,3211646.081
1084,1,MS,4,hiddenzone,0.14864814,8,0.02734534,0.00337584,46,night,2160377.318
1084,1,MS,5,hiddenzone,58.32849439,8,9.58959923,1.32450714,46,night,1693390.379
1085,1,MS,3,hiddenzone,0.4747872,8,0.24545102,0.02340554,46,night,3213146.081
1085,1,MS,4,hiddenzone,0.14999965,8,0.02738425,0.00338444,46,night,1694280.168
1085,1,MS,5,hiddenzone,58.85353075,8,9.60588635,1.32776657,46,night,2160377.318
1086,1,MS,3,hiddenzone,0.4747872,8,0.24545102,0.02340554,46,night,3214646.081
1086,1,MS,4,hiddenzone,0.15128872,8,0.02742315,0.0033916,46,night,2160377.318
1086,1,MS,5,hiddenzone,59.35434686,8,9.62216805,1.33046833,46,night,1696483.47
1087,1,MS,3,hiddenzone,0.4747872,8,0.24545102,0.02340554,46,day,3216146.081
1087,1,MS,4,hiddenzone,0.15256115,8,0.02746205,0.00339835,46,day,1697877.092
1087,1,MS,5,hiddenzone,59.84886203,8,9.63844428,1.3330107,46,day,2160377.318
1088,1,MS,3,hiddenzone,0.4747872,8,0.24545102,0.02340554,46,day,3217646.081
1088,1,MS,4,hiddenzone,0.15276202,8,0.02750093,0.00340067,46,day,2160377.318
1088,1,MS,5,hiddenzone,59.91562543,8,9.65471411,1.33376851,46,day,1701203.073
1089,1,MS,3,hiddenzone,0.4747872,8,0.24545102,0.02340554,46,day,3219146.081
1089,1,MS,4,hiddenzone,0.15276079,8,0.02753979,0.00340113,46,day,1703091.659
1089,1,MS,5,hiddenzone,59.91052055,8,9.67097289,1.33385203,46,day,2160377.318
1090,1,MS,3,hiddenzone,0.4747872,8,0.24545102,0.02340554,46,day,3220646.081
1090,1,MS,4,hiddenzone,0.15273162,8,0.02757864,0.00340107,46,day,2160377.318
1090,1,MS,5,hiddenzone,59.89465961,8,9.68722111,1.33373491,46,day,1706905.165
1091,1,MS,3,hiddenzone,0.4747872,8,0.24545102,0.02340554,46,day,3222146.081
1091,1,MS,4,hiddenzone,0.15267103,8,0.02761746,0.00340082,46,day,1708709.921
1091,1,MS,5,hiddenzone,59.86619618,8,9.70345741,1.33354442,46,day,2160377.318
1092,1,MS,3,hiddenzone,0.4747872,8,0.24545102,0.02340554,46,day,3223646.081
1092,1,MS,4,hiddenzone,0.15261094,8,0.02765625,0.00340052,46,day,2160377.318
1092,1,MS,5,hiddenzone,59.83889276,8,9.7196817,1.3333357,46,day,1712233.602
1093,1,MS,3,hiddenzone,0.4747872,8,0.24545102,0.02340554,46,day,3225146.081
1093,1,MS,4,hiddenzone,0.15252733,8,0.02769502,0.00340023,46,day,1713983.139
1093,1,MS,5,hiddenzone,59.80175969,8,9.73589349,1.33313745,46,day,2160377.318
1094,1,MS,3,hiddenzone,0.4747872,8,0.24545102,0.02340554,46,day,3226646.081
1094,1,MS,4,hiddenzone,0.15244851,8,0.02773377,0.00339993,46,day,2160377.318
1094,1,MS,5,hiddenzone,59.76775355,8,9.75209295,1.3329383,46,day,1717482.501
1095,1,MS,3,hiddenzone,0.4747872,8,0.24545102,0.02340554,46,day,3228146.081
1095,1,MS,4,hiddenzone,0.15235195,8,0.02777249,0.00339964,46,day,1719236.33
1095,1,MS,5,hiddenzone,59.72619938,8,9.76828065,1.33275399,46,day,2160377.318
1096,1,MS,3,hiddenzone,0.4747872,8,0.24545102,0.02340554,46,day,3229646.081
1096,1,MS,4,hiddenzone,0.15225171,8,0.02781119,0.00339943,46,day,2160377.318
1096,1,MS,5,hiddenzone,59.68373299,8,9.78445577,1.33259987,46,day,1722728.539
1097,1,MS,3,hiddenzone,0.4747872,8,0.24545102,0.02340554,46,day,3231146.081
1097,1,MS,4,hiddenzone,0.1521494,8,0.02784985,0.00339928,46,day,1724472.355
1097,1,MS,5,hiddenzone,59.64045618,8,9.80061845,1.33247273,46,day,2160377.318
1098,1,MS,3,hiddenzone,0.4747872,8,0.24545102,0.02340554,46,day,3232646.081
1098,1,MS,4,hiddenzone,0.15204533,8,0.0278885,0.00339921,46,day,2160377.318
1098,1,MS,5,hiddenzone,59.59645069,8,9.81676884,1.3323746,46,day,1727988.597
1099,1,MS,3,hiddenzone,0.4747872,8,0.24545102,0.02340554,46,day,3234146.081
1099,1,MS,4,hiddenzone,0.15193043,8,0.02792711,0.0033992,46,day,1729761.882
1099,1,MS,5,hiddenzone,59.54818026,8,9.83290683,1.33229853,46,day,2160377.318
1100,1,MS,3,hiddenzone,0.4747872,8,0.24545102,0.02340554,46,day,3235646.081
1100,1,MS,4,hiddenzone,0.15180831,8,0.02796571,0.00339931,46,day,2160377.318
1100,1,MS,5,hiddenzone,59.49700138,8,9.84903297,1.33226779,46,day,1733351.939
1101,1,MS,3,hiddenzone,0.4747872,8,0.24545102,0.02340554,46,day,3237146.081
1101,1,MS,4,hiddenzone,0.15168127,8,0.02800428,0.00339948,46,day,1735183.303
1101,1,MS,5,hiddenzone,59.44386989,8,9.86514713,1.33226021,46,day,2160377.318
1102,1,MS,3,hiddenzone,0.4747872,8,0.24545102,0.02340554,46,day,3238646.081
1102,1,MS,4,hiddenzone,0.15155041,8,0.02804282,0.00339979,46,day,2160377.318
1102,1,MS,5,hiddenzone,59.38913944,8,9.88124946,1.33230403,46,day,1738986.223
1103,1,MS,3,hiddenzone,0.4747872,8,0.24545102,0.02340554,46,night,3240146.081
1103,1,MS,4,hiddenzone,0.1514209,8,0.02808134,0.00340017,46,night,1741020.436
1103,1,MS,5,hiddenzone,59.33485943,8,9.89734023,1.33237256,46,night,2160377.318
1104,1,MS,3,hiddenzone,0.4747872,8,0.24545102,0.02340554,47,night,3241646.081
1104,1,MS,4,hiddenzone,0.15184943,8,0.02811985,0.00340662,47,night,2160377.318
1104,1,MS,5,hiddenzone,59.50313091,8,9.91342308,1.33484082,47,night,1745344.928
1105,1,MS,3,hiddenzone,0.4747872,8,0.24545102,0.02340554,47,night,3243146.081
1105,1,MS,4,hiddenzone,0.15239743,8,0.02815834,0.00341106,47,night,1747547.943
1105,1,MS,5,hiddenzone,59.71415193,8,9.92949776,1.33649636,47,night,2160377.318
1106,1,MS,3,hiddenzone,0.4747872,8,0.24545102,0.02340554,47,night,3244646.081
1106,1,MS,4,hiddenzone,0.15295625,8,0.02819682,0.00341538,47,night,2160377.318
1106,1,MS,5,hiddenzone,59.92923129,8,9.94556454,1.33810305,47,night,1751909.628
1107,1,MS,3,hiddenzone,0.4747872,8,0.24545102,0.02340554,47,night,3246146.081
1107,1,MS,4,hiddenzone,0.15352327,8,0.02823528,0.00341972,47,night,1754035.395
1107,1,MS,5,hiddenzone,60.14675031,8,9.96162375,1.33970017,47,night,2160377.318
1108,1,MS,3,hiddenzone,0.4747872,8,0.24545102,0.02340554,47,night,3247646.081
1108,1,MS,4,hiddenzone,0.15366721,8,0.02827374,0.00342256,47,night,2160377.318
1108,1,MS,5,hiddenzone,60.19394254,8,9.97767638,1.34065424,47,night,1758239.722
1109,1,MS,3,hiddenzone,0.4747872,8,0.24545102,0.02340554,47,night,3249146.081
1109,1,MS,4,hiddenzone,0.15374151,8,0.02831219,0.00342483,47,night,1760339.74
1109,1,MS,5,hiddenzone,60.21494184,8,9.9937218,1.34136378,47,night,2160377.318
1110,1,MS,3,hiddenzone,0.4747872,8,0.24545102,0.02340554,47,night,3250646.081
1110,1,MS,4,hiddenzone,0.15381614,8,0.02835064,0.00342716,47,night,2160377.318
1110,1,MS,5,hiddenzone,60.23472701,8,10.00976215,1.34206968,47,night,1764584.121
1111,1,MS,3,hiddenzone,0.4747872,8,0.24545102,0.02340554,47,day,3252146.081
1111,1,MS,4,hiddenzone,0.15388968,8,0.02838909,0.00342961,47,day,1766739.929
1111,1,MS,5,hiddenzone,60.25256665,8,10.02579814,1.34278344,47,day,2160377.318
1112,1,MS,3,hiddenzone,0.4747872,8,0.24545102,0.02340554,47,day,3253646.081
1112,1,MS,4,hiddenzone,0.15382756,8,0.02842755,0.00343142,47,day,2160377.318
1112,1,MS,5,hiddenzone,60.21493741,8,10.04183044,1.34321487,47,day,1771098.753
1113,1,MS,3,hiddenzone,0.4747872,8,0.24545102,0.02340554,47,day,3255146.081
1113,1,MS,4,hiddenzone,0.15374856,8,0.02846602,0.00343305,47,day,1773248.839
1113,1,MS,5,hiddenzone,60.17075857,8,10.05785939,1.34355835,47,day,2160377.318
1114,1,MS,3,hiddenzone,0.4747872,8,0.24545102,0.02340554,47,day,3256646.081
1114,1,MS,4,hiddenzone,0.15366852,8,0.0285045,0.00343472,47,day,2160377.318
1114,1,MS,5,hiddenzone,60.12520237,8,10.07388576,1.34389264,47,day,1777301.816
1115,1,MS,3,hiddenzone,0.4747872,8,0.24545102,0.02340554,47,day,3258146.081
1115,1,MS,4,hiddenzone,0.15358507,8,0.02854299,0.00343644,47,day,1779152.063
1115,1,MS,5,hiddenzone,60.07780039,8,10.08990966,1.34423781,47,day,2160377.318
1116,1,MS,3,hiddenzone,0.4747872,8,0.24545102,0.02340554,47,day,3259646.081
1116,1,MS,4,hiddenzone,0.15349966,8,0.02858149,0.00343825,47,day,2160377.318
1116,1,MS,5,hiddenzone,60.02927401,8,10.10593181,1.34460642,47,day,1782663.727
1117,1,MS,3,hiddenzone,0.4747872,8,0.24545102,0.02340554,47,day,3261146.081
1117,1,MS,4,hiddenzone,0.15341146,8,0.02862,0.00344011,47,day,1784355.472
1117,1,MS,5,hiddenzone,59.97933723,8,10.1219521,1.34498714,47,day,2160377.318
1118,1,MS,3,hiddenzone,0.4747872,8,0.24545102,0.02340554,47,day,3262646.081
1118,1,MS,4,hiddenzone,0.1533232,8,0.02865854,0.00344202,47,day,2160377.318
1118,1,MS,5,hiddenzone,59.92919828,8,10.13797099,1.34538462,47,day,1787975.284
1119,1,MS,3,hiddenzone,0.4747872,8,0.24545102,0.02340554,47,day,3264146.081
1119,1,MS,4,hiddenzone,0.15323406,8,0.02869709,0.00344398,47,day,1789838.406
1119,1,MS,5,hiddenzone,59.87857945,8,10.15398874,1.34579767,47,day,2160377.318
1120,1,MS,3,hiddenzone,0.4747872,8,0.24545102,0.02340554,47,day,3265646.081
1120,1,MS,4,hiddenzone,0.15314403,8,0.02873565,0.00344601,47,day,2160377.318
1120,1,MS,5,hiddenzone,59.82747647,8,10.17000544,1.34623038,47,day,1793793.534
1121,1,MS,3,hiddenzone,0.4747872,8,0.24545102,0.02340554,47,day,3267146.081
1121,1,MS,4,hiddenzone,0.15305443,8,0.02877423,0.00344808,47,day,1795907.857
1121,1,MS,5,hiddenzone,59.77638498,8,10.18602137,1.34667834,47,day,2160377.318
1122,1,MS,3,hiddenzone,0.4747872,8,0.24545102,0.02340554,47,day,3268646.081
1122,1,MS,4,hiddenzone,0.15296298,8,0.02881283,0.00345023,47,day,2160377.318
1122,1,MS,5,hiddenzone,59.72435482,8,10.20203669,1.347151,47,day,1799887.591
1123,1,MS,3,hiddenzone,0.4747872,8,0.24545102,0.02340554,47,day,3270146.081
1123,1,MS,4,hiddenzone,0.15287196,8,0.02885145,0.00345243,47,day,1801759.582
1123,1,MS,5,hiddenzone,59.67227997,8,10.21805154,1.3476337,47,day,2160377.318
1124,1,MS,3,hiddenzone,0.4747872,8,0.24545102,0.02340554,47,day,3271646.081
1124,1,MS,4,hiddenzone,0.15283244,8,0.0288901,0.00345887,47,day,2160377.318
1124,1,MS,5,hiddenzone,59.64049711,8,10.23406876,1.34977399,47,day,1805344.775
1125,1,MS,3,hiddenzone,0.4747872,8,0.24545102,0.02340554,47,day,3273146.081
1125,1,MS,4,hiddenzone,0.15282678,8,0.02892877,0.00346275,47,day,1807035.948
1125,1,MS,5,hiddenzone,59.62112505,8,10.25008802,1.3509029,47,day,2160377.318
1126,1,MS,3,hiddenzone,0.4747872,8,0.24545102,0.02340554,47,day,3274646.081
1126,1,MS,4,hiddenzone,0.15283374,8,0.02896747,0.00346636,47,day,2160377.318
1126,1,MS,5,hiddenzone,59.60585106,8,10.26610963,1.35189369,47,day,1810135.333
1127,1,MS,3,hiddenzone,0.4747872,8,0.24545102,0.02340554,47,night,3276146.081
1127,1,MS,4,hiddenzone,0.15284442,8,0.0290062,0.00347005,47,night,1811670.578
1127,1,MS,5,hiddenzone,59.58961641,8,10.28213495,1.35286898,47,night,2160377.318
1128,1,MS,3,hiddenzone,0.4747872,8,0.24545102,0.02340554,48,night,3277646.081
1128,1,MS,4,hiddenzone,0.15364622,8,0.02904499,0.00347827,48,night,2160377.318
1128,1,MS,5,hiddenzone,59.88376303,8,10.29816806,1.35559576,48,night,1814624.621
1129,1,MS,3,hiddenzone,0.4747872,8,0.24545102,0.02340554,48,night,3279146.081
1129,1,MS,4,hiddenzone,0.15458833,8,0.02908383,0.00348846,48,night,1816089.77
1129,1,MS,5,hiddenzone,60.22572969,8,10.31421334,1.3589912,48,night,2160377.318
1130,1,MS,3,hiddenzone,0.4747872,8,0.24545102,0.02340554,48,night,3280646.081
1130,1,MS,4,hiddenzone,0.15554476,8,0.02912273,0.00349898,48,night,2160377.318
1130,1,MS,5,hiddenzone,60.57119712,8,10.33027237,1.3624768,48,night,1818986.306
1131,1,MS,3,hiddenzone,0.4747872,8,0.24545102,0.02340554,48,night,3282146.081
1131,1,MS,4,hiddenzone,0.15651326,8,0.02916171,0.00350947,48,night,1820502.668
1131,1,MS,5,hiddenzone,60.9210182,8,10.34634551,1.36595011,48,night,2160377.318
1132,1,MS,3,hiddenzone,0.4747872,8,0.24545102,0.02340554,48,night,3283646.081
1132,1,MS,4,hiddenzone,0.15687403,8,0.02920075,0.00351655,48,night,2160377.318
1132,1,MS,5,hiddenzone,61.03060745,8,10.36243181,1.36806244,48,night,1823565.146
1133,1,MS,3,hiddenzone,0.4747872,8,0.24545102,0.02340554,48,night,3285146.081
1133,1,MS,4,hiddenzone,0.1571466,8,0.02923985,0.00352231,48,night,1825106.971
1133,1,MS,5,hiddenzone,61.10989774,8,10.37852882,1.36970494,48,night,2160377.318
1134,1,MS,3,hiddenzone,0.4747872,8,0.24545102,0.02340554,48,night,3286646.081
1134,1,MS,4,hiddenzone,0.15740593,8,0.029279,0.00352757,48,night,2160377.318
1134,1,MS,5,hiddenzone,61.18480157,8,10.39463487,1.37116902,48,night,1828460.418
1135,1,MS,3,hiddenzone,0.4747872,8,0.24545102,0.02340554,48,day,3288146.081
1135,1,MS,4,hiddenzone,0.15765659,8,0.0293182,0.00353263,48,day,1830349.576
1135,1,MS,5,hiddenzone,61.2569642,8,10.41074934,1.37257266,48,day,2160377.318
1136,1,MS,3,hiddenzone,0.4747872,8,0.24545102,0.02340554,48,day,3289646.081
1136,1,MS,4,hiddenzone,0.15765233,8,0.02935745,0.00353621,48,day,2160377.318
1136,1,MS,5,hiddenzone,61.22898209,8,10.42687099,1.37339843,48,day,1834326.448
1137,1,MS,3,hiddenzone,0.4747872,8,0.24545102,0.02340554,48,day,3291146.081
1137,1,MS,4,hiddenzone,0.15760066,8,0.02939674,0.00353896,48,day,1836356.37
1137,1,MS,5,hiddenzone,61.18536436,8,10.44299817,1.37393794,48,day,2160377.318
1138,1,MS,3,hiddenzone,0.4747872,8,0.24545102,0.02340554,48,day,3292646.081
1138,1,MS,4,hiddenzone,0.15754219,8,0.02943607,0.00354152,48,day,2160377.318
1138,1,MS,5,hiddenzone,61.13969468,8,10.45913008,1.37441683,48,day,1840208.214
1139,1,MS,3,hiddenzone,0.4747872,8,0.24545102,0.02340554,48,day,3294146.081
1139,1,MS,4,hiddenzone,0.15747974,8,0.02947544,0.00354407,48,day,1841982.071
1139,1,MS,5,hiddenzone,61.09252384,8,10.47526675,1.37489001,48,day,2160377.318
1140,1,MS,3,hiddenzone,0.4747872,8,0.24545102,0.02340554,48,day,3295646.081
1140,1,MS,4,hiddenzone,0.15741481,8,0.02951485,0.00354657,48,day,2160377.318
1140,1,MS,5,hiddenzone,61.04439472,8,10.49140798,1.37534274,48,day,1845292.889
1141,1,MS,3,hiddenzone,0.4747872,8,0.24545102,0.02340554,48,day,3297146.081
1141,1,MS,4,hiddenzone,0.15734523,8,0.0295543,0.00354909,48,day,1846888.502
1141,1,MS,5,hiddenzone,60.99456033,8,10.50755382,1.37580579,48,day,2160377.318
1142,1,MS,3,hiddenzone,0.4747872,8,0.24545102,0.02340554,48,day,3298646.081
1142,1,MS,4,hiddenzone,0.15727853,8,0.02959378,0.00355142,48,day,2160377.318
1142,1,MS,5,hiddenzone,60.94659682,8,10.52370392,1.37620934,48,day,1850046.825
1143,1,MS,3,hiddenzone,0.4747872,8,0.24545102,0.02340554,48,day,3300146.081
1143,1,MS,4,hiddenzone,0.15720262,8,0.02963329,0.00355358,48,day,1851612.683
1143,1,MS,5,hiddenzone,60.89731414,8,10.53985633,1.37659652,48,day,2160377.318
1144,1,MS,3,hiddenzone,0.4747872,8,0.24545102,0.02340554,48,day,3301646.081
1144,1,MS,4,hiddenzone,0.15711976,8,0.02967283,0.00355561,48,day,2160377.318
1144,1,MS,5,hiddenzone,60.84712231,8,10.55600954,1.3769735,48,day,1854771.865
1145,1,MS,3,hiddenzone,0.4747872,8,0.24545102,0.02340554,48,day,3303146.081
1145,1,MS,4,hiddenzone,0.15703244,8,0.02971238,0.00355754,48,day,1856406.96
1145,1,MS,5,hiddenzone,60.7963771,8,10.57216255,1.37733983,48,day,2160377.318
1146,1,MS,3,hiddenzone,0.4747872,8,0.24545102,0.02340554,48,day,3304646.081
1146,1,MS,4,hiddenzone,0.15694121,8,0.02975196,0.00355936,48,day,2160377.318
1146,1,MS,5,hiddenzone,60.7453038,8,10.58831439,1.37768403,48,day,1859396.767
1147,1,MS,3,hiddenzone,0.4747872,8,0.24545102,0.02340554,48,day,3306146.081
1147,1,MS,4,hiddenzone,0.15684874,8,0.02979154,0.00356111,48,day,1860828.727
1147,1,MS,5,hiddenzone,60.6945635,8,10.60446466,1.37802226,48,day,2160377.318
1148,1,MS,3,hiddenzone,0.4747872,8,0.24545102,0.02340554,48,day,3307646.081
1148,1,MS,4,hiddenzone,0.15681419,8,0.02983115,0.00356714,48,day,2160377.318
1148,1,MS,5,hiddenzone,60.66797826,8,10.62061521,1.38003969,48,day,1863526.42
1149,1,MS,3,hiddenzone,0.4747872,8,0.24545102,0.02340554,48,day,3309146.081
1149,1,MS,4,hiddenzone,0.15680969,8,0.02987077,0.0035705,48,day,1864747.234
1149,1,MS,5,hiddenzone,60.65160945,8,10.63676567,1.38101054,48,day,2160377.318
1150,1,MS,3,hiddenzone,0.4747872,8,0.24545102,0.02340554,48,day,3310646.081
1150,1,MS,4,hiddenzone,0.15681473,8,0.02991041,0.00357367,48,day,2160377.318
1150,1,MS,5,hiddenzone,60.63679766,8,10.65291712,1.38185441,48,day,1867514.451
1151,1,MS,3,hiddenzone,0.4747872,8,0.24545102,0.02340554,48,night,3312146.081
1151,1,MS,4,hiddenzone,0.15682604,8,0.02995009,0.00357697,48,night,1869197.04
1151,1,MS,5,hiddenzone,60.62171597,8,10.66907114,1.38268916,48,night,2160377.318
1152,1,MS,3,hiddenzone,0.4747872,8,0.24545102,0.02340554,49,night,3313646.081
1152,1,MS,4,hiddenzone,0.15808085,8,0.02998981,0.00358775,49,night,2160377.318
1152,1,MS,5,hiddenzone,61.09132159,8,10.68523469,1.38639808,49,night,1872598.267
1153,1,MS,3,hiddenzone,0.4747872,8,0.24545102,0.02340554,49,night,3315146.081
1153,1,MS,4,hiddenzone,0.15955569,8,0.03002961,0.00360153,49,night,1874257.395
1153,1,MS,5,hiddenzone,61.63447345,8,10.70141419,1.39111459,49,night,2160377.318
1154,1,MS,3,hiddenzone,0.4747872,8,0.24545102,0.02340554,49,night,3316646.081
1154,1,MS,4,hiddenzone,0.16108106,8,0.03006949,0.00361655,49,night,2160377.318
1154,1,MS,5,hiddenzone,62.19466088,8,10.71761293,1.39626143,49,night,1877031.192
1155,1,MS,3,hiddenzone,0.4747872,8,0.24545102,0.02340554,49,night,3318146.081
1155,1,MS,4,hiddenzone,0.16263525,8,0.03010947,0.00363167,49,night,1877978.489
1155,1,MS,5,hiddenzone,62.76273829,8,10.733833,1.40138057,49,night,2160377.318
1156,1,MS,3,hiddenzone,0.4747872,8,0.24545102,0.02340554,49,night,3319646.081
1156,1,MS,4,hiddenzone,0.16328193,8,0.03014953,0.00364155,49,night,2160377.318
1156,1,MS,5,hiddenzone,62.97406489,8,10.75007317,1.40441284,49,night,1879334.917
1157,1,MS,3,hiddenzone,0.4747872,8,0.24545102,0.02340554,49,night,3321146.081
1157,1,MS,4,hiddenzone,0.16379559,8,0.03018967,0.00364936,49,night,1879944.037
1157,1,MS,5,hiddenzone,63.14029387,8,10.76632906,1.4067198,49,night,2160377.318
1158,1,MS,3,hiddenzone,0.4747872,8,0.24545102,0.02340554,49,night,3322646.081
1158,1,MS,4,hiddenzone,0.16428658,8,0.03022988,0.00365644,49,night,2160377.318
1158,1,MS,5,hiddenzone,63.29889936,8,10.78259894,1.40876769,49,night,1881070.436
1159,1,MS,3,hiddenzone,0.4747872,8,0.24545102,0.02340554,49,day,3324146.081
1159,1,MS,4,hiddenzone,0.16477322,8,0.03027015,0.00366339,49,day,1881586.571
1159,1,MS,5,hiddenzone,63.45639474,8,10.79888222,1.41078021,49,day,2160377.318
1160,1,MS,3,hiddenzone,0.4747872,8,0.24545102,0.02340554,49,day,3325646.081
1160,1,MS,4,hiddenzone,0.16480695,8,0.0303105,0.00366764,49,day,2160377.318
1160,1,MS,5,hiddenzone,63.43667885,8,10.81517841,1.41173457,49,day,1882533.009
1161,1,MS,3,hiddenzone,0.4747872,8,0.24545102,0.02340554,49,day,3327146.081
1161,1,MS,4,hiddenzone,0.16477548,8,0.0303509,0.00367086,49,day,1882951.01
1161,1,MS,5,hiddenzone,63.39502686,8,10.83148496,1.41231854,49,day,2160377.318
1162,1,MS,3,hiddenzone,0.4747872,8,0.24545102,0.02340554,49,day,3328646.081
1162,1,MS,4,hiddenzone,0.16473232,8,0.03039137,0.00367387,49,day,2160377.318
1162,1,MS,5,hiddenzone,63.34904394,8,10.84780163,1.41282141,49,day,1883671.997
1163,1,MS,3,hiddenzone,0.4747872,8,0.24545102,0.02340554,49,day,3330146.081
1163,1,MS,4,hiddenzone,0.16467373,8,0.03043189,0.00367662,49,day,1883983.853
1163,1,MS,5,hiddenzone,63.29715499,8,10.86412779,1.4132261,49,day,2160377.318
1164,1,MS,3,hiddenzone,0.4747872,8,0.24545102,0.02340554,49,day,3331646.081
1164,1,MS,4,hiddenzone,0.16462008,8,0.03047247,0.00367968,49,day,2160377.318
1164,1,MS,5,hiddenzone,63.24728092,8,10.88046394,1.41374665,49,day,1884532.604
1165,1,MS,3,hiddenzone,0.4747872,8,0.24545102,0.02340554,49,day,3333146.081
1165,1,MS,4,hiddenzone,0.16455947,8,0.03051311,0.00368276,49,day,1884794.391
1165,1,MS,5,hiddenzone,63.19492419,8,10.89681015,1.41428071,49,day,2160377.318
1166,1,MS,3,hiddenzone,0.4747872,8,0.24545102,0.02340554,49,day,3334646.081
1166,1,MS,4,hiddenzone,0.1644935,8,0.03055381,0.00368586,49,day,2160377.318
1166,1,MS,5,hiddenzone,63.14070005,8,10.91316616,1.41482497,49,day,1885340.567
1167,1,MS,3,hiddenzone,0.4747872,8,0.24545102,0.02340554,49,day,3336146.081
1167,1,MS,4,hiddenzone,0.16442315,8,0.03059457,0.003689,49,day,1885626.959
1167,1,MS,5,hiddenzone,63.08490281,8,10.92953207,1.415385,49,day,2160377.318
1168,1,MS,3,hiddenzone,0.4747872,8,0.24545102,0.02340554,49,day,3337646.081
1168,1,MS,4,hiddenzone,0.16434727,8,0.03063538,0.00369218,49,day,2160377.318
1168,1,MS,5,hiddenzone,63.02695009,8,10.94590792,1.4159549,49,day,1886215.193
1169,1,MS,3,hiddenzone,0.4747872,8,0.24545102,0.02340554,49,day,3339146.081
1169,1,MS,4,hiddenzone,0.16427801,8,0.03067626,0.00369541,49,day,1886510.74
1169,1,MS,5,hiddenzone,62.97141019,8,10.96229396,1.41654483,49,day,2160377.318
1170,1,MS,3,hiddenzone,0.4747872,8,0.24545102,0.02340554,49,day,3340646.081
1170,1,MS,4,hiddenzone,0.16420192,8,0.03071719,0.00369874,49,day,2160377.318
1170,1,MS,5,hiddenzone,62.91329382,8,10.97869041,1.41716913,49,day,1887108.988
1171,1,MS,3,hiddenzone,0.4747872,8,0.24545102,0.02340554,49,day,3342146.081
1171,1,MS,4,hiddenzone,0.1641222,8,0.03075819,0.00370213,49,day,1887411.974
1171,1,MS,5,hiddenzone,62.85362895,8,10.99509744,1.41781129,49,day,2160377.318
1172,1,MS,3,hiddenzone,0.4747872,8,0.24545102,0.02340554,49,day,3343646.081
1172,1,MS,4,hiddenzone,0.16404228,8,0.03079925,0.0037056,49,day,2160377.318
1172,1,MS,5,hiddenzone,62.79371771,8,11.01151535,1.41847564,49,day,1888039.977
1173,1,MS,3,hiddenzone,0.4747872,8,0.24545102,0.02340554,49,day,3345146.081
1173,1,MS,4,hiddenzone,0.16396244,8,0.03084037,0.00370913,49,day,1888362.132
1173,1,MS,5,hiddenzone,62.73349702,8,11.0279445,1.4191595,49,day,2160377.318
1174,1,MS,3,hiddenzone,0.4747872,8,0.24545102,0.02340554,49,day,3346646.081
1174,1,MS,4,hiddenzone,0.16387915,8,0.03088156,0.00371279,49,day,2160377.318
1174,1,MS,5,hiddenzone,62.67138077,8,11.04438533,1.41987373,49,day,1889017.028
1175,1,MS,3,hiddenzone,0.4747872,8,0.24545102,0.02340554,49,night,3348146.081
1175,1,MS,4,hiddenzone,0.16379878,8,0.03092282,0.00371658,49,night,1889348.911
1175,1,MS,5,hiddenzone,62.60961146,8,11.06083904,1.42061748,49,night,2160377.318
1176,1,MS,3,hiddenzone,0.4747872,8,0.24545102,0.02340554,50,night,3349646.081
1176,1,MS,4,hiddenzone,0.16470833,8,0.03096417,0.00373368,50,night,2160377.318
1176,1,MS,5,hiddenzone,62.93046536,8,11.07731371,1.42645635,50,night,1890014.68
1177,1,MS,3,hiddenzone,0.4747872,8,0.24545102,0.02340554,50,night,3351146.081
1177,1,MS,4,hiddenzone,0.16580557,8,0.03100562,0.00374717,50,night,1890348.565
1177,1,MS,5,hiddenzone,63.315141,8,11.09381158,1.43082996,50,night,2160377.318
1178,1,MS,3,hiddenzone,0.4747872,8,0.24545102,0.02340554,50,night,3352646.081
1178,1,MS,4,hiddenzone,0.16692416,8,0.03104717,0.00376052,50,night,2160377.318
1178,1,MS,5,hiddenzone,63.70663774,8,11.11033335,1.4351205,50,night,1891014.906
1179,1,MS,3,hiddenzone,0.4747872,8,0.24545102,0.02340554,50,night,3354146.081
1179,1,MS,4,hiddenzone,0.16805341,8,0.03108883,0.00377352,50,night,1891349.364
1179,1,MS,5,hiddenzone,64.10158754,8,11.12687826,1.43927037,50,night,2160377.318
1180,1,MS,3,hiddenzone,0.4747872,8,0.24545102,0.02340554,50,night,3355646.081
1180,1,MS,4,hiddenzone,0.16850863,8,0.03113058,0.00378282,50,night,2160377.318
1180,1,MS,5,hiddenzone,64.23556079,8,11.14344561,1.4419833,50,night,1892015.991
1181,1,MS,3,hiddenzone,0.4747872,8,0.24545102,0.02340554,50,night,3357146.081
1181,1,MS,4,hiddenzone,0.16886345,8,0.03117243,0.00379044,50,night,1892359.318
1181,1,MS,5,hiddenzone,64.33550639,8,11.16003222,1.44409593,50,night,2160377.318
1182,1,MS,3,hiddenzone,0.4747872,8,0.24545102,0.02340554,50,night,3358646.081
1182,1,MS,4,hiddenzone,0.16921879,8,0.03121436,0.00379762,50,night,2160377.318
1182,1,MS,5,hiddenzone,64.43629685,8,11.17663615,1.44605599,50,night,1893165.278
1183,1,MS,3,hiddenzone,0.4747872,8,0.24545102,0.02340554,50,day,3360146.081
1183,1,MS,4,hiddenzone,0.16956138,8,0.03125637,0.00380454,50,day,1893576.412
1183,1,MS,5,hiddenzone,64.53255381,8,11.19325771,1.44792654,50,day,2160377.318
1184,1,MS,3,hiddenzone,0.4747872,8,0.24545102,0.02340554,50,day,3361646.081
1184,1,MS,4,hiddenzone,0.1695572,8,0.03129847,0.00380927,50,day,2160377.318
1184,1,MS,5,hiddenzone,64.49463354,8,11.20989592,1.44894346,50,day,1895143.701
1185,1,MS,3,hiddenzone,0.4747872,8,0.24545102,0.02340554,50,day,3363146.081
1185,1,MS,4,hiddenzone,0.16950882,8,0.03134064,0.00381322,50,day,1896266.667
1185,1,MS,5,hiddenzone,64.44233086,8,11.2265492,1.4496853,50,day,2160377.318
1186,1,MS,3,hiddenzone,0.4747872,8,0.24545102,0.02340554,50,day,3364646.081
1186,1,MS,4,hiddenzone,0.16945558,8,0.03138289,0.00381696,50,day,2160377.318
1186,1,MS,5,hiddenzone,64.38816776,8,11.24321738,1.4503459,50,day,1898129.788
1187,1,MS,3,hiddenzone,0.4747872,8,0.24545102,0.02340554,50,day,3366146.081
1187,1,MS,4,hiddenzone,0.16939423,8,0.03142522,0.00382073,50,day,1898743.772
1187,1,MS,5,hiddenzone,64.3307219,8,11.25990056,1.45100561,50,day,2160377.318
1188,1,MS,3,hiddenzone,0.4747872,8,0.24545102,0.02340554,50,day,3367646.081
1188,1,MS,4,hiddenzone,0.16932382,8,0.03146763,0.00382457,50,day,2160377.318
1188,1,MS,5,hiddenzone,64.26961401,8,11.27659907,1.45168865,50,day,1899554.024
1189,1,MS,3,hiddenzone,0.4747872,8,0.24545102,0.02340554,50,day,3369146.081
1189,1,MS,4,hiddenzone,0.16924941,8,0.03151013,0.00382851,50,day,1899893.918
1189,1,MS,5,hiddenzone,64.2067464,8,11.29331343,1.45240043,50,day,2160377.318
1190,1,MS,3,hiddenzone,0.4747872,8,0.24545102,0.02340554,50,day,3370646.081
1190,1,MS,4,hiddenzone,0.16917046,8,0.0315527,0.0038325,50,day,2160377.318
1190,1,MS,5,hiddenzone,64.14228386,8,11.3100436,1.45313433,50,day,1900516.77
1191,1,MS,3,hiddenzone,0.4747872,8,0.24545102,0.02340554,50,day,3372146.081
1191,1,MS,4,hiddenzone,0.16908828,8,0.03159535,0.00383651,50,day,1900808.884
1191,1,MS,5,hiddenzone,64.07725409,8,11.32678928,1.45388466,50,day,2160377.318
1192,1,MS,3,hiddenzone,0.4747872,8,0.24545102,0.02340554,50,day,3373646.081
1192,1,MS,4,hiddenzone,0.16900701,8,0.03163808,0.00384034,50,day,2160377.318
1192,1,MS,5,hiddenzone,64.01353446,8,11.34354946,1.45458754,50,day,1901356.491
1193,1,MS,3,hiddenzone,0.4747872,8,0.24545102,0.02340554,50,day,3375146.081
1193,1,MS,4,hiddenzone,0.1689174,8,0.03168088,0.00384402,50,day,1901594.531
1193,1,MS,5,hiddenzone,63.94914256,8,11.36032238,1.45528941,50,day,2160377.318
1194,1,MS,3,hiddenzone,0.4747872,8,0.24545102,0.02340554,50,day,3376646.081
1194,1,MS,4,hiddenzone,0.16882655,8,0.03172374,0.00384748,50,day,2160377.318
1194,1,MS,5,hiddenzone,63.88598242,8,11.37710636,1.45594587,50,day,1901994.794
1195,1,MS,3,hiddenzone,0.4747872,8,0.24545102,0.02340554,50,day,3378146.081
1195,1,MS,4,hiddenzone,0.16873216,8,0.03176666,0.00385089,50,day,1902174.182
1195,1,MS,5,hiddenzone,63.8227917,8,11.39390084,1.45660826,50,day,2160377.318
1196,1,MS,3,hiddenzone,0.4747872,8,0.24545102,0.02340554,50,day,3379646.081
1196,1,MS,4,hiddenzone,0.1686963,8,0.03180964,0.00386004,50,day,2160377.318
1196,1,MS,5,hiddenzone,63.78352318,8,11.41070794,1.45946301,50,day,1902473.163
1197,1,MS,3,hiddenzone,0.4747872,8,0.24545102,0.02340554,50,day,3381146.081
1197,1,MS,4,hiddenzone,0.16868402,8,0.03185269,0.0038654,50,day,1902595.616
1197,1,MS,5,hiddenzone,63.7525859,8,11.42752647,1.46090035,50,day,2160377.318
1198,1,MS,3,hiddenzone,0.4747872,8,0.24545102,0.02340554,50,day,3382646.081
1198,1,MS,4,hiddenzone,0.16868937,8,0.03189579,0.00387014,50,day,2160377.318
1198,1,MS,5,hiddenzone,63.72807003,8,11.4443561,1.46207459,50,day,1902845.386
1199,1,MS,3,hiddenzone,0.4747872,8,0.24545102,0.02340554,50,night,3384146.081
1199,1,MS,4,hiddenzone,0.16869684,8,0.03193896,0.0038749,50,night,1902978.998
1199,1,MS,5,hiddenzone,63.70259139,8,11.46119799,1.46322315,50,night,2160377.318
1200,1,MS,3,hiddenzone,0.4747872,8,0.24545102,0.02340554,51,night,3385646.081
1200,1,MS,4,hiddenzone,0.16972849,8,0.03198221,0.0038854,51,night,2160377.318
1200,1,MS,5,hiddenzone,64.07031993,8,11.47805446,1.46658892,51,night,1903289.995
1201,1,MS,3,hiddenzone,0.4747872,8,0.24545102,0.02340554,51,night,3387146.081
1201,1,MS,4,hiddenzone,0.1709266,8,0.03202554,0.00389808,51,night,1903465.95
1201,1,MS,5,hiddenzone,64.49290759,8,11.4949298,1.470694,51,night,2160377.318
1202,1,MS,3,hiddenzone,0.4747872,8,0.24545102,0.02340554,51,night,3388646.081
1202,1,MS,4,hiddenzone,0.17214378,8,0.03206895,0.00391098,51,night,2160377.318
1202,1,MS,5,hiddenzone,64.92092146,8,11.51182585,1.47484568,51,night,1903957.194
1203,1,MS,3,hiddenzone,0.4747872,8,0.24545102,0.02340554,51,night,3390146.081
1203,1,MS,4,hiddenzone,0.17338415,8,0.03211247,0.00392389,51,night,1904190.943
1203,1,MS,5,hiddenzone,65.35589252,8,11.52874341,1.47896767,51,night,2160377.318
1204,1,MS,3,hiddenzone,0.4747872,8,0.24545102,0.02340554,51,night,3391646.081
1204,1,MS,4,hiddenzone,0.17404215,8,0.03215607,0.00393332,51,night,2160377.318
1204,1,MS,5,hiddenzone,65.56852979,8,11.54568054,1.48177554,51,night,1904598.644
1205,1,MS,3,hiddenzone,0.4747872,8,0.24545102,0.02340554,51,night,3393146.081
1205,1,MS,4,hiddenzone,0.17461004,8,0.03219975,0.00394134,51,night,1904797.773
1205,1,MS,5,hiddenzone,65.75199636,8,11.5626334,1.48411306,51,night,2160377.318
1206,1,MS,3,hiddenzone,0.4747872,8,0.24545102,0.02340554,51,night,3394646.081
1206,1,MS,4,hiddenzone,0.17517477,8,0.0322435,0.00394899,51,night,2160377.318
1206,1,MS,5,hiddenzone,65.93559187,8,11.57960148,1.48634153,51,night,1905200.324
1207,1,MS,3,hiddenzone,0.4747872,8,0.24545102,0.02340554,51,day,3396146.081
1207,1,MS,4,hiddenzone,0.17573306,8,0.03228732,0.0039564,51,day,1905398.882
1207,1,MS,5,hiddenzone,66.11765744,8,11.59658338,1.48849626,51,day,2160377.318
1208,1,MS,3,hiddenzone,0.4747872,8,0.24545102,0.02340554,51,day,3397646.081
1208,1,MS,4,hiddenzone,0.17575133,8,0.0323312,0.00396056,51,day,2160377.318
1208,1,MS,5,hiddenzone,66.09323871,8,11.61357703,1.48941457,51,day,1905791.133
1209,1,MS,3,hiddenzone,0.4747872,8,0.24545102,0.02340554,51,day,3399146.081
1209,1,MS,4,hiddenzone,0.1756973,8,0.03237514,0.00396364,51,day,1905989.405
1209,1,MS,5,hiddenzone,66.04687382,8,11.63057995,1.48999029,51,day,2160377.318
1210,1,MS,3,hiddenzone,0.4747872,8,0.24545102,0.02340554,51,day,3400646.081
1210,1,MS,4,hiddenzone,0.17562986,8,0.03241913,0.00396629,51,day,2160377.318
1210,1,MS,5,hiddenzone,65.99712259,8,11.64759015,1.49043632,51,day,1906383.945
1211,1,MS,3,hiddenzone,0.4747872,8,0.24545102,0.02340554,51,day,3402146.081
1211,1,MS,4,hiddenzone,0.17555041,8,0.03246316,0.00396878,51,day,1906581.358
1211,1,MS,5,hiddenzone,65.94435382,8,11.66460593,1.49085497,51,day,2160377.318
1212,1,MS,3,hiddenzone,0.4747872,8,0.24545102,0.02340554,51,day,3403646.081
1212,1,MS,4,hiddenzone,0.17546471,8,0.03250723,0.00397136,51,day,2160377.318
1212,1,MS,5,hiddenzone,65.88884221,8,11.68162806,1.49129906,51,day,1906961.306
1213,1,MS,3,hiddenzone,0.4747872,8,0.24545102,0.02340554,51,day,3405146.081
1213,1,MS,4,hiddenzone,0.17537088,8,0.03255134,0.00397396,51,day,1907155.858
1213,1,MS,5,hiddenzone,65.83121813,8,11.69865591,1.49176712,51,day,2160377.318
1214,1,MS,3,hiddenzone,0.4747872,8,0.24545102,0.02340554,51,day,3406646.081
1214,1,MS,4,hiddenzone,0.17526932,8,0.03259549,0.00397657,51,day,2160377.318
1214,1,MS,5,hiddenzone,65.77095097,8,11.71568899,1.49224726,51,day,1907578.723
1215,1,MS,3,hiddenzone,0.4747872,8,0.24545102,0.02340554,51,day,3408146.081
1215,1,MS,4,hiddenzone,0.17516497,8,0.03263968,0.00397925,51,day,1907828.207
1215,1,MS,5,hiddenzone,65.70979652,8,11.73272748,1.49275263,51,day,2160377.318
1216,1,MS,3,hiddenzone,0.4747872,8,0.24545102,0.02340554,51,day,3409646.081
1216,1,MS,4,hiddenzone,0.17505281,8,0.03268391,0.003982,51,day,2160377.318
1216,1,MS,5,hiddenzone,65.6464169,8,11.74977092,1.49329747,51,day,1909006.106
1217,1,MS,3,hiddenzone,0.4747872,8,0.24545102,0.02340554,51,day,3411146.081
1217,1,MS,4,hiddenzone,0.17493937,8,0.03272818,0.00398483,51,day,1909895.609
1217,1,MS,5,hiddenzone,65.58193195,8,11.76681992,1.49386187,51,day,2160377.318
1218,1,MS,3,hiddenzone,0.4747872,8,0.24545102,0.02340554,51,day,3412646.081
1218,1,MS,4,hiddenzone,0.17482501,8,0.0327725,0.00398779,51,day,2160377.318
1218,1,MS,5,hiddenzone,65.51646915,8,11.78387512,1.49445565,51,day,1911593.648
1219,1,MS,3,hiddenzone,0.4747872,8,0.24545102,0.02340554,51,day,3414146.081
1219,1,MS,4,hiddenzone,0.17470834,8,0.03281686,0.00399082,51,day,1912094.333
1219,1,MS,5,hiddenzone,65.4499817,8,11.80093681,1.49507201,51,day,2160377.318
1220,1,MS,3,hiddenzone,0.4747872,8,0.24545102,0.02340554,51,day,3415646.081
1220,1,MS,4,hiddenzone,0.1745925,8,0.03286126,0.00399389,51,day,2160377.318
1220,1,MS,5,hiddenzone,65.38389591,8,11.81800512,1.49570451,51,day,1912712.894
1221,1,MS,3,hiddenzone,0.4747872,8,0.24545102,0.02340554,51,day,3417146.081
1221,1,MS,4,hiddenzone,0.17448903,8,0.03290571,0.00399719,51,day,1912971.82
1221,1,MS,5,hiddenzone,65.32232177,8,11.83507994,1.49641733,51,day,2160377.318
1222,1,MS,3,hiddenzone,0.4747872,8,0.24545102,0.02340554,51,day,3418646.081
1222,1,MS,4,hiddenzone,0.17438164,8,0.0329502,0.0040005,51,day,2160377.318
1222,1,MS,5,hiddenzone,65.25835962,8,11.85216287,1.49710996,51,day,1913420.148
1223,1,MS,3,hiddenzone,0.4747872,8,0.24545102,0.02340554,51,night,3420146.081
1223,1,MS,4,hiddenzone,0.17426935,8,0.03299475,0.004004,51,night,1913603.256
1223,1,MS,5,hiddenzone,65.19060605,8,11.86925509,1.49782982,51,night,2160377.318
1224,1,MS,3,hiddenzone,0.4747872,8,0.24545102,0.02340554,52,night,3421646.081
1224,1,MS,4,hiddenzone,0.17552784,8,0.03303939,0.00402256,52,night,2160377.318
1224,1,MS,5,hiddenzone,65.64271942,8,11.8863664,1.50419782,52,night,1913871.623
1225,1,MS,3,hiddenzone,0.4747872,8,0.24545102,0.02340554,52,night,3423146.081
1225,1,MS,4,hiddenzone,0.17701937,8,0.03308411,0.00403771,52,night,1913961.174
1225,1,MS,5,hiddenzone,66.171245,8,11.90349913,1.50919087,52,night,2160377.318
1226,1,MS,3,hiddenzone,0.4747872,8,0.24545102,0.02340554,52,night,3424646.081
1226,1,MS,4,hiddenzone,0.17854022,8,0.03312894,0.00405264,52,night,2160377.318
1226,1,MS,5,hiddenzone,66.70918689,8,11.9206541,1.51407475,52,night,1914071.897
1227,1,MS,3,hiddenzone,0.4747872,8,0.24545102,0.02340554,52,night,3426146.081
1227,1,MS,4,hiddenzone,0.18008019,8,0.03317385,0.00406719,52,night,1914087.919
1227,1,MS,5,hiddenzone,67.25380011,8,11.93783071,1.51880799,52,night,2160377.318
1228,1,MS,3,hiddenzone,0.4747872,8,0.24545102,0.02340554,52,night,3427646.081
1228,1,MS,4,hiddenzone,0.18067234,8,0.03321885,0.00407619,52,night,2160377.318
1228,1,MS,5,hiddenzone,67.43851793,8,11.95502618,1.52143861,52,night,1914087.919
1229,1,MS,3,hiddenzone,0.4747872,8,0.24545102,0.02340554,52,night,3429146.081
1229,1,MS,4,hiddenzone,0.18113312,8,0.03326392,0.00408332,52,night,1914087.919
1229,1,MS,5,hiddenzone,67.58203539,8,11.97223581,1.52346204,52,night,2160377.318
1230,1,MS,3,hiddenzone,0.4747872,8,0.24545102,0.02340554,52,night,3430646.081
1230,1,MS,4,hiddenzone,0.1815799,8,0.03330905,0.0040898,52,night,2160377.318
1230,1,MS,5,hiddenzone,67.72195794,8,11.98945805,1.52527673,52,night,1914087.919
1231,1,MS,3,hiddenzone,0.4747872,8,0.24545102,0.02340554,52,day,3432146.081
1231,1,MS,4,hiddenzone,0.18201441,8,0.03335425,0.00409601,52,day,1914089.35
1231,1,MS,5,hiddenzone,67.85858918,8,12.00669158,1.52702265,52,day,2160377.318
1232,1,MS,3,hiddenzone,0.4747872,8,0.24545102,0.02340554,52,day,3433646.081
1232,1,MS,4,hiddenzone,0.18200293,8,0.03339949,0.00409958,52,day,2160377.318
1232,1,MS,5,hiddenzone,67.82658513,8,12.02393415,1.52778409,52,day,1914298.493
1233,1,MS,3,hiddenzone,0.4747872,8,0.24545102,0.02340554,52,day,3435146.081
1233,1,MS,4,hiddenzone,0.18193657,8,0.03344479,0.00410235,52,day,1914852.68
1233,1,MS,5,hiddenzone,67.77801081,8,12.04118381,1.52828286,52,day,2160377.318
1234,1,MS,3,hiddenzone,0.4747872,8,0.24545102,0.02340554,52,day,3436646.081
1234,1,MS,4,hiddenzone,0.18185694,8,0.03349012,0.00410501,52,day,2160377.318
1234,1,MS,5,hiddenzone,67.72474248,8,12.05844019,1.52874317,52,day,1915883.52
1235,1,MS,3,hiddenzone,0.4747872,8,0.24545102,0.02340554,52,day,3438146.081
1235,1,MS,4,hiddenzone,0.18176857,8,0.0335355,0.00410765,52,day,1916116.41
1235,1,MS,5,hiddenzone,67.668585,8,12.07570307,1.5292026,52,day,2160377.318
1236,1,MS,3,hiddenzone,0.4747872,8,0.24545102,0.02340554,52,day,3439646.081
1236,1,MS,4,hiddenzone,0.18167291,8,0.03358093,0.00411038,52,day,2160377.318
1236,1,MS,5,hiddenzone,67.60988783,8,12.09297267,1.52969704,52,day,1916479.193
1237,1,MS,3,hiddenzone,0.4747872,8,0.24545102,0.02340554,52,day,3441146.081
1237,1,MS,4,hiddenzone,0.18156981,8,0.0336264,0.00411318,52,day,1916636.265
1237,1,MS,5,hiddenzone,67.54842854,8,12.11024904,1.53021491,52,day,2160377.318
1238,1,MS,3,hiddenzone,0.4747872,8,0.24545102,0.02340554,52,day,3442646.081
1238,1,MS,4,hiddenzone,0.18145793,8,0.03367192,0.0041161,52,day,2160377.318
1238,1,MS,5,hiddenzone,67.48353485,8,12.12753231,1.53077427,52,day,1916907.207
1239,1,MS,3,hiddenzone,0.4747872,8,0.24545102,0.02340554,52,day,3444146.081
1239,1,MS,4,hiddenzone,0.18135089,8,0.03371748,0.00411913,52,day,1917012.208
1239,1,MS,5,hiddenzone,67.41971072,8,12.14482312,1.53135917,52,day,2160377.318
1240,1,MS,3,hiddenzone,0.4747872,8,0.24545102,0.02340554,52,day,3445646.081
1240,1,MS,4,hiddenzone,0.18125026,8,0.03376309,0.00412185,52,day,2160377.318
1240,1,MS,5,hiddenzone,67.35985454,8,12.16212007,1.53185381,52,day,1917166.705
1241,1,MS,3,hiddenzone,0.4747872,8,0.24545102,0.02340554,52,day,3447146.081
1241,1,MS,4,hiddenzone,0.18113892,8,0.03380874,0.0041242,52,day,1917211.91
1241,1,MS,5,hiddenzone,67.29758105,8,12.17942185,1.53225414,52,day,2160377.318
1242,1,MS,3,hiddenzone,0.4747872,8,0.24545102,0.02340554,52,day,3448646.081
1242,1,MS,4,hiddenzone,0.18103392,8,0.03385442,0.00412685,52,day,2160377.318
1242,1,MS,5,hiddenzone,67.23802088,8,12.19672852,1.53277248,52,day,1917224.499
1243,1,MS,3,hiddenzone,0.4747872,8,0.24545102,0.02340554,52,day,3450146.081
1243,1,MS,4,hiddenzone,0.18092305,8,0.03390013,0.0041295,52,day,1917224.499
1243,1,MS,5,hiddenzone,67.17689293,8,12.21403929,1.53330179,52,day,2160377.318
1244,1,MS,3,hiddenzone,0.4747872,8,0.24545102,0.02340554,52,day,3451646.081
1244,1,MS,4,hiddenzone,0.18095195,8,0.03394589,0.00413775,52,day,2160377.318
1244,1,MS,5,hiddenzone,67.17075592,8,12.23135634,1.53594485,52,day,1917224.499
1245,1,MS,3,hiddenzone,0.4747872,8,0.24545102,0.02340554,52,day,3453146.081
1245,1,MS,4,hiddenzone,0.18102276,8,0.03399168,0.00414226,52,day,1917224.499
1245,1,MS,5,hiddenzone,67.17981881,8,12.24867737,1.53723018,52,day,2160377.318
1246,1,MS,3,hiddenzone,0.4747872,8,0.24545102,0.02340554,52,day,3454646.081
1246,1,MS,4,hiddenzone,0.181095,8,0.03403749,0.00414652,52,day,2160377.318
1246,1,MS,5,hiddenzone,67.18827585,8,12.26600241,1.53839177,52,day,1917224.499
1247,1,MS,3,hiddenzone,0.4747872,8,0.24545102,0.02340554,52,night,3456146.081
1247,1,MS,4,hiddenzone,0.1811747,8,0.03408336,0.00415095,52,night,1917224.499
1247,1,MS,5,hiddenzone,67.19681086,8,12.28333449,1.53955229,52,night,2160377.318
1248,1,MS,3,hiddenzone,0.4747872,8,0.24545102,0.02340554,53,night,3457646.081
1248,1,MS,4,hiddenzone,0.18272031,8,0.03412928,0.00416284,53,night,2160377.318
1248,1,MS,5,hiddenzone,67.75648391,8,12.30067881,1.54348724,53,night,1917287.442
1249,1,MS,3,hiddenzone,0.4747872,8,0.24545102,0.02340554,53,night,3459146.081
1249,1,MS,4,hiddenzone,0.18450564,8,0.03417527,0.00417709,53,night,1917462.253
1249,1,MS,5,hiddenzone,68.39397069,8,12.31803898,1.54820933,53,night,2160377.318
1250,1,MS,3,hiddenzone,0.4747872,8,0.24545102,0.02340554,53,night,3460646.081
1250,1,MS,4,hiddenzone,0.18634636,8,0.03422135,0.00419204,53,night,2160377.318
1250,1,MS,5,hiddenzone,69.05075461,8,12.33541687,1.5531693,53,night,1917773.25
1251,1,MS,3,hiddenzone,0.4747872,8,0.24545102,0.02340554,53,night,3462146.081
1251,1,MS,4,hiddenzone,0.18821186,8,0.03426749,0.00420687,53,night,1917863.087
1251,1,MS,5,hiddenzone,69.71715228,8,12.35281157,1.55810812,53,night,2160377.318
1252,1,MS,3,hiddenzone,0.4747872,8,0.24545102,0.02340554,53,night,3463646.081
1252,1,MS,4,hiddenzone,0.18970591,8,0.0343137,0.00421883,53,night,2160377.318
1252,1,MS,5,hiddenzone,70.24587116,8,12.37021986,1.5620145,53,night,1918029.887
1253,1,MS,3,hiddenzone,0.4747872,8,0.24545102,0.02340554,53,night,3465146.081
1253,1,MS,4,hiddenzone,0.19114485,8,0.03435995,0.00422961,53,night,1918098.552
1253,1,MS,5,hiddenzone,70.76054359,8,12.38763682,1.56560138,53,night,2160377.318
1254,1,MS,3,hiddenzone,0.4747872,8,0.24545102,0.02340554,53,night,3466646.081
1254,1,MS,4,hiddenzone,0.19254908,8,0.03440623,0.00423921,53,night,2160377.318
1254,1,MS,5,hiddenzone,71.26673438,8,12.40505746,1.56885163,53,night,1918184.67
1255,1,MS,3,hiddenzone,0.4747872,8,0.24545102,0.02340554,53,day,3468146.081
1255,1,MS,4,hiddenzone,0.19394,8,0.03445252,0.00424818,53,day,1918194.684
1255,1,MS,5,hiddenzone,71.7718143,8,12.42247868,1.57195655,53,day,2160377.318
1256,1,MS,3,hiddenzone,0.4747872,8,0.24545102,0.02340554,53,day,3469646.081
1256,1,MS,4,hiddenzone,0.19409569,8,0.03449881,0.00425144,53,day,2160377.318
1256,1,MS,5,hiddenzone,71.81042151,8,12.43989832,1.57289661,53,day,1918201.55
1257,1,MS,3,hiddenzone,0.4747872,8,0.24545102,0.02340554,53,day,3471146.081
1257,1,MS,4,hiddenzone,0.19406376,8,0.0345451,0.0042527,53,day,1918201.55
1257,1,MS,5,hiddenzone,71.7899844,8,12.45731165,1.57318235,53,day,2160377.318
1258,1,MS,3,hiddenzone,0.4747872,8,0.24545102,0.02340554,53,day,3472646.081
1258,1,MS,4,hiddenzone,0.19401166,8,0.03459138,0.00425329,53,day,2160377.318
1258,1,MS,5,hiddenzone,71.7625976,8,12.47471735,1.57322413,53,day,1918201.55
1259,1,MS,3,hiddenzone,0.4747872,8,0.24545102,0.02340554,53,day,3474146.081
1259,1,MS,4,hiddenzone,0.19393148,8,0.03463764,0.00425368,53,day,1918201.55
1259,1,MS,5,hiddenzone,71.72475741,8,12.49211437,1.5732055,53,day,2160377.318
1260,1,MS,3,hiddenzone,0.4747872,8,0.24545102,0.02340554,53,day,3475646.081
1260,1,MS,4,hiddenzone,0.19384143,8,0.03468389,0.00425399,53,day,2160377.318
1260,1,MS,5,hiddenzone,71.68434887,8,12.50950278,1.57316557,53,day,1918201.55
1261,1,MS,3,hiddenzone,0.4747872,8,0.24545102,0.02340554,53,day,3477146.081
1261,1,MS,4,hiddenzone,0.19374138,8,0.03473012,0.0042543,53,day,1918201.55
1261,1,MS,5,hiddenzone,71.64064296,8,12.52688205,1.57313428,53,day,2160377.318
1262,1,MS,3,hiddenzone,0.4747872,8,0.24545102,0.02340554,53,day,3478646.081
1262,1,MS,4,hiddenzone,0.1936365,8,0.03477634,0.00425457,53,day,2160377.318
1262,1,MS,5,hiddenzone,71.59564559,8,12.54425194,1.57309823,53,day,1918201.55
1263,1,MS,3,hiddenzone,0.4747872,8,0.24545102,0.02340554,53,day,3480146.081
1263,1,MS,4,hiddenzone,0.19352511,8,0.03482253,0.00425485,53,day,1918208.417
1263,1,MS,5,hiddenzone,71.54882053,8,12.56161188,1.57307918,53,day,2160377.318
1264,1,MS,3,hiddenzone,0.4747872,8,0.24545102,0.02340554,53,day,3481646.081
1264,1,MS,4,hiddenzone,0.19340629,8,0.0348687,0.00425517,53,day,2160377.318
1264,1,MS,5,hiddenzone,71.49982717,8,12.57896109,1.5730866,53,day,1918372.928
1265,1,MS,3,hiddenzone,0.4747872,8,0.24545102,0.02340554,53,day,3483146.081
1265,1,MS,4,hiddenzone,0.19328626,8,0.03491484,0.00425552,53,day,1918896.216
1265,1,MS,5,hiddenzone,71.45085622,8,12.59629943,1.57311741,53,day,2160377.318
1266,1,MS,3,hiddenzone,0.4747872,8,0.24545102,0.02340554,53,day,3484646.081
1266,1,MS,4,hiddenzone,0.19315999,8,0.03496097,0.00425593,53,day,2160377.318
1266,1,MS,5,hiddenzone,71.40006229,8,12.61362638,1.57317849,53,day,1919874.412
1267,1,MS,3,hiddenzone,0.4747872,8,0.24545102,0.02340554,53,day,3486146.081
1267,1,MS,4,hiddenzone,0.19302438,8,0.03500706,0.00425637,53,day,1920050.081
1267,1,MS,5,hiddenzone,71.34621738,8,12.63094191,1.57325911,53,day,2160377.318
1268,1,MS,3,hiddenzone,0.4747872,8,0.24545102,0.02340554,53,day,3487646.081
1268,1,MS,4,hiddenzone,0.19303452,8,0.03505313,0.00426085,53,day,2160377.318
1268,1,MS,5,hiddenzone,71.3482921,8,12.64824771,1.57484576,53,day,1920337.045
1269,1,MS,3,hiddenzone,0.4747872,8,0.24545102,0.02340554,53,day,3489146.081
1269,1,MS,4,hiddenzone,0.19308965,8,0.03509918,0.00426299,53,day,1920475.806
1269,1,MS,5,hiddenzone,71.36521084,8,12.66554319,1.57556176,53,day,2160377.318
1270,1,MS,3,hiddenzone,0.4747872,8,0.24545102,0.02340554,53,day,3490646.081
1270,1,MS,4,hiddenzone,0.19314211,8,0.0351452,0.00426505,53,day,2160377.318
1270,1,MS,5,hiddenzone,71.38103313,8,12.68282734,1.57624745,53,day,1920742.457
1271,1,MS,3,hiddenzone,0.4747872,8,0.24545102,0.02340554,53,night,3492146.081
1271,1,MS,4,hiddenzone,0.19319524,8,0.03519121,0.00426712,53,night,1920870.346
1271,1,MS,5,hiddenzone,71.3970066,8,12.70010159,1.57693207,53,night,2160377.318
1272,1,MS,3,hiddenzone,0.4747872,8,0.24545102,0.02340554,54,night,3493646.081
1272,1,MS,4,hiddenzone,0.19411098,8,0.03523719,0.00427307,54,night,2160377.318
1272,1,MS,5,hiddenzone,71.73854429,8,12.71736723,1.57909136,54,night,1921165.608
1273,1,MS,3,hiddenzone,0.4747872,8,0.24545102,0.02340554,54,night,3495146.081
1273,1,MS,4,hiddenzone,0.19516449,8,0.03528316,0.00428025,54,night,1921366.454
1273,1,MS,5,hiddenzone,72.12414657,8,12.73462588,1.58165699,54,night,2160377.318
1274,1,MS,3,hiddenzone,0.4747872,8,0.24545102,0.02340554,54,night,3496646.081
1274,1,MS,4,hiddenzone,0.1962267,8,0.03532911,0.00428753,54,night,2160377.318
1274,1,MS,5,hiddenzone,72.5127528,8,12.75187844,1.58425808,54,night,1921949.538
1275,1,MS,3,hiddenzone,0.4747872,8,0.24545102,0.02340554,54,night,3498146.081
1275,1,MS,4,hiddenzone,0.19730089,8,0.03537506,0.00429476,54,night,1922329.487
1275,1,MS,5,hiddenzone,72.90580483,8,12.76912462,1.58684271,54,night,2160377.318
1276,1,MS,3,hiddenzone,0.4747872,8,0.24545102,0.02340554,54,night,3499646.081
1276,1,MS,4,hiddenzone,0.19766591,8,0.03542098,0.00429864,54,night,2160377.318
1276,1,MS,5,hiddenzone,73.03087713,8,12.78636256,1.58814862,54,night,1923215.843
1277,1,MS,3,hiddenzone,0.4747872,8,0.24545102,0.02340554,54,night,3501146.081
1277,1,MS,4,hiddenzone,0.1979308,8,0.03546689,0.00430149,54,night,1923805.793
1277,1,MS,5,hiddenzone,73.12463755,8,12.80359132,1.5891147,54,night,2160377.318
1278,1,MS,3,hiddenzone,0.4747872,8,0.24545102,0.02340554,54,night,3502646.081
1278,1,MS,4,hiddenzone,0.19818445,8,0.03551278,0.00430402,54,night,2160377.318
1278,1,MS,5,hiddenzone,73.21418954,8,12.82081038,1.58996032,54,night,1925712.689
1279,1,MS,3,hiddenzone,0.4747872,8,0.24545102,0.02340554,54,day,3504146.081
1279,1,MS,4,hiddenzone,0.19843165,8,0.03555864,0.00430645,54,day,1927110.317
1279,1,MS,5,hiddenzone,73.30127528,8,12.8380204,1.5907701,54,day,2160377.318
1280,1,MS,3,hiddenzone,0.4747872,8,0.24545102,0.02340554,54,day,3505646.081
1280,1,MS,4,hiddenzone,0.19837563,8,0.03560449,0.0043075,54,day,2160377.318
1280,1,MS,5,hiddenzone,73.27378705,8,12.85522057,1.59104808,54,day,1930867.174
1281,1,MS,3,hiddenzone,0.4747872,8,0.24545102,0.02340554,54,day,3507146.081
1281,1,MS,4,hiddenzone,0.19826464,8,0.03565031,0.00430812,54,day,1932745.746
1281,1,MS,5,hiddenzone,73.22779965,8,12.87240967,1.59118029,54,day,2160377.318
1282,1,MS,3,hiddenzone,0.4747872,8,0.24545102,0.02340554,54,day,3508646.081
1282,1,MS,4,hiddenzone,0.19814525,8,0.0356961,0.00430863,54,day,2160377.318
1282,1,MS,5,hiddenzone,73.17927638,8,12.88958785,1.59127526,54,day,1936213.636
1283,1,MS,3,hiddenzone,0.4747872,8,0.24545102,0.02340554,54,day,3510146.081
1283,1,MS,4,hiddenzone,0.19802397,8,0.03574188,0.00430916,54,day,1937738.866
1283,1,MS,5,hiddenzone,73.12998783,8,12.90675525,1.59137287,54,day,2160377.318
1284,1,MS,3,hiddenzone,0.4747872,8,0.24545102,0.02340554,54,day,3511646.081
1284,1,MS,4,hiddenzone,0.19789983,8,0.03578763,0.0043097,54,day,2160377.318
1284,1,MS,5,hiddenzone,73.07963698,8,12.92391223,1.59147748,54,day,1940757.284
1285,1,MS,3,hiddenzone,0.4747872,8,0.24545102,0.02340554,54,day,3513146.081
1285,1,MS,4,hiddenzone,0.19777258,8,0.03583335,0.00431029,54,day,1942186.383
1285,1,MS,5,hiddenzone,73.02815704,8,12.9410584,1.59159574,54,day,2160377.318
1286,1,MS,3,hiddenzone,0.4747872,8,0.24545102,0.02340554,54,day,3514646.081
1286,1,MS,4,hiddenzone,0.19764161,8,0.03587905,0.00431092,54,day,2160377.318
1286,1,MS,5,hiddenzone,72.97530538,8,12.95819362,1.59173273,54,day,1945044.295
1287,1,MS,3,hiddenzone,0.4747872,8,0.24545102,0.02340554,54,day,3516146.081
1287,1,MS,4,hiddenzone,0.19749972,8,0.03592473,0.00431161,54,day,1946280.559
1287,1,MS,5,hiddenzone,72.91843675,8,12.97531846,1.59188827,54,day,2160377.318
1288,1,MS,3,hiddenzone,0.4747872,8,0.24545102,0.02340554,54,day,3517646.081
1288,1,MS,4,hiddenzone,0.19735203,8,0.03597039,0.00431234,54,day,2160377.318
1288,1,MS,5,hiddenzone,72.85941333,8,12.99243267,1.59206046,54,day,1948753.373
1289,1,MS,3,hiddenzone,0.4747872,8,0.24545102,0.02340554,54,day,3519146.081
1289,1,MS,4,hiddenzone,0.19720399,8,0.03601602,0.00431311,54,day,1950118.098
1289,1,MS,5,hiddenzone,72.80028112,8,13.00953626,1.59224742,54,day,2160377.318
1290,1,MS,3,hiddenzone,0.4747872,8,0.24545102,0.02340554,54,day,3520646.081
1290,1,MS,4,hiddenzone,0.19705525,8,0.03606163,0.00431392,54,day,2160377.318
1290,1,MS,5,hiddenzone,72.74088018,8,13.02662932,1.59244897,54,day,1953072.428
1291,1,MS,3,hiddenzone,0.4747872,8,0.24545102,0.02340554,54,day,3522146.081
1291,1,MS,4,hiddenzone,0.19690448,8,0.03610722,0.00431477,54,day,1954694.076
1291,1,MS,5,hiddenzone,72.68073746,8,13.04371189,1.59266397,54,day,2160377.318
1292,1,MS,3,hiddenzone,0.4747872,8,0.24545102,0.02340554,54,day,3523646.081
1292,1,MS,4,hiddenzone,0.1967545,8,0.03615278,0.00431566,54,day,2160377.318
1292,1,MS,5,hiddenzone,72.62092378,8,13.0607843,1.59289601,54,day,1957969.417
1293,1,MS,3,hiddenzone,0.4747872,8,0.24545102,0.02340554,54,day,3525146.081
1293,1,MS,4,hiddenzone,0.19660459,8,0.03619832,0.0043166,54,day,1959815.659
1293,1,MS,5,hiddenzone,72.56099069,8,13.07784621,1.59314101,54,day,2160377.318
1294,1,MS,3,hiddenzone,0.4747872,8,0.24545102,0.02340554,54,day,3526646.081
1294,1,MS,4,hiddenzone,0.19646558,8,0.03624384,0.00431783,54,day,2160377.318
1294,1,MS,5,hiddenzone,72.50468742,8,13.09489843,1.59348602,54,day,1963957.614
1295,1,MS,3,hiddenzone,0.4747872,8,0.24545102,0.02340554,54,night,3528146.081
1295,1,MS,4,hiddenzone,0.19631977,8,0.03628934,0.00431894,54,night,1965964.361
1295,1,MS,5,hiddenzone,72.44496422,8,13.11194124,1.59376462,54,night,2160377.318
1296,1,MS,3,hiddenzone,0.4747872,8,0.24545102,0.02340554,55,night,3529646.081
1296,1,MS,4,hiddenzone,0.19804525,8,0.03633485,0.00433618,55,night,2160377.318
1296,1,MS,5,hiddenzone,73.09100708,8,13.12898252,1.60013371,55,night,1971303.858
1297,1,MS,3,hiddenzone,0.4747872,8,0.24545102,0.02340554,55,night,3531146.081
1297,1,MS,4,hiddenzone,0.20000078,8,0.03638037,0.00434966,55,night,1974023.78
1297,1,MS,5,hiddenzone,73.78820291,8,13.14602688,1.6047544,55,night,2160377.318
1298,1,MS,3,hiddenzone,0.4747872,8,0.24545102,0.02340554,55,night,3532646.081
1298,1,MS,4,hiddenzone,0.20221674,8,0.03642593,0.00436712,55,night,2160377.318
1298,1,MS,5,hiddenzone,74.59171838,8,13.16307942,1.61089441,55,night,1978422.659
1299,1,MS,3,hiddenzone,0.4747872,8,0.24545102,0.02340554,55,night,3534146.081
1299,1,MS,4,hiddenzone,0.20449671,8,0.03647155,0.0043857,55,night,1980076.351
1299,1,MS,5,hiddenzone,75.41481317,8,13.1801444,1.61736281,55,night,2160377.318
1300,1,MS,3,hiddenzone,0.4747872,8,0.24545102,0.02340554,55,night,3535646.081
1300,1,MS,4,hiddenzone,0.20599708,8,0.03651721,0.00440015,55,night,2160377.318
1300,1,MS,5,hiddenzone,75.95206749,8,13.19721998,1.62234486,55,night,1982292.242
1301,1,MS,3,hiddenzone,0.4747872,8,0.24545102,0.02340554,55,night,3537146.081
1301,1,MS,4,hiddenzone,0.20731101,8,0.03656289,0.00441068,55,night,1983528.506
1301,1,MS,5,hiddenzone,76.42407351,8,13.2142993,1.62596369,55,night,2160377.318
1302,1,MS,3,hiddenzone,0.4747872,8,0.24545102,0.02340554,55,night,3538646.081
1302,1,MS,4,hiddenzone,0.2085823,8,0.03660858,0.00441945,55,night,2160377.318
1302,1,MS,5,hiddenzone,76.88382943,8,13.23137748,1.6290092,55,night,1986257.956
1303,1,MS,3,hiddenzone,0.4747872,8,0.24545102,0.02340554,55,day,3540146.081
1303,1,MS,4,hiddenzone,0.20983119,8,0.03665427,0.0044274,55,day,1987333.715
1303,1,MS,5,hiddenzone,77.33808182,8,13.24845235,1.63180775,55,day,2160377.318
1304,1,MS,3,hiddenzone,0.4747872,8,0.24545102,0.02340554,55,day,3541646.081
1304,1,MS,4,hiddenzone,0.21004228,8,0.03669995,0.00443148,55,day,2160377.318
1304,1,MS,5,hiddenzone,77.41119705,8,13.26552141,1.63320623,55,day,1989613.979
1305,1,MS,3,hiddenzone,0.4747872,8,0.24545102,0.02340554,55,day,3543146.081
1305,1,MS,4,hiddenzone,0.2100171,8,0.03674561,0.00443249,55,day,1990978.704
1305,1,MS,5,hiddenzone,77.39729105,8,13.28258108,1.63348124,55,day,2160377.318
1306,1,MS,3,hiddenzone,0.4747872,8,0.24545102,0.02340554,55,day,3544646.081
1306,1,MS,4,hiddenzone,0.20997123,8,0.03679124,0.00443253,55,day,2160377.318
1306,1,MS,5,hiddenzone,77.37607242,8,13.29962946,1.63340487,55,day,1993515.606
1307,1,MS,3,hiddenzone,0.4747872,8,0.24545102,0.02340554,55,day,3546146.081
1307,1,MS,4,hiddenzone,0.20990678,8,0.03683685,0.00443229,55,day,1994976.749
1307,1,MS,5,hiddenzone,77.34824192,8,13.31666677,1.63323165,55,day,2160377.318
1308,1,MS,3,hiddenzone,0.4747872,8,0.24545102,0.02340554,55,day,3547646.081
1308,1,MS,4,hiddenzone,0.20982799,8,0.03688242,0.004432,55,day,2160377.318
1308,1,MS,5,hiddenzone,77.31529609,8,13.33369198,1.63304116,55,day,1998027.496
1309,1,MS,3,hiddenzone,0.4747872,8,0.24545102,0.02340554,55,day,3549146.081
1309,1,MS,4,hiddenzone,0.20974033,8,0.03692798,0.00443176,55,day,1999777.606
1309,1,MS,5,hiddenzone,77.27922367,8,13.35070522,1.63287172,55,day,2160377.318
1310,1,MS,3,hiddenzone,0.4747872,8,0.24545102,0.02340554,55,day,3550646.081
1310,1,MS,4,hiddenzone,0.20964649,8,0.0369735,0.00443153,55,day,2160377.318
1310,1,MS,5,hiddenzone,77.24113664,8,13.36770684,1.63271442,55,day,2003084.991
1311,1,MS,3,hiddenzone,0.4747872,8,0.24545102,0.02340554,55,day,3552146.081
1311,1,MS,4,hiddenzone,0.20954429,8,0.03701899,0.0044313,55,day,2004963.562
1311,1,MS,5,hiddenzone,77.20035717,8,13.38469612,1.63256468,55,day,2160377.318
1312,1,MS,3,hiddenzone,0.4747872,8,0.24545102,0.02340554,55,day,3553646.081
1312,1,MS,4,hiddenzone,0.20940858,8,0.03706445,0.00443106,55,day,2160377.318
1312,1,MS,5,hiddenzone,77.14760369,8,13.40167267,1.63241568,55,day,2008591.958
1313,1,MS,3,hiddenzone,0.4747872,8,0.24545102,0.02340554,55,day,3555146.081
1313,1,MS,4,hiddenzone,0.20926241,8,0.03710988,0.0044308,55,day,2010502.573
1313,1,MS,5,hiddenzone,77.09129199,8,13.41863574,1.6322686,55,day,2160377.318
1314,1,MS,3,hiddenzone,0.4747872,8,0.24545102,0.02340554,55,day,3556646.081
1314,1,MS,4,hiddenzone,0.20911904,8,0.03715528,0.00443053,55,day,2160377.318
1314,1,MS,5,hiddenzone,77.036199,8,13.43558584,1.63211977,55,day,2014419.936
1315,1,MS,3,hiddenzone,0.4747872,8,0.24545102,0.02340554,55,day,3558146.081
1315,1,MS,4,hiddenzone,0.20897462,8,0.03720064,0.00443029,55,day,2016202.09
1315,1,MS,5,hiddenzone,76.9810292,8,13.45252188,1.63198912,55,day,2160377.318
1316,1,MS,3,hiddenzone,0.4747872,8,0.24545102,0.02340554,55,day,3559646.081
1316,1,MS,4,hiddenzone,0.20928847,8,0.03724597,0.00443404,55,day,2160377.318
1316,1,MS,5,hiddenzone,77.09463881,8,13.46944687,1.63333281,55,day,2019381.013
1317,1,MS,3,hiddenzone,0.4747872,8,0.24545102,0.02340554,55,day,3561146.081
1317,1,MS,4,hiddenzone,0.20973789,8,0.03729128,0.00443693,55,day,2021195.21
1317,1,MS,5,hiddenzone,77.25864096,8,13.48636014,1.6343625,55,day,2160377.318
1318,1,MS,3,hiddenzone,0.4747872,8,0.24545102,0.02340554,55,day,3562646.081
1318,1,MS,4,hiddenzone,0.2101901,8,0.03733655,0.00443985,55,day,2160377.318
1318,1,MS,5,hiddenzone,77.42368427,8,13.50326135,1.63540789,55,day,2024722.688
1319,1,MS,3,hiddenzone,0.4747872,8,0.24545102,0.02340554,55,night,3564146.081
1319,1,MS,4,hiddenzone,0.21064667,8,0.0373818,0.00444295,55,night,2026306.675
1319,1,MS,5,hiddenzone,77.59023631,8,13.52015128,1.63651452,55,night,2160377.318
1320,1,MS,3,hiddenzone,0.4747872,8,0.24545102,0.02340554,56,night,3565646.081
1320,1,MS,4,hiddenzone,0.21279393,8,0.03742702,0.00445444,56,night,2160377.318
1320,1,MS,5,hiddenzone,78.37870972,8,13.53703297,1.64070872,56,night,2029585.622
1321,1,MS,3,hiddenzone,0.4747872,8,0.24545102,0.02340554,56,night,3567146.081
1321,1,MS,4,hiddenzone,0.21533036,8,0.03747224,0.0044725,56,night,2031294.455
1321,1,MS,5,hiddenzone,79.31103793,8,13.5539124,1.64731974,56,night,2160377.318
1322,1,MS,3,hiddenzone,0.4747872,8,0.24545102,0.02340554,56,night,3568646.081
1322,1,MS,4,hiddenzone,0.21794093,8,0.03751747,0.0044924,56,night,2160377.318
1322,1,MS,5,hiddenzone,80.27037444,8,13.57079245,1.65460185,56,night,2034864.71
1323,1,MS,3,hiddenzone,0.4747872,8,0.24545102,0.02340554,56,night,3570146.081
1323,1,MS,4,hiddenzone,0.22057699,8,0.0375627,0.00451205,56,night,2036732.202
1323,1,MS,5,hiddenzone,81.23889785,8,13.58767348,1.66179082,56,night,2160377.318
1324,1,MS,3,hiddenzone,0.4747872,8,0.24545102,0.02340554,56,night,3571646.081
1324,1,MS,4,hiddenzone,0.22232289,8,0.03760793,0.00452632,56,night,2160377.318
1324,1,MS,5,hiddenzone,81.87907833,8,13.60455397,1.66698603,56,night,2040631.912
1325,1,MS,3,hiddenzone,0.4747872,8,0.24545102,0.02340554,56,night,3573146.081
1325,1,MS,4,hiddenzone,0.22388891,8,0.03765316,0.00453689,56,night,2042651.994
1325,1,MS,5,hiddenzone,82.45213981,8,13.62143137,1.67080383,56,night,2160377.318
1326,1,MS,3,hiddenzone,0.4747872,8,0.24545102,0.02340554,56,night,3574646.081
1326,1,MS,4,hiddenzone,0.2254136,8,0.03769838,0.00454586,56,night,2160377.318
1326,1,MS,5,hiddenzone,83.01035793,8,13.63830353,1.67404214,56,night,2046800.53
1327,1,MS,3,hiddenzone,0.4747872,8,0.24545102,0.02340554,56,day,3576146.081
1327,1,MS,4,hiddenzone,0.22691937,8,0.03774358,0.00455414,56,day,2048909.911
1327,1,MS,5,hiddenzone,83.56195668,8,13.65516849,1.67702995,56,day,2160377.318
1328,1,MS,3,hiddenzone,0.4747872,8,0.24545102,0.02340554,56,day,3577646.081
1328,1,MS,4,hiddenzone,0.22716593,8,0.03778876,0.00455801,56,day,2160377.318
1328,1,MS,5,hiddenzone,83.65049253,8,13.6720258,1.67840434,56,day,2053209.303
1329,1,MS,3,hiddenzone,0.4747872,8,0.24545102,0.02340554,56,day,3579146.081
1329,1,MS,4,hiddenzone,0.22714597,8,0.03783392,0.00455845,56,day,2055391.511
1329,1,MS,5,hiddenzone,83.64032276,8,13.68887153,1.67850756,56,day,2160377.318
1330,1,MS,3,hiddenzone,0.4747872,8,0.24545102,0.02340554,56,day,3580646.081
1330,1,MS,4,hiddenzone,0.22709538,8,0.03787904,0.00455794,56,day,2160377.318
1330,1,MS,5,hiddenzone,83.61891156,8,13.70570433,1.67826448,56,day,2059809.68
1331,1,MS,3,hiddenzone,0.4747872,8,0.24545102,0.02340554,56,day,3582146.081
1331,1,MS,4,hiddenzone,0.22702583,8,0.03792414,0.00455723,56,day,2062045.641
1331,1,MS,5,hiddenzone,83.59046197,8,13.72252469,1.67794701,56,day,2160377.318
1332,1,MS,3,hiddenzone,0.4747872,8,0.24545102,0.02340554,56,day,3583646.081
1332,1,MS,4,hiddenzone,0.22694251,8,0.0379692,0.00455646,56,day,2160377.318
1332,1,MS,5,hiddenzone,83.5570059,8,13.73933223,1.67760785,56,day,2066570.45
1333,1,MS,3,hiddenzone,0.4747872,8,0.24545102,0.02340554,56,day,3585146.081
1333,1,MS,4,hiddenzone,0.22684736,8,0.03801423,0.0045557,56,day,2068867.1
1333,1,MS,5,hiddenzone,83.51922668,8,13.75612627,1.6772722,56,day,2160377.318
1334,1,MS,3,hiddenzone,0.4747872,8,0.24545102,0.02340554,56,day,3586646.081
1334,1,MS,4,hiddenzone,0.22674468,8,0.03805922,0.00455499,56,day,2160377.318
1334,1,MS,5,hiddenzone,83.47890153,8,13.77290709,1.67695756,56,day,2073538.43
1335,1,MS,3,hiddenzone,0.4747872,8,0.24545102,0.02340554,56,day,3588146.081
1335,1,MS,4,hiddenzone,0.22663692,8,0.03810419,0.00455436,56,day,2075905.306
1335,1,MS,5,hiddenzone,83.43631283,8,13.78967518,1.67666719,56,day,2160377.318
1336,1,MS,3,hiddenzone,0.4747872,8,0.24545102,0.02340554,56,day,3589646.081
1336,1,MS,4,hiddenzone,0.22651206,8,0.03814912,0.0045538,56,day,2160377.318
1336,1,MS,5,hiddenzone,83.38753584,8,13.8064303,1.67640882,56,day,2080714.487
1337,1,MS,3,hiddenzone,0.4747872,8,0.24545102,0.02340554,56,day,3591146.081
1337,1,MS,4,hiddenzone,0.22635917,8,0.03819402,0.00455332,56,day,2083161.993
1337,1,MS,5,hiddenzone,83.32850442,8,13.82317253,1.67617723,56,day,2160377.318
1338,1,MS,3,hiddenzone,0.4747872,8,0.24545102,0.02340554,56,day,3592646.081
1338,1,MS,4,hiddenzone,0.226206,8,0.03823889,0.00455289,56,day,2160377.318
1338,1,MS,5,hiddenzone,83.26937201,8,13.83990234,1.67596055,56,day,2088133.301
1339,1,MS,3,hiddenzone,0.4747872,8,0.24545102,0.02340554,56,day,3594146.081
1339,1,MS,4,hiddenzone,0.22605065,8,0.03828373,0.00455249,56,day,2090653.634
1339,1,MS,5,hiddenzone,83.20953757,8,13.85661903,1.67576103,56,day,2160377.318
1340,1,MS,3,hiddenzone,0.4747872,8,0.24545102,0.02340554,56,day,3595646.081
1340,1,MS,4,hiddenzone,0.22604317,8,0.03832854,0.00455594,56,day,2160377.318
1340,1,MS,5,hiddenzone,83.20415823,8,13.87332456,1.67697651,56,day,2095770.595
1341,1,MS,3,hiddenzone,0.4747872,8,0.24545102,0.02340554,56,day,3597146.081
1341,1,MS,4,hiddenzone,0.22610149,8,0.03837332,0.00455762,56,day,2098369.603
1341,1,MS,5,hiddenzone,83.22292228,8,13.89001938,1.67754049,56,day,2160377.318
1342,1,MS,3,hiddenzone,0.4747872,8,0.24545102,0.02340554,56,day,3598646.081
1342,1,MS,4,hiddenzone,0.22615995,8,0.03841807,0.00455893,56,day,2160377.318
1342,1,MS,5,hiddenzone,83.24157172,8,13.90670279,1.67796547,56,day,2103642.402
1343,1,MS,3,hiddenzone,0.4747872,8,0.24545102,0.02340554,56,night,3600146.081
1343,1,MS,4,hiddenzone,0.22621777,8,0.0384628,0.00456024,56,night,2106306.553
1343,1,MS,5,hiddenzone,83.25979751,8,13.92337484,1.67838717,56,night,2160377.318
1344,1,MS,3,hiddenzone,0.4747872,8,0.24545102,0.02340554,57,night,3601646.081
1344,1,MS,4,hiddenzone,0.22792555,8,0.03850751,0.00456832,57,night,2160377.318
1344,1,MS,5,hiddenzone,83.88405413,8,13.94003802,1.68128433,57,night,2111661.45
1345,1,MS,3,hiddenzone,0.4747872,8,0.24545102,0.02340554,57,night,3603146.081
1345,1,MS,4,hiddenzone,0.23000255,8,0.03855222,0.00458249,57,night,2114342.115
1345,1,MS,5,hiddenzone,84.64153471,8,13.95669962,1.68636098,57,night,2160377.318
1346,1,MS,3,hiddenzone,0.4747872,8,0.24545102,0.02340554,57,night,3604646.081
1346,1,MS,4,hiddenzone,0.23213319,8,0.03859696,0.004598,57,night,2160377.318
1346,1,MS,5,hiddenzone,85.41044904,8,13.97336643,1.69177081,57,night,2119699.767
1347,1,MS,3,hiddenzone,0.4747872,8,0.24545102,0.02340554,57,night,3606146.081
1347,1,MS,4,hiddenzone,0.23433622,8,0.03864174,0.0046145,57,night,2122380.432
1347,1,MS,5,hiddenzone,86.20116557,8,13.99004073,1.69744848,57,night,2160377.318
1348,1,MS,3,hiddenzone,0.4747872,8,0.24545102,0.02340554,57,night,3607646.081
1348,1,MS,4,hiddenzone,0.23616797,8,0.03868656,0.00462866,57,night,2160377.318
1348,1,MS,5,hiddenzone,86.85253538,8,14.00672235,1.7022157,57,night,2127753.741
1349,1,MS,3,hiddenzone,0.4747872,8,0.24545102,0.02340554,57,night,3609146.081
1349,1,MS,4,hiddenzone,0.23792099,8,0.0387314,0.00464074,57,night,2130453.789
1349,1,MS,5,hiddenzone,87.48337314,8,14.02340648,1.70639017,57,night,2160377.318
1350,1,MS,3,hiddenzone,0.4747872,8,0.24545102,0.02340554,57,night,3610646.081
1350,1,MS,4,hiddenzone,0.23957535,8,0.03877624,0.0046509,57,night,2160377.318
1350,1,MS,5,hiddenzone,88.08605849,8,14.04009005,1.7100155,57,night,2135914.414
1351,1,MS,3,hiddenzone,0.4747872,8,0.24545102,0.02340554,57,day,3612146.081
1351,1,MS,4,hiddenzone,0.24120418,8,0.03882108,0.00466002,57,day,2138674.318
1351,1,MS,5,hiddenzone,88.68297504,8,14.0567687,1.71333144,57,day,2160377.318
1352,1,MS,3,hiddenzone,0.4747872,8,0.24545102,0.02340554,57,day,3613646.081
1352,1,MS,4,hiddenzone,0.2414609,8,0.0388659,0.00466424,57,day,2160377.318
1352,1,MS,5,hiddenzone,88.77661713,8,14.07344207,1.71486001,57,day,2144252.05
1353,1,MS,3,hiddenzone,0.4747872,8,0.24545102,0.02340554,57,day,3615146.081
1353,1,MS,4,hiddenzone,0.2414372,8,0.03891069,0.00466451,57,day,2147072.037
1353,1,MS,5,hiddenzone,88.76707835,8,14.09010432,1.71494429,57,day,2160377.318
1354,1,MS,3,hiddenzone,0.4747872,8,0.24545102,0.02340554,57,day,3616646.081
1354,1,MS,4,hiddenzone,0.24138632,8,0.03895545,0.00466378,57,day,2160377.318
1354,1,MS,5,hiddenzone,88.74781703,8,14.10675495,1.71466559,57,day,2152774.956
1355,1,MS,3,hiddenzone,0.4747872,8,0.24545102,0.02340554,57,day,3618146.081
1355,1,MS,4,hiddenzone,0.24131333,8,0.03900018,0.00466276,57,day,2155661.11
1355,1,MS,5,hiddenzone,88.72084842,8,14.12339326,1.71428538,57,day,2160377.318
1356,1,MS,3,hiddenzone,0.4747872,8,0.24545102,0.02340554,57,day,3619646.081
1356,1,MS,4,hiddenzone,0.2412261,8,0.03904487,0.00466159,57,day,2160377.318
1356,1,MS,5,hiddenzone,88.68903399,8,14.140018,1.71385882,57,day,2161501.663
1357,1,MS,3,hiddenzone,0.4747872,8,0.24545102,0.02340554,57,day,3621146.081
1357,1,MS,4,hiddenzone,0.24112816,8,0.03908952,0.00466036,57,day,2161501.663
1357,1,MS,5,hiddenzone,88.65369419,8,14.15662947,1.7134212,57,day,2160377.318
1358,1,MS,3,hiddenzone,0.4747872,8,0.24545102,0.02340554,57,day,3622646.081
1358,1,MS,4,hiddenzone,0.2410238,8,0.03913414,0.00465908,57,day,2160377.318
1358,1,MS,5,hiddenzone,88.61630188,8,14.17322679,1.71296877,57,day,2161501.663
1359,1,MS,3,hiddenzone,0.4747872,8,0.24545102,0.02340554,57,day,3624146.081
1359,1,MS,4,hiddenzone,0.24091205,8,0.03917871,0.00465778,57,day,2161501.663
1359,1,MS,5,hiddenzone,88.57637307,8,14.18980905,1.71251233,57,day,2160377.318
1360,1,MS,3,hiddenzone,0.4747872,8,0.24545102,0.02340554,57,day,3625646.081
1360,1,MS,4,hiddenzone,0.24079687,8,0.03922325,0.00465648,57,day,2160377.318
1360,1,MS,5,hiddenzone,88.53504016,8,14.20637627,1.71205342,57,day,2161501.663
1361,1,MS,3,hiddenzone,0.4747872,8,0.24545102,0.02340554,57,day,3627146.081
1361,1,MS,4,hiddenzone,0.24067313,8,0.03926774,0.0046552,57,day,2161501.663
1361,1,MS,5,hiddenzone,88.49043595,8,14.22292861,1.71160163,57,day,2160377.318
1362,1,MS,3,hiddenzone,0.4747872,8,0.24545102,0.02340554,57,day,3628646.081
1362,1,MS,4,hiddenzone,0.24054159,8,0.03931219,0.00465397,57,day,2160377.318
1362,1,MS,5,hiddenzone,88.44249502,8,14.23946557,1.71115512,57,day,2161501.663
1363,1,MS,3,hiddenzone,0.4747872,8,0.24545102,0.02340554,57,day,3630146.081
1363,1,MS,4,hiddenzone,0.24040726,8,0.0393566,0.00465278,57,day,2161501.663
1363,1,MS,5,hiddenzone,88.39308861,8,14.25598699,1.71071841,57,day,2160377.318
1364,1,MS,3,hiddenzone,0.4747872,8,0.24545102,0.02340554,57,day,3631646.081
1364,1,MS,4,hiddenzone,0.2405559,8,0.03940097,0.00465481,57,day,2160377.318
1364,1,MS,5,hiddenzone,88.44765364,8,14.27249405,1.71146404,57,day,2161501.663
1365,1,MS,3,hiddenzone,0.4747872,8,0.24545102,0.02340554,57,day,3633146.081
1365,1,MS,4,hiddenzone,0.24078867,8,0.0394453,0.00465561,57,day,2161501.663
1365,1,MS,5,hiddenzone,88.5332425,8,14.28898723,1.71176096,57,day,2160377.318
1366,1,MS,3,hiddenzone,0.4747872,8,0.24545102,0.02340554,57,day,3634646.081
1366,1,MS,4,hiddenzone,0.24101081,8,0.03948959,0.0046567,57,day,2160377.318
1366,1,MS,5,hiddenzone,88.61492778,8,14.30546561,1.71216198,57,day,2161501.663
1367,1,MS,3,hiddenzone,0.4747872,8,0.24545102,0.02340554,57,night,3636146.081
1367,1,MS,4,hiddenzone,0.24122852,8,0.03953385,0.00465813,57,night,2161501.663
1367,1,MS,5,hiddenzone,88.69497867,8,14.3219294,1.71268804,57,night,2160377.318
1368,1,MS,3,hiddenzone,0.4747872,8,0.24545102,0.02340554,58,night,3637646.081
1368,1,MS,4,hiddenzone,0.24413846,8,0.03957807,0.00467207,58,night,2160377.318
1368,1,MS,5,hiddenzone,89.76386587,8,14.33838371,1.71780935,58,night,2161501.663
1369,1,MS,3,hiddenzone,0.4747872,8,0.24545102,0.02340554,58,night,3639146.081
1369,1,MS,4,hiddenzone,0.2476153,8,0.0396223,0.00469575,58,night,2161501.663
1369,1,MS,5,hiddenzone,91.04286071,8,14.35483692,1.72652527,58,night,2160377.318
1370,1,MS,3,hiddenzone,0.4747872,8,0.24545102,0.02340554,58,night,3640646.081
1370,1,MS,4,hiddenzone,0.2476153,8,0.0396223,0.00469575,58,night,2160377.318
1370,1,MS,5,hiddenzone,92.390143,8,14.37129422,1.73597638,58,night,2161501.663
1371,1,MS,3,hiddenzone,0.4747872,8,0.24545102,0.02340554,58,night,3642146.081
1371,1,MS,4,hiddenzone,0.2476153,8,0.0396223,0.00469575,58,night,2161501.663
1371,1,MS,5,hiddenzone,93.76748711,8,14.38776085,1.74518625,58,night,2160377.318
1372,1,MS,3,hiddenzone,0.4747872,8,0.24545102,0.02340554,58,night,3643646.081
1372,1,MS,4,hiddenzone,0.2476153,8,0.0396223,0.00469575,58,night,2160377.318
1372,1,MS,5,hiddenzone,94.59195659,8,14.40423523,1.75165082,58,night,2161501.663
1373,1,MS,3,hiddenzone,0.4747872,8,0.24545102,0.02340554,58,night,3645146.081
1373,1,MS,4,hiddenzone,0.2476153,8,0.0396223,0.00469575,58,night,2161501.663
1373,1,MS,5,hiddenzone,95.30588976,8,14.42070865,1.75580746,58,night,2160377.318
1374,1,MS,3,hiddenzone,0.4747872,8,0.24545102,0.02340554,58,night,3646646.081
1374,1,MS,4,hiddenzone,0.2476153,8,0.0396223,0.00469575,58,night,2160377.318
1374,1,MS,5,hiddenzone,95.98037326,8,14.43717756,1.75923949,58,night,2161501.663
1375,1,MS,3,hiddenzone,0.4747872,8,0.24545102,0.02340554,58,day,3648146.081
1375,1,MS,4,hiddenzone,0.2476153,8,0.0396223,0.00469575,58,day,2161501.663
1375,1,MS,5,hiddenzone,96.63609123,8,14.45363962,1.76226271,58,day,2160377.318
1376,1,MS,3,hiddenzone,0.4747872,8,0.24545102,0.02340554,58,day,3649646.081
1376,1,MS,4,hiddenzone,0.2476153,8,0.0396223,0.00469575,58,day,2160377.318
1376,1,MS,5,hiddenzone,96.74724307,8,14.47009351,1.76353457,58,day,2161501.663
1377,1,MS,3,hiddenzone,0.4747872,8,0.24545102,0.02340554,58,day,3651146.081
1377,1,MS,4,hiddenzone,0.2476153,8,0.0396223,0.00469575,58,day,2161501.663
1377,1,MS,5,hiddenzone,96.75180223,8,14.48653519,1.7634234,58,day,2160377.318
1378,1,MS,3,hiddenzone,0.4747872,8,0.24545102,0.02340554,58,day,3652646.081
1378,1,MS,4,hiddenzone,0.2476153,8,0.0396223,0.00469575,58,day,2160377.318
1378,1,MS,5,hiddenzone,96.74368467,8,14.5029634,1.76294229,58,day,2161501.663
1379,1,MS,3,hiddenzone,0.4747872,8,0.24545102,0.02340554,58,day,3654146.081
1379,1,MS,4,hiddenzone,0.2476153,8,0.0396223,0.00469575,58,day,2161501.663
1379,1,MS,5,hiddenzone,96.72386799,8,14.5193773,1.76235341,58,day,2160377.318
1380,1,MS,3,hiddenzone,0.4747872,8,0.24545102,0.02340554,58,day,3655646.081
1380,1,MS,4,hiddenzone,0.2476153,8,0.0396223,0.00469575,58,day,2160377.318
1380,1,MS,5,hiddenzone,96.69667351,8,14.53577721,1.76175214,58,day,2161501.663
1381,1,MS,3,hiddenzone,0.4747872,8,0.24545102,0.02340554,58,day,3657146.081
1381,1,MS,4,hiddenzone,0.2476153,8,0.0396223,0.00469575,58,day,2161501.663
1381,1,MS,5,hiddenzone,96.66313142,8,14.55216253,1.76116508,58,day,2160377.318
1382,1,MS,3,hiddenzone,0.4747872,8,0.24545102,0.02340554,58,day,3658646.081
1382,1,MS,4,hiddenzone,0.2476153,8,0.0396223,0.00469575,58,day,2160377.318
1382,1,MS,5,hiddenzone,96.62596998,8,14.56853302,1.76058885,58,day,2161501.663
1383,1,MS,3,hiddenzone,0.4747872,8,0.24545102,0.02340554,58,day,3660146.081
1383,1,MS,4,hiddenzone,0.2476153,8,0.0396223,0.00469575,58,day,2161501.663
1383,1,MS,5,hiddenzone,96.58659135,8,14.58488868,1.76003284,58,day,2160377.318
1384,1,MS,3,hiddenzone,0.4747872,8,0.24545102,0.02340554,58,day,3661646.081
1384,1,MS,4,hiddenzone,0.2476153,8,0.0396223,0.00469575,58,day,2160377.318
1384,1,MS,5,hiddenzone,96.54578396,8,14.60122871,1.75946851,58,day,2161501.663
1385,1,MS,3,hiddenzone,0.4747872,8,0.24545102,0.02340554,58,day,3663146.081
1385,1,MS,4,hiddenzone,0.2476153,8,0.0396223,0.00469575,58,day,2161501.663
1385,1,MS,5,hiddenzone,96.50162755,8,14.61755272,1.75889646,58,day,2160377.318
1386,1,MS,3,hiddenzone,0.4747872,8,0.24545102,0.02340554,58,day,3664646.081
1386,1,MS,4,hiddenzone,0.2476153,8,0.0396223,0.00469575,58,day,2160377.318
1386,1,MS,5,hiddenzone,96.45255479,8,14.63386063,1.75834085,58,day,2161501.663
1387,1,MS,3,hiddenzone,0.4747872,8,0.24545102,0.02340554,58,day,3666146.081
1387,1,MS,4,hiddenzone,0.2476153,8,0.0396223,0.00469575,58,day,2161501.663
1387,1,MS,5,hiddenzone,96.40160209,8,14.65015316,1.75780955,58,day,2160377.318
1388,1,MS,3,hiddenzone,0.4747872,8,0.24545102,0.02340554,58,day,3667646.081
1388,1,MS,4,hiddenzone,0.2476153,8,0.0396223,0.00469575,58,day,2160377.318
1388,1,MS,5,hiddenzone,96.61363107,8,14.66643222,1.75892694,58,day,2161501.663
1389,1,MS,3,hiddenzone,0.4747872,8,0.24545102,0.02340554,58,day,3669146.081
1389,1,MS,4,hiddenzone,0.2476153,8,0.0396223,0.00469575,58,day,2161501.663
1389,1,MS,5,hiddenzone,96.88774399,8,14.68269844,1.75989559,58,day,2160377.318
1390,1,MS,3,hiddenzone,0.4747872,8,0.24545102,0.02340554,58,day,3670646.081
1390,1,MS,4,hiddenzone,0.2476153,8,0.0396223,0.00469575,58,day,2160377.318
1390,1,MS,5,hiddenzone,97.17318874,8,14.69895177,1.76101799,58,day,2161501.663
1391,1,MS,3,hiddenzone,0.4747872,8,0.24545102,0.02340554,58,night,3672146.081
1391,1,MS,4,hiddenzone,0.2476153,8,0.0396223,0.00469575,58,night,2161501.663
1391,1,MS,5,hiddenzone,97.46221304,8,14.71519258,1.76227372,58,night,2160377.318
1392,1,MS,3,hiddenzone,0.4747872,8,0.24545102,0.02340554,59,night,3673646.081
1392,1,MS,4,hiddenzone,0.2476153,8,0.0396223,0.00469575,59,night,2160377.318
1392,1,MS,5,hiddenzone,98.44248531,8,14.73142308,1.76670786,59,night,2161501.663
1393,1,MS,3,hiddenzone,0.4747872,8,0.24545102,0.02340554,59,night,3675146.081
1393,1,MS,4,hiddenzone,0.2476153,8,0.0396223,0.00469575,59,night,2161501.663
1393,1,MS,5,hiddenzone,99.56022842,8,14.74764941,1.77360881,59,night,2160377.318
1394,1,MS,3,hiddenzone,0.4747872,8,0.24545102,0.02340554,59,night,3676646.081
1394,1,MS,4,hiddenzone,0.2476153,8,0.0396223,0.00469575,59,night,2160377.318
1394,1,MS,5,hiddenzone,100.7356182,8,14.76387424,1.78105023,59,night,2161501.663
1395,1,MS,3,hiddenzone,0.4747872,8,0.24545102,0.02340554,59,night,3678146.081
1395,1,MS,4,hiddenzone,0.2476153,8,0.0396223,0.00469575,59,night,2161501.663
1395,1,MS,5,hiddenzone,101.9339401,8,14.78009945,1.78843298,59,night,2160377.318
1396,1,MS,3,hiddenzone,0.4747872,8,0.24545102,0.02340554,59,night,3679646.081
1396,1,MS,4,hiddenzone,0.2476153,8,0.0396223,0.00469575,59,night,2160377.318
1396,1,MS,5,hiddenzone,102.7641996,8,14.79632356,1.79386977,59,night,2161501.663
1397,1,MS,3,hiddenzone,0.4747872,8,0.24545102,0.02340554,59,night,3681146.081
1397,1,MS,4,hiddenzone,0.2476153,8,0.0396223,0.00469575,59,night,2161501.663
1397,1,MS,5,hiddenzone,103.5299328,8,14.81254224,1.79791137,59,night,2160377.318
1398,1,MS,3,hiddenzone,0.4747872,8,0.24545102,0.02340554,59,night,3682646.081
1398,1,MS,4,hiddenzone,0.2476153,8,0.0396223,0.00469575,59,night,2160377.318
1398,1,MS,5,hiddenzone,104.2575022,8,14.82875395,1.80136888,59,night,2161501.663
1399,1,MS,3,hiddenzone,0.4747872,8,0.24545102,0.02340554,59,day,3684146.081
1399,1,MS,4,hiddenzone,0.2476153,8,0.0396223,0.00469575,59,day,2161501.663
1399,1,MS,5,hiddenzone,104.9716146,8,14.84495769,1.80450828,59,day,2160377.318
1400,1,MS,3,hiddenzone,0.4747872,8,0.24545102,0.02340554,59,day,3685646.081
1400,1,MS,4,hiddenzone,0.2476153,8,0.0396223,0.00469575,59,day,2160377.318
1400,1,MS,5,hiddenzone,105.083003,8,14.86115215,1.80582298,59,day,2161501.663
1401,1,MS,3,hiddenzone,0.4747872,8,0.24545102,0.02340554,59,day,3687146.081
1401,1,MS,4,hiddenzone,0.2476153,8,0.0396223,0.00469575,59,day,2161501.663
1401,1,MS,5,hiddenzone,105.0850403,8,14.87733346,1.80564569,59,day,2160377.318
1402,1,MS,3,hiddenzone,0.4747872,8,0.24545102,0.02340554,59,day,3688646.081
1402,1,MS,4,hiddenzone,0.2476153,8,0.0396223,0.00469575,59,day,2160377.318
1402,1,MS,5,hiddenzone,105.0733027,8,14.89350036,1.8050892,59,day,2161501.663
1403,1,MS,3,hiddenzone,0.4747872,8,0.24545102,0.02340554,59,day,3690146.081
1403,1,MS,4,hiddenzone,0.2476153,8,0.0396223,0.00469575,59,day,2161501.663
1403,1,MS,5,hiddenzone,105.0507345,8,14.9096516,1.80443024,59,day,2160377.318
1404,1,MS,3,hiddenzone,0.4747872,8,0.24545102,0.02340554,59,day,3691646.081
1404,1,MS,4,hiddenzone,0.2476153,8,0.0396223,0.00469575,59,day,2160377.318
1404,1,MS,5,hiddenzone,105.0205024,8,14.92578738,1.80375634,59,day,2161501.663
1405,1,MS,3,hiddenzone,0.4747872,8,0.24545102,0.02340554,59,day,3693146.081
1405,1,MS,4,hiddenzone,0.2476153,8,0.0396223,0.00469575,59,day,2161501.663
1405,1,MS,5,hiddenzone,104.9843798,8,14.94190808,1.80309583,59,day,2160377.318
1406,1,MS,3,hiddenzone,0.4747872,8,0.24545102,0.02340554,59,day,3694646.081
1406,1,MS,4,hiddenzone,0.2476153,8,0.0396223,0.00469575,59,day,2160377.318
1406,1,MS,5,hiddenzone,104.9448556,8,14.95801292,1.8024521,59,day,2161501.663
1407,1,MS,3,hiddenzone,0.4747872,8,0.24545102,0.02340554,59,day,3696146.081
1407,1,MS,4,hiddenzone,0.2476153,8,0.0396223,0.00469575,59,day,2161501.663
1407,1,MS,5,hiddenzone,104.9024963,8,14.97410186,1.80182862,59,day,2160377.318
1408,1,MS,3,hiddenzone,0.4747872,8,0.24545102,0.02340554,59,day,3697646.081
1408,1,MS,4,hiddenzone,0.2476153,8,0.0396223,0.00469575,59,day,2160377.318
1408,1,MS,5,hiddenzone,104.8579761,8,14.99017557,1.80122727,59,day,2161501.663
1409,1,MS,3,hiddenzone,0.4747872,8,0.24545102,0.02340554,59,day,3699146.081
1409,1,MS,4,hiddenzone,0.2476153,8,0.0396223,0.00469575,59,day,2161501.663
1409,1,MS,5,hiddenzone,104.8067515,8,15.00623411,1.80064816,59,day,2160377.318
1410,1,MS,3,hiddenzone,0.4747872,8,0.24545102,0.02340554,59,day,3700646.081
1410,1,MS,4,hiddenzone,0.2476153,8,0.0396223,0.00469575,59,day,2160377.318
1410,1,MS,5,hiddenzone,104.7528558,8,15.02227738,1.80009703,59,day,2161501.663
1411,1,MS,3,hiddenzone,0.4747872,8,0.24545102,0.02340554,59,day,3702146.081
1411,1,MS,4,hiddenzone,0.2476153,8,0.0396223,0.00469575,59,day,2161501.663
1411,1,MS,5,hiddenzone,104.6927083,8,15.03830519,1.79957581,59,day,2160377.318
1412,1,MS,3,hiddenzone,0.4747872,8,0.24545102,0.02340554,59,day,3703646.081
1412,1,MS,4,hiddenzone,0.2476153,8,0.0396223,0.00469575,59,day,2160377.318
1412,1,MS,5,hiddenzone,104.7708011,8,15.05431936,1.80049977,59,day,2161501.663
1413,1,MS,3,hiddenzone,0.4747872,8,0.24545102,0.02340554,59,day,3705146.081
1413,1,MS,4,hiddenzone,0.2476153,8,0.0396223,0.00469575,59,day,2161501.663
1413,1,MS,5,hiddenzone,104.8813815,8,15.07031985,1.80090628,59,day,2160377.318
1414,1,MS,3,hiddenzone,0.4747872,8,0.24545102,0.02340554,59,day,3706646.081
1414,1,MS,4,hiddenzone,0.2476153,8,0.0396223,0.00469575,59,day,2160377.318
1414,1,MS,5,hiddenzone,104.9932989,8,15.08630586,1.80123598,59,day,2161501.663
1415,1,MS,3,hiddenzone,0.4747872,8,0.24545102,0.02340554,59,night,3708146.081
1415,1,MS,4,hiddenzone,0.2476153,8,0.0396223,0.00469575,59,night,2161501.663
1415,1,MS,5,hiddenzone,105.1058396,8,15.10227777,1.80157049,59,night,2160377.318
1416,1,MS,3,hiddenzone,0.4747872,8,0.24545102,0.02340554,60,night,3709646.081
1416,1,MS,4,hiddenzone,0.2476153,8,0.0396223,0.00469575,60,night,2160377.318
1416,1,MS,5,hiddenzone,106.0782773,8,15.11823952,1.80545814,60,night,2161501.663
1417,1,MS,3,hiddenzone,0.4747872,8,0.24545102,0.02340554,60,night,3711146.081
1417,1,MS,4,hiddenzone,0.2476153,8,0.0396223,0.00469575,60,night,2161501.663
1417,1,MS,5,hiddenzone,107.2052523,8,15.13419658,1.81213968,60,night,2160377.318
1418,1,MS,3,hiddenzone,0.4747872,8,0.24545102,0.02340554,60,night,3712646.081
1418,1,MS,4,hiddenzone,0.2476153,8,0.0396223,0.00469575,60,night,2160377.318
1418,1,MS,5,hiddenzone,108.4164263,8,15.15015274,1.81944573,60,night,2161501.663
1419,1,MS,3,hiddenzone,0.4747872,8,0.24545102,0.02340554,60,night,3714146.081
1419,1,MS,4,hiddenzone,0.2476153,8,0.0396223,0.00469575,60,night,2161501.663
1419,1,MS,5,hiddenzone,109.6557558,8,15.16611367,1.82669023,60,night,2160377.318
1420,1,MS,3,hiddenzone,0.4747872,8,0.24545102,0.02340554,60,night,3715646.081
1420,1,MS,4,hiddenzone,0.2476153,8,0.0396223,0.00469575,60,night,2160377.318
1420,1,MS,5,hiddenzone,110.3817811,8,15.18207881,1.83175586,60,night,2161501.663
1421,1,MS,3,hiddenzone,0.4747872,8,0.24545102,0.02340554,60,night,3717146.081
1421,1,MS,4,hiddenzone,0.2476153,8,0.0396223,0.00469575,60,night,2161501.663
1421,1,MS,5,hiddenzone,111.023724,8,15.19804061,1.83506105,60,night,2160377.318
1422,1,MS,3,hiddenzone,0.4747872,8,0.24545102,0.02340554,60,night,3718646.081
1422,1,MS,4,hiddenzone,0.2476153,8,0.0396223,0.00469575,60,night,2160377.318
1422,1,MS,5,hiddenzone,111.6322544,8,15.21399508,1.83769523,60,night,2161501.663
1423,1,MS,3,hiddenzone,0.4747872,8,0.24545102,0.02340554,60,day,3720146.081
1423,1,MS,4,hiddenzone,0.2476153,8,0.0396223,0.00469575,60,day,2161501.663
1423,1,MS,5,hiddenzone,112.2310292,8,15.22994196,1.84011267,60,day,2160377.318
1424,1,MS,3,hiddenzone,0.4747872,8,0.24545102,0.02340554,60,day,3721646.081
1424,1,MS,4,hiddenzone,0.2476153,8,0.0396223,0.00469575,60,day,2160377.318
1424,1,MS,5,hiddenzone,112.3065772,8,15.24587916,1.84098329,60,day,2161501.663
1425,1,MS,3,hiddenzone,0.4747872,8,0.24545102,0.02340554,60,day,3723146.081
1425,1,MS,4,hiddenzone,0.2476153,8,0.0396223,0.00469575,60,day,2161501.663
1425,1,MS,5,hiddenzone,112.2987415,8,15.26180428,1.84075354,60,day,2160377.318
1426,1,MS,3,hiddenzone,0.4747872,8,0.24545102,0.02340554,60,day,3724646.081
1426,1,MS,4,hiddenzone,0.2476153,8,0.0396223,0.00469575,60,day,2160377.318
1426,1,MS,5,hiddenzone,112.2791167,8,15.27771651,1.84025431,60,day,2161501.663
1427,1,MS,3,hiddenzone,0.4747872,8,0.24545102,0.02340554,60,day,3726146.081
1427,1,MS,4,hiddenzone,0.2476153,8,0.0396223,0.00469575,60,day,2161501.663
1427,1,MS,5,hiddenzone,112.2492198,8,15.29361543,1.83971209,60,day,2160377.318
1428,1,MS,3,hiddenzone,0.4747872,8,0.24545102,0.02340554,60,day,3727646.081
1428,1,MS,4,hiddenzone,0.2476153,8,0.0396223,0.00469575,60,day,2160377.318
1428,1,MS,5,hiddenzone,112.2142941,8,15.30950046,1.83916104,60,day,2161501.663
1429,1,MS,3,hiddenzone,0.4747872,8,0.24545102,0.02340554,60,day,3729146.081
1429,1,MS,4,hiddenzone,0.2476153,8,0.0396223,0.00469575,60,day,2161501.663
1429,1,MS,5,hiddenzone,112.1749072,8,15.32537234,1.83862298,60,day,2160377.318
1430,1,MS,3,hiddenzone,0.4747872,8,0.24545102,0.02340554,60,day,3730646.081
1430,1,MS,4,hiddenzone,0.2476153,8,0.0396223,0.00469575,60,day,2160377.318
1430,1,MS,5,hiddenzone,112.1323771,8,15.34123122,1.83811915,60,day,2161501.663
1431,1,MS,3,hiddenzone,0.4747872,8,0.24545102,0.02340554,60,day,3732146.081
1431,1,MS,4,hiddenzone,0.2476153,8,0.0396223,0.00469575,60,day,2161501.663
1431,1,MS,5,hiddenzone,112.0858463,8,15.35707762,1.83765643,60,day,2160377.318
1432,1,MS,3,hiddenzone,0.4747872,8,0.24545102,0.02340554,60,day,3733646.081
1432,1,MS,4,hiddenzone,0.2476153,8,0.0396223,0.00469575,60,day,2160377.318
1432,1,MS,5,hiddenzone,112.0277526,8,15.37291274,1.83725456,60,day,2161501.663
1433,1,MS,3,hiddenzone,0.4747872,8,0.24545102,0.02340554,60,day,3735146.081
1433,1,MS,4,hiddenzone,0.2476153,8,0.0396223,0.00469575,60,day,2161501.663
1433,1,MS,5,hiddenzone,111.971394,8,15.38873793,1.83691435,60,day,2160377.318
1434,1,MS,3,hiddenzone,0.4747872,8,0.24545102,0.02340554,60,day,3736646.081
1434,1,MS,4,hiddenzone,0.2476153,8,0.0396223,0.00469575,60,day,2160377.318
1434,1,MS,5,hiddenzone,111.9150826,8,15.4045536,1.83663693,60,day,2161501.663
1435,1,MS,3,hiddenzone,0.4747872,8,0.24545102,0.02340554,60,day,3738146.081
1435,1,MS,4,hiddenzone,0.2476153,8,0.0396223,0.00469575,60,day,2161501.663
1435,1,MS,5,hiddenzone,111.8600346,8,15.4203603,1.83641533,60,day,2160377.318
1436,1,MS,3,hiddenzone,0.4747872,8,0.24545102,0.02340554,60,day,3739646.081
1436,1,MS,4,hiddenzone,0.2476153,8,0.0396223,0.00469575,60,day,2160377.318
1436,1,MS,5,hiddenzone,111.8277232,8,15.43616054,1.83776676,60,day,2161501.663
1437,1,MS,3,hiddenzone,0.4747872,8,0.24545102,0.02340554,60,day,3741146.081
1437,1,MS,4,hiddenzone,0.2476153,8,0.0396223,0.00469575,60,day,2161501.663
1437,1,MS,5,hiddenzone,111.8178926,8,15.45195609,1.83829523,60,day,2160377.318
1438,1,MS,3,hiddenzone,0.4747872,8,0.24545102,0.02340554,60,day,3742646.081
1438,1,MS,4,hiddenzone,0.2476153,8,0.0396223,0.00469575,60,day,2160377.318
1438,1,MS,5,hiddenzone,111.8113037,8,15.46774957,1.83869076,60,day,2161501.663
1439,1,MS,3,hiddenzone,0.4747872,8,0.24545102,0.02340554,60,night,3744146.081
1439,1,MS,4,hiddenzone,0.2476153,8,0.0396223,0.00469575,60,night,2161501.663
1439,1,MS,5,hiddenzone,111.8098468,8,15.48354411,1.83917419,60,night,2160377.318
1440,1,MS,3,hiddenzone,0.4747872,8,0.24545102,0.02340554,61,night,3745646.081
1440,1,MS,4,hiddenzone,0.2476153,8,0.0396223,0.00469575,61,night,2160377.318
1440,1,MS,5,hiddenzone,112.2896813,8,15.49934635,1.84144863,61,night,2161501.663
1441,1,MS,3,hiddenzone,0.4747872,8,0.24545102,0.02340554,61,night,3747146.081
1441,1,MS,4,hiddenzone,0.2476153,8,0.0396223,0.00469575,61,night,2161501.663
1441,1,MS,5,hiddenzone,112.8477378,8,15.51516491,1.84512133,61,night,2160377.318
1442,1,MS,3,hiddenzone,0.4747872,8,0.24545102,0.02340554,61,night,3748646.081
1442,1,MS,4,hiddenzone,0.2476153,8,0.0396223,0.00469575,61,night,2160377.318
1442,1,MS,5,hiddenzone,113.4236826,8,15.53100229,1.84916804,61,night,2161501.663
1443,1,MS,3,hiddenzone,0.4747872,8,0.24545102,0.02340554,61,night,3750146.081
1443,1,MS,4,hiddenzone,0.2476153,8,0.0396223,0.00469575,61,night,2161501.663
1443,1,MS,5,hiddenzone,114.0061652,8,15.54685772,1.85320512,61,night,2160377.318
1444,1,MS,3,hiddenzone,0.4747872,8,0.24545102,0.02340554,61,night,3751646.081
1444,1,MS,4,hiddenzone,0.2476153,8,0.0396223,0.00469575,61,night,2160377.318
1444,1,MS,5,hiddenzone,114.2146156,8,15.56273003,1.85592284,61,night,2161501.663
1445,1,MS,3,hiddenzone,0.4747872,8,0.24545102,0.02340554,61,night,3753146.081
1445,1,MS,4,hiddenzone,0.2476153,8,0.0396223,0.00469575,61,night,2161501.663
1445,1,MS,5,hiddenzone,114.3717093,8,15.57861408,1.85758996,61,night,2160377.318
1446,1,MS,3,hiddenzone,0.4747872,8,0.24545102,0.02340554,61,night,3754646.081
1446,1,MS,4,hiddenzone,0.2476153,8,0.0396223,0.00469575,61,night,2160377.318
1446,1,MS,5,hiddenzone,114.5224119,8,15.59450756,1.85896511,61,night,2161501.663
1447,1,MS,3,hiddenzone,0.4747872,8,0.24545102,0.02340554,61,day,3756146.081
1447,1,MS,4,hiddenzone,0.2476153,8,0.0396223,0.00469575,61,day,2161501.663
1447,1,MS,5,hiddenzone,114.6679213,8,15.61040928,1.86023729,61,day,2160377.318
1448,1,MS,3,hiddenzone,0.4747872,8,0.24545102,0.02340554,61,day,3757646.081
1448,1,MS,4,hiddenzone,0.2476153,8,0.0396223,0.00469575,61,day,2160377.318
1448,1,MS,5,hiddenzone,114.6730797,8,15.62631986,1.86100503,61,day,2161501.663
1449,1,MS,3,hiddenzone,0.4747872,8,0.24545102,0.02340554,61,day,3759146.081
1449,1,MS,4,hiddenzone,0.2476153,8,0.0396223,0.00469575,61,day,2161501.663
1449,1,MS,5,hiddenzone,114.6570368,8,15.64223682,1.86139679,61,day,2160377.318
1450,1,MS,3,hiddenzone,0.4747872,8,0.24545102,0.02340554,61,day,3760646.081
1450,1,MS,4,hiddenzone,0.2476153,8,0.0396223,0.00469575,61,day,2160377.318
1450,1,MS,5,hiddenzone,114.6259495,8,15.65815997,1.86170297,61,day,2161501.663
1451,1,MS,3,hiddenzone,0.4747872,8,0.24545102,0.02340554,61,day,3762146.081
1451,1,MS,4,hiddenzone,0.2476153,8,0.0396223,0.00469575,61,day,2161501.663
1451,1,MS,5,hiddenzone,114.5972898,8,15.67408877,1.86201564,61,day,2160377.318
1452,1,MS,3,hiddenzone,0.4747872,8,0.24545102,0.02340554,61,day,3763646.081
1452,1,MS,4,hiddenzone,0.2476153,8,0.0396223,0.00469575,61,day,2160377.318
1452,1,MS,5,hiddenzone,114.5559492,8,15.69002101,1.86228892,61,day,2161501.663
1453,1,MS,3,hiddenzone,0.4747872,8,0.24545102,0.02340554,61,day,3765146.081
1453,1,MS,4,hiddenzone,0.2476153,8,0.0396223,0.00469575,61,day,2161501.663
1453,1,MS,5,hiddenzone,114.4999811,8,15.70595679,1.86252759,61,day,2160377.318
1454,1,MS,3,hiddenzone,0.4747872,8,0.24545102,0.02340554,61,day,3766646.081
1454,1,MS,4,hiddenzone,0.2476153,8,0.0396223,0.00469575,61,day,2160377.318
1454,1,MS,5,hiddenzone,114.4596135,8,15.72189518,1.86278286,61,day,2161501.663
1455,1,MS,3,hiddenzone,0.4747872,8,0.24545102,0.02340554,61,day,3768146.081
1455,1,MS,4,hiddenzone,0.2476153,8,0.0396223,0.00469575,61,day,2161501.663
1455,1,MS,5,hiddenzone,114.4196832,8,15.73783887,1.86306616,61,day,2160377.318
1456,1,MS,3,hiddenzone,0.4747872,8,0.24545102,0.02340554,61,day,3769646.081
1456,1,MS,4,hiddenzone,0.2476153,8,0.0396223,0.00469575,61,day,2160377.318
1456,1,MS,5,hiddenzone,114.369423,8,15.75378887,1.86344104,61,day,2161501.663
1457,1,MS,3,hiddenzone,0.4747872,8,0.24545102,0.02340554,61,day,3771146.081
1457,1,MS,4,hiddenzone,0.2476153,8,0.0396223,0.00469575,61,day,2161501.663
1457,1,MS,5,hiddenzone,114.3198434,8,15.76974584,1.86387727,61,day,2160377.318
1458,1,MS,3,hiddenzone,0.4747872,8,0.24545102,0.02340554,61,day,3772646.081
1458,1,MS,4,hiddenzone,0.2476153,8,0.0396223,0.00469575,61,day,2160377.318
1458,1,MS,5,hiddenzone,114.26655,8,15.7857118,1.86437655,61,day,2161501.663
1459,1,MS,3,hiddenzone,0.4747872,8,0.24545102,0.02340554,61,day,3774146.081
1459,1,MS,4,hiddenzone,0.2476153,8,0.0396223,0.00469575,61,day,2161501.663
1459,1,MS,5,hiddenzone,114.2173525,8,15.80168568,1.86492108,61,day,2160377.318
1460,1,MS,3,hiddenzone,0.4747872,8,0.24545102,0.02340554,61,day,3775646.081
1460,1,MS,4,hiddenzone,0.2476153,8,0.0396223,0.00469575,61,day,2160377.318
1460,1,MS,5,hiddenzone,114.2061214,8,15.81767202,1.86739271,61,day,2161501.663
1461,1,MS,3,hiddenzone,0.4747872,8,0.24545102,0.02340554,61,day,3777146.081
1461,1,MS,4,hiddenzone,0.2476153,8,0.0396223,0.00469575,61,day,2161501.663
1461,1,MS,5,hiddenzone,114.2056653,8,15.83367247,1.86873147,61,day,2160377.318
1462,1,MS,3,hiddenzone,0.4747872,8,0.24545102,0.02340554,61,day,3778646.081
1462,1,MS,4,hiddenzone,0.2476153,8,0.0396223,0.00469575,61,day,2160377.318
1462,1,MS,5,hiddenzone,114.2144199,8,15.84968784,1.86993373,61,day,2161501.663
1463,1,MS,3,hiddenzone,0.4747872,8,0.24545102,0.02340554,61,night,3780146.081
1463,1,MS,4,hiddenzone,0.2476153,8,0.0396223,0.00469575,61,night,2161501.663
1463,1,MS,5,hiddenzone,114.2244088,8,15.86572112,1.87117269,61,night,2160377.318
1464,1,MS,3,hiddenzone,0.4747872,8,0.24545102,0.02340554,62,night,3781646.081
1464,1,MS,4,hiddenzone,0.2476153,8,0.0396223,0.00469575,62,night,2160377.318
1464,1,MS,5,hiddenzone,114.4924625,8,15.88177068,1.87333005,62,night,2161501.663
1465,1,MS,3,hiddenzone,0.4747872,8,0.24545102,0.02340554,62,night,3783146.081
1465,1,MS,4,hiddenzone,0.2476153,8,0.0396223,0.00469575,62,night,2161501.663
1465,1,MS,5,hiddenzone,114.7979603,8,15.89784848,1.87624128,62,night,2160377.318
1466,1,MS,3,hiddenzone,0.4747872,8,0.24545102,0.02340554,62,night,3784646.081
1466,1,MS,4,hiddenzone,0.2476153,8,0.0396223,0.00469575,62,night,2160377.318
1466,1,MS,5,hiddenzone,115.1110071,8,15.91395288,1.87945003,62,night,2161501.663
1467,1,MS,3,hiddenzone,0.4747872,8,0.24545102,0.02340554,62,night,3786146.081
1467,1,MS,4,hiddenzone,0.2476153,8,0.0396223,0.00469575,62,night,2161501.663
1467,1,MS,5,hiddenzone,115.4250229,8,15.93008535,1.88269082,62,night,2160377.318
1468,1,MS,3,hiddenzone,0.4747872,8,0.24545102,0.02340554,62,night,3787646.081
1468,1,MS,4,hiddenzone,0.2476153,8,0.0396223,0.00469575,62,night,2160377.318
1468,1,MS,5,hiddenzone,116.1498616,8,15.94624388,1.88738895,62,night,2161501.663
1469,1,MS,3,hiddenzone,0.4747872,8,0.24545102,0.02340554,62,night,3789146.081
1469,1,MS,4,hiddenzone,0.2476153,8,0.0396223,0.00469575,62,night,2161501.663
1469,1,MS,5,hiddenzone,116.9249606,8,15.96242378,1.89280035,62,night,2160377.318
1470,1,MS,3,hiddenzone,0.4747872,8,0.24545102,0.02340554,62,night,3790646.081
1470,1,MS,4,hiddenzone,0.2476153,8,0.0396223,0.00469575,62,night,2160377.318
1470,1,MS,5,hiddenzone,117.6875423,8,15.97861995,1.89785082,62,night,2161501.663
1471,1,MS,3,hiddenzone,0.4747872,8,0.24545102,0.02340554,62,day,3792146.081
1471,1,MS,4,hiddenzone,0.2476153,8,0.0396223,0.00469575,62,day,2161501.663
1471,1,MS,5,hiddenzone,118.4481979,8,15.99482645,1.90256971,62,day,2160377.318
1472,1,MS,3,hiddenzone,0.4747872,8,0.24545102,0.02340554,62,day,3793646.081
1472,1,MS,4,hiddenzone,0.2476153,8,0.0396223,0.00469575,62,day,2160377.318
1472,1,MS,5,hiddenzone,118.5396728,8,16.01103792,1.9047133,62,day,2161501.663
1473,1,MS,3,hiddenzone,0.4747872,8,0.24545102,0.02340554,62,day,3795146.081
1473,1,MS,4,hiddenzone,0.2476153,8,0.0396223,0.00469575,62,day,2161501.663
1473,1,MS,5,hiddenzone,118.5387425,8,16.02725391,1.90520183,62,day,2160377.318
1474,1,MS,3,hiddenzone,0.4747872,8,0.24545102,0.02340554,62,day,3796646.081
1474,1,MS,4,hiddenzone,0.2476153,8,0.0396223,0.00469575,62,day,2160377.318
1474,1,MS,5,hiddenzone,118.5284876,8,16.04347509,1.90539692,62,day,2161501.663
1475,1,MS,3,hiddenzone,0.4747872,8,0.24545102,0.02340554,62,day,3798146.081
1475,1,MS,4,hiddenzone,0.2476153,8,0.0396223,0.00469575,62,day,2161501.663
1475,1,MS,5,hiddenzone,118.5112338,8,16.05970061,1.90556135,62,day,2160377.318
1476,1,MS,3,hiddenzone,0.4747872,8,0.24545102,0.02340554,62,day,3799646.081
1476,1,MS,4,hiddenzone,0.2476153,8,0.0396223,0.00469575,62,day,2160377.318
1476,1,MS,5,hiddenzone,118.4876399,8,16.07592658,1.90566174,62,day,2161501.663
1477,1,MS,3,hiddenzone,0.4747872,8,0.24545102,0.02340554,62,day,3801146.081
1477,1,MS,4,hiddenzone,0.2476153,8,0.0396223,0.00469575,62,day,2161501.663
1477,1,MS,5,hiddenzone,118.4568965,8,16.09215316,1.90570537,62,day,2160377.318
1478,1,MS,3,hiddenzone,0.4747872,8,0.24545102,0.02340554,62,day,3802646.081
1478,1,MS,4,hiddenzone,0.2476153,8,0.0396223,0.00469575,62,day,2160377.318
1478,1,MS,5,hiddenzone,118.4232449,8,16.10838148,1.90579456,62,day,2161501.663
1479,1,MS,3,hiddenzone,0.4747872,8,0.24545102,0.02340554,62,day,3804146.081
1479,1,MS,4,hiddenzone,0.2476153,8,0.0396223,0.00469575,62,day,2161501.663
1479,1,MS,5,hiddenzone,118.3719202,8,16.12461416,1.90594527,62,day,2160377.318
1480,1,MS,3,hiddenzone,0.4747872,8,0.24545102,0.02340554,62,day,3805646.081
1480,1,MS,4,hiddenzone,0.2476153,8,0.0396223,0.00469575,62,day,2160377.318
1480,1,MS,5,hiddenzone,118.3186487,8,16.14084968,1.90616003,62,day,2161501.663
1481,1,MS,3,hiddenzone,0.4747872,8,0.24545102,0.02340554,62,day,3807146.081
1481,1,MS,4,hiddenzone,0.2476153,8,0.0396223,0.00469575,62,day,2161501.663
1481,1,MS,5,hiddenzone,118.272087,8,16.15708909,1.90638125,62,day,2160377.318
1482,1,MS,3,hiddenzone,0.4747872,8,0.24545102,0.02340554,62,day,3808646.081
1482,1,MS,4,hiddenzone,0.2476153,8,0.0396223,0.00469575,62,day,2160377.318
1482,1,MS,5,hiddenzone,118.2250707,8,16.17333471,1.9066827,62,day,2161501.663
1483,1,MS,3,hiddenzone,0.4747872,8,0.24545102,0.02340554,62,day,3810146.081
1483,1,MS,4,hiddenzone,0.2476153,8,0.0396223,0.00469575,62,day,2161501.663
1483,1,MS,5,hiddenzone,118.1706833,8,16.18958611,1.90703889,62,day,2160377.318
1484,1,MS,3,hiddenzone,0.4747872,8,0.24545102,0.02340554,62,day,3811646.081
1484,1,MS,4,hiddenzone,0.2476153,8,0.0396223,0.00469575,62,day,2160377.318
1484,1,MS,5,hiddenzone,118.2637246,8,16.20584815,1.90975745,62,day,2161501.663
1485,1,MS,3,hiddenzone,0.4747872,8,0.24545102,0.02340554,62,day,3813146.081
1485,1,MS,4,hiddenzone,0.2476153,8,0.0396223,0.00469575,62,day,2161501.663
1485,1,MS,5,hiddenzone,118.3888133,8,16.22212325,1.91152071,62,day,2160377.318
1486,1,MS,3,hiddenzone,0.4747872,8,0.24545102,0.02340554,62,day,3814646.081
1486,1,MS,4,hiddenzone,0.2476153,8,0.0396223,0.00469575,62,day,2160377.318
1486,1,MS,5,hiddenzone,118.5160787,8,16.23841378,1.91322481,62,day,2161501.663
1487,1,MS,3,hiddenzone,0.4747872,8,0.24545102,0.02340554,62,night,3816146.081
1487,1,MS,4,hiddenzone,0.2476153,8,0.0396223,0.00469575,62,night,2161501.663
1487,1,MS,5,hiddenzone,118.6445877,8,16.25471091,1.9149171,62,night,2160377.318
1488,1,MS,3,hiddenzone,0.4747872,8,0.24545102,0.02340554,63,night,3817646.081
1488,1,MS,4,hiddenzone,0.2476153,8,0.0396223,0.00469575,63,night,2160377.318
1488,1,MS,5,hiddenzone,119.3692027,8,16.27102363,1.91871768,63,night,2161501.663
1489,1,MS,3,hiddenzone,0.4747872,8,0.24545102,0.02340554,63,night,3819146.081
1489,1,MS,4,hiddenzone,0.2476153,8,0.0396223,0.00469575,63,night,2161501.663
1489,1,MS,5,hiddenzone,120.1837479,8,16.28735228,1.92399263,63,night,2160377.318
1490,1,MS,3,hiddenzone,0.4747872,8,0.24545102,0.02340554,63,night,3820646.081
1490,1,MS,4,hiddenzone,0.2476153,8,0.0396223,0.00469575,63,night,2160377.318
1490,1,MS,5,hiddenzone,121.0177687,8,16.30370213,1.92950513,63,night,2161501.663
1491,1,MS,3,hiddenzone,0.4747872,8,0.24545102,0.02340554,63,night,3822146.081
1491,1,MS,4,hiddenzone,0.2476153,8,0.0396223,0.00469575,63,night,2161501.663
1491,1,MS,5,hiddenzone,121.8635856,8,16.32007302,1.93499312,63,night,2160377.318
1492,1,MS,3,hiddenzone,0.4747872,8,0.24545102,0.02340554,63,night,3823646.081
1492,1,MS,4,hiddenzone,0.2476153,8,0.0396223,0.00469575,63,night,2160377.318
1492,1,MS,5,hiddenzone,122.351186,8,16.3364643,1.93908659,63,night,2161501.663
1493,1,MS,3,hiddenzone,0.4747872,8,0.24545102,0.02340554,63,night,3825146.081
1493,1,MS,4,hiddenzone,0.2476153,8,0.0396223,0.00469575,63,night,2161501.663
1493,1,MS,5,hiddenzone,122.7856309,8,16.35287308,1.94215299,63,night,2160377.318
1494,1,MS,3,hiddenzone,0.4747872,8,0.24545102,0.02340554,63,night,3826646.081
1494,1,MS,4,hiddenzone,0.2476153,8,0.0396223,0.00469575,63,night,2160377.318
1494,1,MS,5,hiddenzone,123.2148889,8,16.36929694,1.94493601,63,night,2161501.663
1495,1,MS,3,hiddenzone,0.4747872,8,0.24545102,0.02340554,63,day,3828146.081
1495,1,MS,4,hiddenzone,0.2476153,8,0.0396223,0.00469575,63,day,2161501.663
1495,1,MS,5,hiddenzone,123.6377167,8,16.38573194,1.9475303,63,day,2160377.318
1496,1,MS,3,hiddenzone,0.4747872,8,0.24545102,0.02340554,63,day,3829646.081
1496,1,MS,4,hiddenzone,0.2476153,8,0.0396223,0.00469575,63,day,2160377.318
1496,1,MS,5,hiddenzone,123.676561,8,16.40217769,1.94878573,63,day,2161501.663
1497,1,MS,3,hiddenzone,0.4747872,8,0.24545102,0.02340554,63,day,3831146.081
1497,1,MS,4,hiddenzone,0.2476153,8,0.0396223,0.00469575,63,day,2161501.663
1497,1,MS,5,hiddenzone,123.6629656,8,16.41863505,1.94918101,63,day,2160377.318
1498,1,MS,3,hiddenzone,0.4747872,8,0.24545102,0.02340554,63,day,3832646.081
1498,1,MS,4,hiddenzone,0.2476153,8,0.0396223,0.00469575,63,day,2160377.318
1498,1,MS,5,hiddenzone,123.6316683,8,16.43510545,1.94948914,63,day,2161501.663
1499,1,MS,3,hiddenzone,0.4747872,8,0.24545102,0.02340554,63,day,3834146.081
1499,1,MS,4,hiddenzone,0.2476153,8,0.0396223,0.00469575,63,day,2161501.663
1499,1,MS,5,hiddenzone,123.6316683,8,16.43510545,1.94948914,63,day,2160377.318
1500,1,MS,3,hiddenzone,0.4747872,8,0.24545102,0.02340554,63,day,3835646.081
1500,1,MS,4,hiddenzone,0.2476153,8,0.0396223,0.00469575,63,day,2160377.318
1500,1,MS,5,hiddenzone,123.6316683,8,16.43510545,1.94948914,63,day,2161501.663
1501,1,MS,3,hiddenzone,0.4747872,8,0.24545102,0.02340554,63,day,3837146.081
1501,1,MS,4,hiddenzone,0.2476153,8,0.0396223,0.00469575,63,day,2161501.663
1501,1,MS,5,hiddenzone,123.6316683,8,16.43510545,1.94948914,63,day,2160377.318
1502,1,MS,3,hiddenzone,0.4747872,8,0.24545102,0.02340554,63,day,3838646.081
1502,1,MS,4,hiddenzone,0.2476153,8,0.0396223,0.00469575,63,day,2160377.318
1502,1,MS,5,hiddenzone,123.6316683,8,16.43510545,1.94948914,63,day,2161501.663
1503,1,MS,3,hiddenzone,0.4747872,8,0.24545102,0.02340554,63,day,3840146.081
1503,1,MS,4,hiddenzone,0.2476153,8,0.0396223,0.00469575,63,day,2161501.663
1503,1,MS,5,hiddenzone,123.6316683,8,16.43510545,1.94948914,63,day,2160377.318
1504,1,MS,3,hiddenzone,0.4747872,8,0.24545102,0.02340554,63,day,3841646.081
1504,1,MS,4,hiddenzone,0.2476153,8,0.0396223,0.00469575,63,day,2160377.318
1504,1,MS,5,hiddenzone,123.6316683,8,16.43510545,1.94948914,63,day,2161501.663
1505,1,MS,3,hiddenzone,0.4747872,8,0.24545102,0.02340554,63,day,3843146.081
1505,1,MS,4,hiddenzone,0.2476153,8,0.0396223,0.00469575,63,day,2161501.663
1505,1,MS,5,hiddenzone,123.6316683,8,16.43510545,1.94948914,63,day,2160377.318
1506,1,MS,3,hiddenzone,0.4747872,8,0.24545102,0.02340554,63,day,3844646.081
1506,1,MS,4,hiddenzone,0.2476153,8,0.0396223,0.00469575,63,day,2160377.318
1506,1,MS,5,hiddenzone,123.6316683,8,16.43510545,1.94948914,63,day,2161501.663
1507,1,MS,3,hiddenzone,0.4747872,8,0.24545102,0.02340554,63,day,3846146.081
1507,1,MS,4,hiddenzone,0.2476153,8,0.0396223,0.00469575,63,day,2161501.663
1507,1,MS,5,hiddenzone,123.6316683,8,16.43510545,1.94948914,63,day,2160377.318
1508,1,MS,3,hiddenzone,0.4747872,8,0.24545102,0.02340554,63,day,3847646.081
1508,1,MS,4,hiddenzone,0.2476153,8,0.0396223,0.00469575,63,day,2160377.318
1508,1,MS,5,hiddenzone,123.6316683,8,16.43510545,1.94948914,63,day,2161501.663
1509,1,MS,3,hiddenzone,0.4747872,8,0.24545102,0.02340554,63,day,3849146.081
1509,1,MS,4,hiddenzone,0.2476153,8,0.0396223,0.00469575,63,day,2161501.663
1509,1,MS,5,hiddenzone,123.6316683,8,16.43510545,1.94948914,63,day,2160377.318
1510,1,MS,3,hiddenzone,0.4747872,8,0.24545102,0.02340554,63,day,3850646.081
1510,1,MS,4,hiddenzone,0.2476153,8,0.0396223,0.00469575,63,day,2160377.318
1510,1,MS,5,hiddenzone,123.6316683,8,16.43510545,1.94948914,63,day,2161501.663
1511,1,MS,3,hiddenzone,0.4747872,8,0.24545102,0.02340554,63,night,3852146.081
1511,1,MS,4,hiddenzone,0.2476153,8,0.0396223,0.00469575,63,night,2161501.663
1511,1,MS,5,hiddenzone,123.6316683,8,16.43510545,1.94948914,63,night,2160377.318
1512,1,MS,3,hiddenzone,0.4747872,8,0.24545102,0.02340554,64,night,3853646.081
1512,1,MS,4,hiddenzone,0.2476153,8,0.0396223,0.00469575,64,night,2160377.318
1512,1,MS,5,hiddenzone,123.6316683,8,16.43510545,1.94948914,64,night,2161501.663
1513,1,MS,3,hiddenzone,0.4747872,8,0.24545102,0.02340554,64,night,3855146.081
1513,1,MS,4,hiddenzone,0.2476153,8,0.0396223,0.00469575,64,night,2161501.663
1513,1,MS,5,hiddenzone,123.6316683,8,16.43510545,1.94948914,64,night,2160377.318
1514,1,MS,3,hiddenzone,0.4747872,8,0.24545102,0.02340554,64,night,3856646.081
1514,1,MS,4,hiddenzone,0.2476153,8,0.0396223,0.00469575,64,night,2160377.318
1514,1,MS,5,hiddenzone,123.6316683,8,16.43510545,1.94948914,64,night,2161501.663
1515,1,MS,3,hiddenzone,0.4747872,8,0.24545102,0.02340554,64,night,3858146.081
1515,1,MS,4,hiddenzone,0.2476153,8,0.0396223,0.00469575,64,night,2161501.663
1515,1,MS,5,hiddenzone,123.6316683,8,16.43510545,1.94948914,64,night,2160377.318
1516,1,MS,3,hiddenzone,0.4747872,8,0.24545102,0.02340554,64,night,3859646.081
1516,1,MS,4,hiddenzone,0.2476153,8,0.0396223,0.00469575,64,night,2160377.318
1516,1,MS,5,hiddenzone,123.6316683,8,16.43510545,1.94948914,64,night,2161501.663
1517,1,MS,3,hiddenzone,0.4747872,8,0.24545102,0.02340554,64,night,3861146.081
1517,1,MS,4,hiddenzone,0.2476153,8,0.0396223,0.00469575,64,night,2161501.663
1517,1,MS,5,hiddenzone,123.6316683,8,16.43510545,1.94948914,64,night,2160377.318
1518,1,MS,3,hiddenzone,0.4747872,8,0.24545102,0.02340554,64,night,3862646.081
1518,1,MS,4,hiddenzone,0.2476153,8,0.0396223,0.00469575,64,night,2160377.318
1518,1,MS,5,hiddenzone,123.6316683,8,16.43510545,1.94948914,64,night,2161501.663
1519,1,MS,3,hiddenzone,0.4747872,8,0.24545102,0.02340554,64,day,3864146.081
1519,1,MS,4,hiddenzone,0.2476153,8,0.0396223,0.00469575,64,day,2161501.663
1519,1,MS,5,hiddenzone,123.6316683,8,16.43510545,1.94948914,64,day,2160377.318
1520,1,MS,3,hiddenzone,0.4747872,8,0.24545102,0.02340554,64,day,3865646.081
1520,1,MS,4,hiddenzone,0.2476153,8,0.0396223,0.00469575,64,day,2160377.318
1520,1,MS,5,hiddenzone,123.6316683,8,16.43510545,1.94948914,64,day,2161501.663
1521,1,MS,3,hiddenzone,0.4747872,8,0.24545102,0.02340554,64,day,3867146.081
1521,1,MS,4,hiddenzone,0.2476153,8,0.0396223,0.00469575,64,day,2161501.663
1521,1,MS,5,hiddenzone,123.6316683,8,16.43510545,1.94948914,64,day,2160377.318
1522,1,MS,3,hiddenzone,0.4747872,8,0.24545102,0.02340554,64,day,3868646.081
1522,1,MS,4,hiddenzone,0.2476153,8,0.0396223,0.00469575,64,day,2160377.318
1522,1,MS,5,hiddenzone,123.6316683,8,16.43510545,1.94948914,64,day,2161501.663
1523,1,MS,3,hiddenzone,0.4747872,8,0.24545102,0.02340554,64,day,3870146.081
1523,1,MS,4,hiddenzone,0.2476153,8,0.0396223,0.00469575,64,day,2161501.663
1523,1,MS,5,hiddenzone,123.6316683,8,16.43510545,1.94948914,64,day,2160377.318
1524,1,MS,3,hiddenzone,0.4747872,8,0.24545102,0.02340554,64,day,3871646.081
1524,1,MS,4,hiddenzone,0.2476153,8,0.0396223,0.00469575,64,day,2160377.318
1524,1,MS,5,hiddenzone,123.6316683,8,16.43510545,1.94948914,64,day,2161501.663
1525,1,MS,3,hiddenzone,0.4747872,8,0.24545102,0.02340554,64,day,3873146.081
1525,1,MS,4,hiddenzone,0.2476153,8,0.0396223,0.00469575,64,day,2161501.663
1525,1,MS,5,hiddenzone,123.6316683,8,16.43510545,1.94948914,64,day,2160377.318
1526,1,MS,3,hiddenzone,0.4747872,8,0.24545102,0.02340554,64,day,3874646.081
1526,1,MS,4,hiddenzone,0.2476153,8,0.0396223,0.00469575,64,day,2160377.318
1526,1,MS,5,hiddenzone,123.6316683,8,16.43510545,1.94948914,64,day,2161501.663
1527,1,MS,3,hiddenzone,0.4747872,8,0.24545102,0.02340554,64,day,3876146.081
1527,1,MS,4,hiddenzone,0.2476153,8,0.0396223,0.00469575,64,day,2161501.663
1527,1,MS,5,hiddenzone,123.6316683,8,16.43510545,1.94948914,64,day,2160377.318
1528,1,MS,3,hiddenzone,0.4747872,8,0.24545102,0.02340554,64,day,3877646.081
1528,1,MS,4,hiddenzone,0.2476153,8,0.0396223,0.00469575,64,day,2160377.318
1528,1,MS,5,hiddenzone,123.6316683,8,16.43510545,1.94948914,64,day,2161501.663
1529,1,MS,3,hiddenzone,0.4747872,8,0.24545102,0.02340554,64,day,3879146.081
1529,1,MS,4,hiddenzone,0.2476153,8,0.0396223,0.00469575,64,day,2161501.663
1529,1,MS,5,hiddenzone,123.6316683,8,16.43510545,1.94948914,64,day,2160377.318
1530,1,MS,3,hiddenzone,0.4747872,8,0.24545102,0.02340554,64,day,3880646.081
1530,1,MS,4,hiddenzone,0.2476153,8,0.0396223,0.00469575,64,day,2160377.318
1530,1,MS,5,hiddenzone,123.6316683,8,16.43510545,1.94948914,64,day,2161501.663
1531,1,MS,3,hiddenzone,0.4747872,8,0.24545102,0.02340554,64,day,3882146.081
1531,1,MS,4,hiddenzone,0.2476153,8,0.0396223,0.00469575,64,day,2161501.663
1531,1,MS,5,hiddenzone,123.6316683,8,16.43510545,1.94948914,64,day,2160377.318
1532,1,MS,3,hiddenzone,0.4747872,8,0.24545102,0.02340554,64,day,3883646.081
1532,1,MS,4,hiddenzone,0.2476153,8,0.0396223,0.00469575,64,day,2160377.318
1532,1,MS,5,hiddenzone,123.6316683,8,16.43510545,1.94948914,64,day,2161501.663
1533,1,MS,3,hiddenzone,0.4747872,8,0.24545102,0.02340554,64,day,3885146.081
1533,1,MS,4,hiddenzone,0.2476153,8,0.0396223,0.00469575,64,day,2161501.663
1533,1,MS,5,hiddenzone,123.6316683,8,16.43510545,1.94948914,64,day,2160377.318
1534,1,MS,3,hiddenzone,0.4747872,8,0.24545102,0.02340554,64,day,3886646.081
1534,1,MS,4,hiddenzone,0.2476153,8,0.0396223,0.00469575,64,day,2160377.318
1534,1,MS,5,hiddenzone,123.6316683,8,16.43510545,1.94948914,64,day,2161501.663
1535,1,MS,3,hiddenzone,0.4747872,8,0.24545102,0.02340554,64,night,3888146.081
1535,1,MS,4,hiddenzone,0.2476153,8,0.0396223,0.00469575,64,night,2161501.663
1535,1,MS,5,hiddenzone,123.6316683,8,16.43510545,1.94948914,64,night,2160377.318
1536,1,MS,3,hiddenzone,0.4747872,8,0.24545102,0.02340554,65,night,3889646.081
1536,1,MS,4,hiddenzone,0.2476153,8,0.0396223,0.00469575,65,night,2160377.318
1536,1,MS,5,hiddenzone,123.6316683,8,16.43510545,1.94948914,65,night,2161501.663
1537,1,MS,3,hiddenzone,0.4747872,8,0.24545102,0.02340554,65,night,3891146.081
1537,1,MS,4,hiddenzone,0.2476153,8,0.0396223,0.00469575,65,night,2161501.663
1537,1,MS,5,hiddenzone,123.6316683,8,16.43510545,1.94948914,65,night,2160377.318
1538,1,MS,3,hiddenzone,0.4747872,8,0.24545102,0.02340554,65,night,3892646.081
1538,1,MS,4,hiddenzone,0.2476153,8,0.0396223,0.00469575,65,night,2160377.318
1538,1,MS,5,hiddenzone,123.6316683,8,16.43510545,1.94948914,65,night,2161501.663
1539,1,MS,3,hiddenzone,0.4747872,8,0.24545102,0.02340554,65,night,3894146.081
1539,1,MS,4,hiddenzone,0.2476153,8,0.0396223,0.00469575,65,night,2161501.663
1539,1,MS,5,hiddenzone,123.6316683,8,16.43510545,1.94948914,65,night,2160377.318
1540,1,MS,3,hiddenzone,0.4747872,8,0.24545102,0.02340554,65,night,3895646.081
1540,1,MS,4,hiddenzone,0.2476153,8,0.0396223,0.00469575,65,night,2160377.318
1540,1,MS,5,hiddenzone,123.6316683,8,16.43510545,1.94948914,65,night,2161501.663
1541,1,MS,3,hiddenzone,0.4747872,8,0.24545102,0.02340554,65,night,3897146.081
1541,1,MS,4,hiddenzone,0.2476153,8,0.0396223,0.00469575,65,night,2161501.663
1541,1,MS,5,hiddenzone,123.6316683,8,16.43510545,1.94948914,65,night,2160377.318
1542,1,MS,3,hiddenzone,0.4747872,8,0.24545102,0.02340554,65,night,3898646.081
1542,1,MS,4,hiddenzone,0.2476153,8,0.0396223,0.00469575,65,night,2160377.318
1542,1,MS,5,hiddenzone,123.6316683,8,16.43510545,1.94948914,65,night,2161501.663
1543,1,MS,3,hiddenzone,0.4747872,8,0.24545102,0.02340554,65,day,3900146.081
1543,1,MS,4,hiddenzone,0.2476153,8,0.0396223,0.00469575,65,day,2161501.663
1543,1,MS,5,hiddenzone,123.6316683,8,16.43510545,1.94948914,65,day,2160377.318
1544,1,MS,3,hiddenzone,0.4747872,8,0.24545102,0.02340554,65,day,3901646.081
1544,1,MS,4,hiddenzone,0.2476153,8,0.0396223,0.00469575,65,day,2160377.318
1544,1,MS,5,hiddenzone,123.6316683,8,16.43510545,1.94948914,65,day,2161501.663
1545,1,MS,3,hiddenzone,0.4747872,8,0.24545102,0.02340554,65,day,3903146.081
1545,1,MS,4,hiddenzone,0.2476153,8,0.0396223,0.00469575,65,day,2161501.663
1545,1,MS,5,hiddenzone,123.6316683,8,16.43510545,1.94948914,65,day,2160377.318
1546,1,MS,3,hiddenzone,0.4747872,8,0.24545102,0.02340554,65,day,3904646.081
1546,1,MS,4,hiddenzone,0.2476153,8,0.0396223,0.00469575,65,day,2160377.318
1546,1,MS,5,hiddenzone,123.6316683,8,16.43510545,1.94948914,65,day,2161501.663
1547,1,MS,3,hiddenzone,0.4747872,8,0.24545102,0.02340554,65,day,3906146.081
1547,1,MS,4,hiddenzone,0.2476153,8,0.0396223,0.00469575,65,day,2161501.663
1547,1,MS,5,hiddenzone,123.6316683,8,16.43510545,1.94948914,65,day,2160377.318
1548,1,MS,3,hiddenzone,0.4747872,8,0.24545102,0.02340554,65,day,3907646.081
1548,1,MS,4,hiddenzone,0.2476153,8,0.0396223,0.00469575,65,day,2160377.318
1548,1,MS,5,hiddenzone,123.6316683,8,16.43510545,1.94948914,65,day,2161501.663
1549,1,MS,3,hiddenzone,0.4747872,8,0.24545102,0.02340554,65,day,3909146.081
1549,1,MS,4,hiddenzone,0.2476153,8,0.0396223,0.00469575,65,day,2161501.663
1549,1,MS,5,hiddenzone,123.6316683,8,16.43510545,1.94948914,65,day,2160377.318
1550,1,MS,3,hiddenzone,0.4747872,8,0.24545102,0.02340554,65,day,3910646.081
1550,1,MS,4,hiddenzone,0.2476153,8,0.0396223,0.00469575,65,day,2160377.318
1550,1,MS,5,hiddenzone,123.6316683,8,16.43510545,1.94948914,65,day,2161501.663
1551,1,MS,3,hiddenzone,0.4747872,8,0.24545102,0.02340554,65,day,3912146.081
1551,1,MS,4,hiddenzone,0.2476153,8,0.0396223,0.00469575,65,day,2161501.663
1551,1,MS,5,hiddenzone,123.6316683,8,16.43510545,1.94948914,65,day,2160377.318
1552,1,MS,3,hiddenzone,0.4747872,8,0.24545102,0.02340554,65,day,3913646.081
1552,1,MS,4,hiddenzone,0.2476153,8,0.0396223,0.00469575,65,day,2160377.318
1552,1,MS,5,hiddenzone,123.6316683,8,16.43510545,1.94948914,65,day,2161501.663
1553,1,MS,3,hiddenzone,0.4747872,8,0.24545102,0.02340554,65,day,3915146.081
1553,1,MS,4,hiddenzone,0.2476153,8,0.0396223,0.00469575,65,day,2161501.663
1553,1,MS,5,hiddenzone,123.6316683,8,16.43510545,1.94948914,65,day,2160377.318
1554,1,MS,3,hiddenzone,0.4747872,8,0.24545102,0.02340554,65,day,3916646.081
1554,1,MS,4,hiddenzone,0.2476153,8,0.0396223,0.00469575,65,day,2160377.318
1554,1,MS,5,hiddenzone,123.6316683,8,16.43510545,1.94948914,65,day,2161501.663
1555,1,MS,3,hiddenzone,0.4747872,8,0.24545102,0.02340554,65,day,3918146.081
1555,1,MS,4,hiddenzone,0.2476153,8,0.0396223,0.00469575,65,day,2161501.663
1555,1,MS,5,hiddenzone,123.6316683,8,16.43510545,1.94948914,65,day,2160377.318
1556,1,MS,3,hiddenzone,0.4747872,8,0.24545102,0.02340554,65,day,3919646.081
1556,1,MS,4,hiddenzone,0.2476153,8,0.0396223,0.00469575,65,day,2160377.318
1556,1,MS,5,hiddenzone,123.6316683,8,16.43510545,1.94948914,65,day,2161501.663
1557,1,MS,3,hiddenzone,0.4747872,8,0.24545102,0.02340554,65,day,3921146.081
1557,1,MS,4,hiddenzone,0.2476153,8,0.0396223,0.00469575,65,day,2161501.663
1557,1,MS,5,hiddenzone,123.6316683,8,16.43510545,1.94948914,65,day,2160377.318
1558,1,MS,3,hiddenzone,0.4747872,8,0.24545102,0.02340554,65,day,3922646.081
1558,1,MS,4,hiddenzone,0.2476153,8,0.0396223,0.00469575,65,day,2160377.318
1558,1,MS,5,hiddenzone,123.6316683,8,16.43510545,1.94948914,65,day,2161501.663
1559,1,MS,3,hiddenzone,0.4747872,8,0.24545102,0.02340554,65,night,3924146.081
1559,1,MS,4,hiddenzone,0.2476153,8,0.0396223,0.00469575,65,night,2161501.663
1559,1,MS,5,hiddenzone,123.6316683,8,16.43510545,1.94948914,65,night,2160377.318
1560,1,MS,3,hiddenzone,0.4747872,8,0.24545102,0.02340554,66,night,3925646.081
1560,1,MS,4,hiddenzone,0.2476153,8,0.0396223,0.00469575,66,night,2160377.318
1560,1,MS,5,hiddenzone,123.6316683,8,16.43510545,1.94948914,66,night,2161501.663
1561,1,MS,3,hiddenzone,0.4747872,8,0.24545102,0.02340554,66,night,3927146.081
1561,1,MS,4,hiddenzone,0.2476153,8,0.0396223,0.00469575,66,night,2161501.663
1561,1,MS,5,hiddenzone,123.6316683,8,16.43510545,1.94948914,66,night,2160377.318
1562,1,MS,3,hiddenzone,0.4747872,8,0.24545102,0.02340554,66,night,3928646.081
1562,1,MS,4,hiddenzone,0.2476153,8,0.0396223,0.00469575,66,night,2160377.318
1562,1,MS,5,hiddenzone,123.6316683,8,16.43510545,1.94948914,66,night,2161501.663
1563,1,MS,3,hiddenzone,0.4747872,8,0.24545102,0.02340554,66,night,3930146.081
1563,1,MS,4,hiddenzone,0.2476153,8,0.0396223,0.00469575,66,night,2161501.663
1563,1,MS,5,hiddenzone,123.6316683,8,16.43510545,1.94948914,66,night,2160377.318
1564,1,MS,3,hiddenzone,0.4747872,8,0.24545102,0.02340554,66,night,3931646.081
1564,1,MS,4,hiddenzone,0.2476153,8,0.0396223,0.00469575,66,night,2160377.318
1564,1,MS,5,hiddenzone,123.6316683,8,16.43510545,1.94948914,66,night,2161501.663
1565,1,MS,3,hiddenzone,0.4747872,8,0.24545102,0.02340554,66,night,3933146.081
1565,1,MS,4,hiddenzone,0.2476153,8,0.0396223,0.00469575,66,night,2161501.663
1565,1,MS,5,hiddenzone,123.6316683,8,16.43510545,1.94948914,66,night,2160377.318
1566,1,MS,3,hiddenzone,0.4747872,8,0.24545102,0.02340554,66,night,3934646.081
1566,1,MS,4,hiddenzone,0.2476153,8,0.0396223,0.00469575,66,night,2160377.318
1566,1,MS,5,hiddenzone,123.6316683,8,16.43510545,1.94948914,66,night,2161501.663
1567,1,MS,3,hiddenzone,0.4747872,8,0.24545102,0.02340554,66,day,3936146.081
1567,1,MS,4,hiddenzone,0.2476153,8,0.0396223,0.00469575,66,day,2161501.663
1567,1,MS,5,hiddenzone,123.6316683,8,16.43510545,1.94948914,66,day,2160377.318
1568,1,MS,3,hiddenzone,0.4747872,8,0.24545102,0.02340554,66,day,3937646.081
1568,1,MS,4,hiddenzone,0.2476153,8,0.0396223,0.00469575,66,day,2160377.318
1568,1,MS,5,hiddenzone,123.6316683,8,16.43510545,1.94948914,66,day,2161501.663
1569,1,MS,3,hiddenzone,0.4747872,8,0.24545102,0.02340554,66,day,3939146.081
1569,1,MS,4,hiddenzone,0.2476153,8,0.0396223,0.00469575,66,day,2161501.663
1569,1,MS,5,hiddenzone,123.6316683,8,16.43510545,1.94948914,66,day,2160377.318
1570,1,MS,3,hiddenzone,0.4747872,8,0.24545102,0.02340554,66,day,3940646.081
1570,1,MS,4,hiddenzone,0.2476153,8,0.0396223,0.00469575,66,day,2160377.318
1570,1,MS,5,hiddenzone,123.6316683,8,16.43510545,1.94948914,66,day,2161501.663
1571,1,MS,3,hiddenzone,0.4747872,8,0.24545102,0.02340554,66,day,3942146.081
1571,1,MS,4,hiddenzone,0.2476153,8,0.0396223,0.00469575,66,day,2161501.663
1571,1,MS,5,hiddenzone,123.6316683,8,16.43510545,1.94948914,66,day,2160377.318
1572,1,MS,3,hiddenzone,0.4747872,8,0.24545102,0.02340554,66,day,3943646.081
1572,1,MS,4,hiddenzone,0.2476153,8,0.0396223,0.00469575,66,day,2160377.318
1572,1,MS,5,hiddenzone,123.6316683,8,16.43510545,1.94948914,66,day,2161501.663
1573,1,MS,3,hiddenzone,0.4747872,8,0.24545102,0.02340554,66,day,3945146.081
1573,1,MS,4,hiddenzone,0.2476153,8,0.0396223,0.00469575,66,day,2161501.663
1573,1,MS,5,hiddenzone,123.6316683,8,16.43510545,1.94948914,66,day,2160377.318
1574,1,MS,3,hiddenzone,0.4747872,8,0.24545102,0.02340554,66,day,3946646.081
1574,1,MS,4,hiddenzone,0.2476153,8,0.0396223,0.00469575,66,day,2160377.318
1574,1,MS,5,hiddenzone,123.6316683,8,16.43510545,1.94948914,66,day,2161501.663
1575,1,MS,3,hiddenzone,0.4747872,8,0.24545102,0.02340554,66,day,3948146.081
1575,1,MS,4,hiddenzone,0.2476153,8,0.0396223,0.00469575,66,day,2161501.663
1575,1,MS,5,hiddenzone,123.6316683,8,16.43510545,1.94948914,66,day,2160377.318
1576,1,MS,3,hiddenzone,0.4747872,8,0.24545102,0.02340554,66,day,3949646.081
1576,1,MS,4,hiddenzone,0.2476153,8,0.0396223,0.00469575,66,day,2160377.318
1576,1,MS,5,hiddenzone,123.6316683,8,16.43510545,1.94948914,66,day,2161501.663
1577,1,MS,3,hiddenzone,0.4747872,8,0.24545102,0.02340554,66,day,3951146.081
1577,1,MS,4,hiddenzone,0.2476153,8,0.0396223,0.00469575,66,day,2161501.663
1577,1,MS,5,hiddenzone,123.6316683,8,16.43510545,1.94948914,66,day,2160377.318
1578,1,MS,3,hiddenzone,0.4747872,8,0.24545102,0.02340554,66,day,3952646.081
1578,1,MS,4,hiddenzone,0.2476153,8,0.0396223,0.00469575,66,day,2160377.318
1578,1,MS,5,hiddenzone,123.6316683,8,16.43510545,1.94948914,66,day,2161501.663
1579,1,MS,3,hiddenzone,0.4747872,8,0.24545102,0.02340554,66,day,3954146.081
1579,1,MS,4,hiddenzone,0.2476153,8,0.0396223,0.00469575,66,day,2161501.663
1579,1,MS,5,hiddenzone,123.6316683,8,16.43510545,1.94948914,66,day,2160377.318
1580,1,MS,3,hiddenzone,0.4747872,8,0.24545102,0.02340554,66,day,3955646.081
1580,1,MS,4,hiddenzone,0.2476153,8,0.0396223,0.00469575,66,day,2160377.318
1580,1,MS,5,hiddenzone,123.6316683,8,16.43510545,1.94948914,66,day,2161501.663
1581,1,MS,3,hiddenzone,0.4747872,8,0.24545102,0.02340554,66,day,3957146.081
1581,1,MS,4,hiddenzone,0.2476153,8,0.0396223,0.00469575,66,day,2161501.663
1581,1,MS,5,hiddenzone,123.6316683,8,16.43510545,1.94948914,66,day,2160377.318
1582,1,MS,3,hiddenzone,0.4747872,8,0.24545102,0.02340554,66,day,3958646.081
1582,1,MS,4,hiddenzone,0.2476153,8,0.0396223,0.00469575,66,day,2160377.318
1582,1,MS,5,hiddenzone,123.6316683,8,16.43510545,1.94948914,66,day,2161501.663
1583,1,MS,3,hiddenzone,0.4747872,8,0.24545102,0.02340554,66,night,3960146.081
1583,1,MS,4,hiddenzone,0.2476153,8,0.0396223,0.00469575,66,night,2161501.663
1583,1,MS,5,hiddenzone,123.6316683,8,16.43510545,1.94948914,66,night,2160377.318
1584,1,MS,3,hiddenzone,0.4747872,8,0.24545102,0.02340554,67,night,3961646.081
1584,1,MS,4,hiddenzone,0.2476153,8,0.0396223,0.00469575,67,night,2160377.318
1584,1,MS,5,hiddenzone,123.6316683,8,16.43510545,1.94948914,67,night,2161501.663
1585,1,MS,3,hiddenzone,0.4747872,8,0.24545102,0.02340554,67,night,3963146.081
1585,1,MS,4,hiddenzone,0.2476153,8,0.0396223,0.00469575,67,night,2161501.663
1585,1,MS,5,hiddenzone,123.6316683,8,16.43510545,1.94948914,67,night,2160377.318
1586,1,MS,3,hiddenzone,0.4747872,8,0.24545102,0.02340554,67,night,3964646.081
1586,1,MS,4,hiddenzone,0.2476153,8,0.0396223,0.00469575,67,night,2160377.318
1586,1,MS,5,hiddenzone,123.6316683,8,16.43510545,1.94948914,67,night,2161501.663
1587,1,MS,3,hiddenzone,0.4747872,8,0.24545102,0.02340554,67,night,3966146.081
1587,1,MS,4,hiddenzone,0.2476153,8,0.0396223,0.00469575,67,night,2161501.663
1587,1,MS,5,hiddenzone,123.6316683,8,16.43510545,1.94948914,67,night,2160377.318
1588,1,MS,3,hiddenzone,0.4747872,8,0.24545102,0.02340554,67,night,3967646.081
1588,1,MS,4,hiddenzone,0.2476153,8,0.0396223,0.00469575,67,night,2160377.318
1588,1,MS,5,hiddenzone,123.6316683,8,16.43510545,1.94948914,67,night,2161501.663
1589,1,MS,3,hiddenzone,0.4747872,8,0.24545102,0.02340554,67,night,3969146.081
1589,1,MS,4,hiddenzone,0.2476153,8,0.0396223,0.00469575,67,night,2161501.663
1589,1,MS,5,hiddenzone,123.6316683,8,16.43510545,1.94948914,67,night,2160377.318
1590,1,MS,3,hiddenzone,0.4747872,8,0.24545102,0.02340554,67,night,3970646.081
1590,1,MS,4,hiddenzone,0.2476153,8,0.0396223,0.00469575,67,night,2160377.318
1590,1,MS,5,hiddenzone,123.6316683,8,16.43510545,1.94948914,67,night,2161501.663
1591,1,MS,3,hiddenzone,0.4747872,8,0.24545102,0.02340554,67,day,3972146.081
1591,1,MS,4,hiddenzone,0.2476153,8,0.0396223,0.00469575,67,day,2161501.663
1591,1,MS,5,hiddenzone,123.6316683,8,16.43510545,1.94948914,67,day,2160377.318
1592,1,MS,3,hiddenzone,0.4747872,8,0.24545102,0.02340554,67,day,3973646.081
1592,1,MS,4,hiddenzone,0.2476153,8,0.0396223,0.00469575,67,day,2160377.318
1592,1,MS,5,hiddenzone,123.6316683,8,16.43510545,1.94948914,67,day,2161501.663
1593,1,MS,3,hiddenzone,0.4747872,8,0.24545102,0.02340554,67,day,3975146.081
1593,1,MS,4,hiddenzone,0.2476153,8,0.0396223,0.00469575,67,day,2161501.663
1593,1,MS,5,hiddenzone,123.6316683,8,16.43510545,1.94948914,67,day,2160377.318
1594,1,MS,3,hiddenzone,0.4747872,8,0.24545102,0.02340554,67,day,3976646.081
1594,1,MS,4,hiddenzone,0.2476153,8,0.0396223,0.00469575,67,day,2160377.318
1594,1,MS,5,hiddenzone,123.6316683,8,16.43510545,1.94948914,67,day,2161501.663
1595,1,MS,3,hiddenzone,0.4747872,8,0.24545102,0.02340554,67,day,3978146.081
1595,1,MS,4,hiddenzone,0.2476153,8,0.0396223,0.00469575,67,day,2161501.663
1595,1,MS,5,hiddenzone,123.6316683,8,16.43510545,1.94948914,67,day,2160377.318
1596,1,MS,3,hiddenzone,0.4747872,8,0.24545102,0.02340554,67,day,3979646.081
1596,1,MS,4,hiddenzone,0.2476153,8,0.0396223,0.00469575,67,day,2160377.318
1596,1,MS,5,hiddenzone,123.6316683,8,16.43510545,1.94948914,67,day,2161501.663
1597,1,MS,3,hiddenzone,0.4747872,8,0.24545102,0.02340554,67,day,3981146.081
1597,1,MS,4,hiddenzone,0.2476153,8,0.0396223,0.00469575,67,day,2161501.663
1597,1,MS,5,hiddenzone,123.6316683,8,16.43510545,1.94948914,67,day,2160377.318
1598,1,MS,3,hiddenzone,0.4747872,8,0.24545102,0.02340554,67,day,3982646.081
1598,1,MS,4,hiddenzone,0.2476153,8,0.0396223,0.00469575,67,day,2160377.318
1598,1,MS,5,hiddenzone,123.6316683,8,16.43510545,1.94948914,67,day,2161501.663
1599,1,MS,3,hiddenzone,0.4747872,8,0.24545102,0.02340554,67,day,3984146.081
1599,1,MS,4,hiddenzone,0.2476153,8,0.0396223,0.00469575,67,day,2161501.663
1599,1,MS,5,hiddenzone,123.6316683,8,16.43510545,1.94948914,67,day,2160377.318
1600,1,MS,3,hiddenzone,0.4747872,8,0.24545102,0.02340554,67,day,3985646.081
1600,1,MS,4,hiddenzone,0.2476153,8,0.0396223,0.00469575,67,day,2160377.318
1600,1,MS,5,hiddenzone,123.6316683,8,16.43510545,1.94948914,67,day,2161501.663
1601,1,MS,3,hiddenzone,0.4747872,8,0.24545102,0.02340554,67,day,3987146.081
1601,1,MS,4,hiddenzone,0.2476153,8,0.0396223,0.00469575,67,day,2161501.663
1601,1,MS,5,hiddenzone,123.6316683,8,16.43510545,1.94948914,67,day,2160377.318
1602,1,MS,3,hiddenzone,0.4747872,8,0.24545102,0.02340554,67,day,3988646.081
1602,1,MS,4,hiddenzone,0.2476153,8,0.0396223,0.00469575,67,day,2160377.318
1602,1,MS,5,hiddenzone,123.6316683,8,16.43510545,1.94948914,67,day,2161501.663
1603,1,MS,3,hiddenzone,0.4747872,8,0.24545102,0.02340554,67,day,3990146.081
1603,1,MS,4,hiddenzone,0.2476153,8,0.0396223,0.00469575,67,day,2161501.663
1603,1,MS,5,hiddenzone,123.6316683,8,16.43510545,1.94948914,67,day,2160377.318
1604,1,MS,3,hiddenzone,0.4747872,8,0.24545102,0.02340554,67,day,3991646.081
1604,1,MS,4,hiddenzone,0.2476153,8,0.0396223,0.00469575,67,day,2160377.318
1604,1,MS,5,hiddenzone,123.6316683,8,16.43510545,1.94948914,67,day,2161501.663
1605,1,MS,3,hiddenzone,0.4747872,8,0.24545102,0.02340554,67,day,3993146.081
1605,1,MS,4,hiddenzone,0.2476153,8,0.0396223,0.00469575,67,day,2161501.663
1605,1,MS,5,hiddenzone,123.6316683,8,16.43510545,1.94948914,67,day,2160377.318
1606,1,MS,3,hiddenzone,0.4747872,8,0.24545102,0.02340554,67,day,3994646.081
1606,1,MS,4,hiddenzone,0.2476153,8,0.0396223,0.00469575,67,day,2160377.318
1606,1,MS,5,hiddenzone,123.6316683,8,16.43510545,1.94948914,67,day,2161501.663
1607,1,MS,3,hiddenzone,0.4747872,8,0.24545102,0.02340554,67,night,3996146.081
1607,1,MS,4,hiddenzone,0.2476153,8,0.0396223,0.00469575,67,night,2161501.663
1607,1,MS,5,hiddenzone,123.6316683,8,16.43510545,1.94948914,67,night,2160377.318
1608,1,MS,3,hiddenzone,0.4747872,8,0.24545102,0.02340554,68,night,3997646.081
1608,1,MS,4,hiddenzone,0.2476153,8,0.0396223,0.00469575,68,night,2160377.318
1608,1,MS,5,hiddenzone,123.6316683,8,16.43510545,1.94948914,68,night,2161501.663
1609,1,MS,3,hiddenzone,0.4747872,8,0.24545102,0.02340554,68,night,3999146.081
1609,1,MS,4,hiddenzone,0.2476153,8,0.0396223,0.00469575,68,night,2161501.663
1609,1,MS,5,hiddenzone,123.6316683,8,16.43510545,1.94948914,68,night,2160377.318
1610,1,MS,3,hiddenzone,0.4747872,8,0.24545102,0.02340554,68,night,4000646.081
1610,1,MS,4,hiddenzone,0.2476153,8,0.0396223,0.00469575,68,night,2160377.318
1610,1,MS,5,hiddenzone,123.6316683,8,16.43510545,1.94948914,68,night,2161501.663
1611,1,MS,3,hiddenzone,0.4747872,8,0.24545102,0.02340554,68,night,4002146.081
1611,1,MS,4,hiddenzone,0.2476153,8,0.0396223,0.00469575,68,night,2161501.663
1611,1,MS,5,hiddenzone,123.6316683,8,16.43510545,1.94948914,68,night,2161501.663
1612,1,MS,3,hiddenzone,0.4747872,8,0.24545102,0.02340554,68,night,4003646.081
1612,1,MS,4,hiddenzone,0.2476153,8,0.0396223,0.00469575,68,night,2161501.663
1612,1,MS,5,hiddenzone,123.6316683,8,16.43510545,1.94948914,68,night,2161501.663
1613,1,MS,3,hiddenzone,0.4747872,8,0.24545102,0.02340554,68,night,4005146.081
1613,1,MS,4,hiddenzone,0.2476153,8,0.0396223,0.00469575,68,night,2161501.663
1613,1,MS,5,hiddenzone,123.6316683,8,16.43510545,1.94948914,68,night,2161501.663
1614,1,MS,3,hiddenzone,0.4747872,8,0.24545102,0.02340554,68,night,4006646.081
1614,1,MS,4,hiddenzone,0.2476153,8,0.0396223,0.00469575,68,night,2161501.663
1614,1,MS,5,hiddenzone,123.6316683,8,16.43510545,1.94948914,68,night,2161501.663
1615,1,MS,3,hiddenzone,0.4747872,8,0.24545102,0.02340554,68,day,4008146.081
1615,1,MS,4,hiddenzone,0.2476153,8,0.0396223,0.00469575,68,day,2161501.663
1615,1,MS,5,hiddenzone,123.6316683,8,16.43510545,1.94948914,68,day,2161501.663
1616,1,MS,3,hiddenzone,0.4747872,8,0.24545102,0.02340554,68,day,4009646.081
1616,1,MS,4,hiddenzone,0.2476153,8,0.0396223,0.00469575,68,day,2161501.663
1616,1,MS,5,hiddenzone,123.6316683,8,16.43510545,1.94948914,68,day,2161501.663
1617,1,MS,3,hiddenzone,0.4747872,8,0.24545102,0.02340554,68,day,4011146.081
1617,1,MS,4,hiddenzone,0.2476153,8,0.0396223,0.00469575,68,day,2161501.663
1617,1,MS,5,hiddenzone,123.6316683,8,16.43510545,1.94948914,68,day,2161501.663
1618,1,MS,3,hiddenzone,0.4747872,8,0.24545102,0.02340554,68,day,4012646.081
1618,1,MS,4,hiddenzone,0.2476153,8,0.0396223,0.00469575,68,day,2161501.663
1618,1,MS,5,hiddenzone,123.6316683,8,16.43510545,1.94948914,68,day,2161501.663
1619,1,MS,3,hiddenzone,0.4747872,8,0.24545102,0.02340554,68,day,4014146.081
1619,1,MS,4,hiddenzone,0.2476153,8,0.0396223,0.00469575,68,day,2161501.663
1619,1,MS,5,hiddenzone,123.6316683,8,16.43510545,1.94948914,68,day,2161501.663
1620,1,MS,3,hiddenzone,0.4747872,8,0.24545102,0.02340554,68,day,4015646.081
1620,1,MS,4,hiddenzone,0.2476153,8,0.0396223,0.00469575,68,day,2161501.663
1620,1,MS,5,hiddenzone,123.6316683,8,16.43510545,1.94948914,68,day,2161501.663
1621,1,MS,3,hiddenzone,0.4747872,8,0.24545102,0.02340554,68,day,4017146.081
1621,1,MS,4,hiddenzone,0.2476153,8,0.0396223,0.00469575,68,day,2161501.663
1621,1,MS,5,hiddenzone,123.6316683,8,16.43510545,1.94948914,68,day,2161501.663
1622,1,MS,3,hiddenzone,0.4747872,8,0.24545102,0.02340554,68,day,4018646.081
1622,1,MS,4,hiddenzone,0.2476153,8,0.0396223,0.00469575,68,day,2161501.663
1622,1,MS,5,hiddenzone,123.6316683,8,16.43510545,1.94948914,68,day,2161501.663
1623,1,MS,3,hiddenzone,0.4747872,8,0.24545102,0.02340554,68,day,4020146.081
1623,1,MS,4,hiddenzone,0.2476153,8,0.0396223,0.00469575,68,day,2161501.663
1623,1,MS,5,hiddenzone,123.6316683,8,16.43510545,1.94948914,68,day,2161501.663
1624,1,MS,3,hiddenzone,0.4747872,8,0.24545102,0.02340554,68,day,4021646.081
1624,1,MS,4,hiddenzone,0.2476153,8,0.0396223,0.00469575,68,day,2161501.663
1624,1,MS,5,hiddenzone,123.6316683,8,16.43510545,1.94948914,68,day,2161501.663
1625,1,MS,3,hiddenzone,0.4747872,8,0.24545102,0.02340554,68,day,4023146.081
1625,1,MS,4,hiddenzone,0.2476153,8,0.0396223,0.00469575,68,day,2161501.663
1625,1,MS,5,hiddenzone,123.6316683,8,16.43510545,1.94948914,68,day,2161501.663
1626,1,MS,3,hiddenzone,0.4747872,8,0.24545102,0.02340554,68,day,4024646.081
1626,1,MS,4,hiddenzone,0.2476153,8,0.0396223,0.00469575,68,day,2161501.663
1626,1,MS,5,hiddenzone,123.6316683,8,16.43510545,1.94948914,68,day,2161501.663
1627,1,MS,3,hiddenzone,0.4747872,8,0.24545102,0.02340554,68,day,4026146.081
1627,1,MS,4,hiddenzone,0.2476153,8,0.0396223,0.00469575,68,day,2161501.663
1627,1,MS,5,hiddenzone,123.6316683,8,16.43510545,1.94948914,68,day,2161501.663
1628,1,MS,3,hiddenzone,0.4747872,8,0.24545102,0.02340554,68,day,4027646.081
1628,1,MS,4,hiddenzone,0.2476153,8,0.0396223,0.00469575,68,day,2161501.663
1628,1,MS,5,hiddenzone,123.6316683,8,16.43510545,1.94948914,68,day,2161501.663
1629,1,MS,3,hiddenzone,0.4747872,8,0.24545102,0.02340554,68,day,4029146.081
1629,1,MS,4,hiddenzone,0.2476153,8,0.0396223,0.00469575,68,day,2161501.663
1629,1,MS,5,hiddenzone,123.6316683,8,16.43510545,1.94948914,68,day,2161501.663
1630,1,MS,3,hiddenzone,0.4747872,8,0.24545102,0.02340554,68,day,4030646.081
1630,1,MS,4,hiddenzone,0.2476153,8,0.0396223,0.00469575,68,day,2161501.663
1630,1,MS,5,hiddenzone,123.6316683,8,16.43510545,1.94948914,68,day,2161501.663
1631,1,MS,3,hiddenzone,0.4747872,8,0.24545102,0.02340554,68,night,4032146.081
1631,1,MS,4,hiddenzone,0.2476153,8,0.0396223,0.00469575,68,night,2161501.663
1631,1,MS,5,hiddenzone,123.6316683,8,16.43510545,1.94948914,68,night,2161501.663
1632,1,MS,3,hiddenzone,0.4747872,8,0.24545102,0.02340554,69,night,4033646.081
1632,1,MS,4,hiddenzone,0.2476153,8,0.0396223,0.00469575,69,night,2161501.663
1632,1,MS,5,hiddenzone,123.6316683,8,16.43510545,1.94948914,69,night,2161501.663
1633,1,MS,3,hiddenzone,0.4747872,8,0.24545102,0.02340554,69,night,4035146.081
1633,1,MS,4,hiddenzone,0.2476153,8,0.0396223,0.00469575,69,night,2161501.663
1633,1,MS,5,hiddenzone,123.6316683,8,16.43510545,1.94948914,69,night,2161501.663
1634,1,MS,3,hiddenzone,0.4747872,8,0.24545102,0.02340554,69,night,4036646.081
1634,1,MS,4,hiddenzone,0.2476153,8,0.0396223,0.00469575,69,night,2161501.663
1634,1,MS,5,hiddenzone,123.6316683,8,16.43510545,1.94948914,69,night,2161501.663
1635,1,MS,3,hiddenzone,0.4747872,8,0.24545102,0.02340554,69,night,4038146.081
1635,1,MS,4,hiddenzone,0.2476153,8,0.0396223,0.00469575,69,night,2161501.663
1635,1,MS,5,hiddenzone,123.6316683,8,16.43510545,1.94948914,69,night,2161501.663
1636,1,MS,3,hiddenzone,0.4747872,8,0.24545102,0.02340554,69,night,4039646.081
1636,1,MS,4,hiddenzone,0.2476153,8,0.0396223,0.00469575,69,night,2161501.663
1636,1,MS,5,hiddenzone,123.6316683,8,16.43510545,1.94948914,69,night,2161501.663
1637,1,MS,3,hiddenzone,0.4747872,8,0.24545102,0.02340554,69,night,4041146.081
1637,1,MS,4,hiddenzone,0.2476153,8,0.0396223,0.00469575,69,night,2161501.663
1637,1,MS,5,hiddenzone,123.6316683,8,16.43510545,1.94948914,69,night,2161501.663
1638,1,MS,3,hiddenzone,0.4747872,8,0.24545102,0.02340554,69,night,4042646.081
1638,1,MS,4,hiddenzone,0.2476153,8,0.0396223,0.00469575,69,night,2161501.663
1638,1,MS,5,hiddenzone,123.6316683,8,16.43510545,1.94948914,69,night,2161501.663
1639,1,MS,3,hiddenzone,0.4747872,8,0.24545102,0.02340554,69,day,4044146.081
1639,1,MS,4,hiddenzone,0.2476153,8,0.0396223,0.00469575,69,day,2161501.663
1639,1,MS,5,hiddenzone,123.6316683,8,16.43510545,1.94948914,69,day,2161501.663
1640,1,MS,3,hiddenzone,0.4747872,8,0.24545102,0.02340554,69,day,4045646.081
1640,1,MS,4,hiddenzone,0.2476153,8,0.0396223,0.00469575,69,day,2161501.663
1640,1,MS,5,hiddenzone,123.6316683,8,16.43510545,1.94948914,69,day,2161501.663
1641,1,MS,3,hiddenzone,0.4747872,8,0.24545102,0.02340554,69,day,4047146.081
1641,1,MS,4,hiddenzone,0.2476153,8,0.0396223,0.00469575,69,day,2161501.663
1641,1,MS,5,hiddenzone,123.6316683,8,16.43510545,1.94948914,69,day,2161501.663
1642,1,MS,3,hiddenzone,0.4747872,8,0.24545102,0.02340554,69,day,4048646.081
1642,1,MS,4,hiddenzone,0.2476153,8,0.0396223,0.00469575,69,day,2161501.663
1642,1,MS,5,hiddenzone,123.6316683,8,16.43510545,1.94948914,69,day,2161501.663
1643,1,MS,3,hiddenzone,0.4747872,8,0.24545102,0.02340554,69,day,4050146.081
1643,1,MS,4,hiddenzone,0.2476153,8,0.0396223,0.00469575,69,day,2161501.663
1643,1,MS,5,hiddenzone,123.6316683,8,16.43510545,1.94948914,69,day,2161501.663
1644,1,MS,3,hiddenzone,0.4747872,8,0.24545102,0.02340554,69,day,4051646.081
1644,1,MS,4,hiddenzone,0.2476153,8,0.0396223,0.00469575,69,day,2161501.663
1644,1,MS,5,hiddenzone,123.6316683,8,16.43510545,1.94948914,69,day,2161501.663
1645,1,MS,3,hiddenzone,0.4747872,8,0.24545102,0.02340554,69,day,4053146.081
1645,1,MS,4,hiddenzone,0.2476153,8,0.0396223,0.00469575,69,day,2161501.663
1645,1,MS,5,hiddenzone,123.6316683,8,16.43510545,1.94948914,69,day,2161501.663
1646,1,MS,3,hiddenzone,0.4747872,8,0.24545102,0.02340554,69,day,4054646.081
1646,1,MS,4,hiddenzone,0.2476153,8,0.0396223,0.00469575,69,day,2161501.663
1646,1,MS,5,hiddenzone,123.6316683,8,16.43510545,1.94948914,69,day,2161501.663
1647,1,MS,3,hiddenzone,0.4747872,8,0.24545102,0.02340554,69,day,4056146.081
1647,1,MS,4,hiddenzone,0.2476153,8,0.0396223,0.00469575,69,day,2161501.663
1647,1,MS,5,hiddenzone,123.6316683,8,16.43510545,1.94948914,69,day,2161501.663
1648,1,MS,3,hiddenzone,0.4747872,8,0.24545102,0.02340554,69,day,4057646.081
1648,1,MS,4,hiddenzone,0.2476153,8,0.0396223,0.00469575,69,day,2161501.663
1648,1,MS,5,hiddenzone,123.6316683,8,16.43510545,1.94948914,69,day,2161501.663
1649,1,MS,3,hiddenzone,0.4747872,8,0.24545102,0.02340554,69,day,4059146.081
1649,1,MS,4,hiddenzone,0.2476153,8,0.0396223,0.00469575,69,day,2161501.663
1649,1,MS,5,hiddenzone,123.6316683,8,16.43510545,1.94948914,69,day,2161501.663
1650,1,MS,3,hiddenzone,0.4747872,8,0.24545102,0.02340554,69,day,4060646.081
1650,1,MS,4,hiddenzone,0.2476153,8,0.0396223,0.00469575,69,day,2161501.663
1650,1,MS,5,hiddenzone,123.6316683,8,16.43510545,1.94948914,69,day,2161501.663
1651,1,MS,3,hiddenzone,0.4747872,8,0.24545102,0.02340554,69,day,4062146.081
1651,1,MS,4,hiddenzone,0.2476153,8,0.0396223,0.00469575,69,day,2161501.663
1651,1,MS,5,hiddenzone,123.6316683,8,16.43510545,1.94948914,69,day,2161501.663
1652,1,MS,3,hiddenzone,0.4747872,8,0.24545102,0.02340554,69,day,4063646.081
1652,1,MS,4,hiddenzone,0.2476153,8,0.0396223,0.00469575,69,day,2161501.663
1652,1,MS,5,hiddenzone,123.6316683,8,16.43510545,1.94948914,69,day,2161501.663
1653,1,MS,3,hiddenzone,0.4747872,8,0.24545102,0.02340554,69,day,4065146.081
1653,1,MS,4,hiddenzone,0.2476153,8,0.0396223,0.00469575,69,day,2161501.663
1653,1,MS,5,hiddenzone,123.6316683,8,16.43510545,1.94948914,69,day,2161501.663
1654,1,MS,3,hiddenzone,0.4747872,8,0.24545102,0.02340554,69,day,4066646.081
1654,1,MS,4,hiddenzone,0.2476153,8,0.0396223,0.00469575,69,day,2161501.663
1654,1,MS,5,hiddenzone,123.6316683,8,16.43510545,1.94948914,69,day,2161501.663
1655,1,MS,3,hiddenzone,0.4747872,8,0.24545102,0.02340554,69,night,4068146.081
1655,1,MS,4,hiddenzone,0.2476153,8,0.0396223,0.00469575,69,night,2161501.663
1655,1,MS,5,hiddenzone,123.6316683,8,16.43510545,1.94948914,69,night,2161501.663
1656,1,MS,3,hiddenzone,0.4747872,8,0.24545102,0.02340554,70,night,4069646.081
1656,1,MS,4,hiddenzone,0.2476153,8,0.0396223,0.00469575,70,night,2161501.663
1656,1,MS,5,hiddenzone,123.6316683,8,16.43510545,1.94948914,70,night,2161501.663
1657,1,MS,3,hiddenzone,0.4747872,8,0.24545102,0.02340554,70,night,4071146.081
1657,1,MS,4,hiddenzone,0.2476153,8,0.0396223,0.00469575,70,night,2161501.663
1657,1,MS,5,hiddenzone,123.6316683,8,16.43510545,1.94948914,70,night,2161501.663
1658,1,MS,3,hiddenzone,0.4747872,8,0.24545102,0.02340554,70,night,4072646.081
1658,1,MS,4,hiddenzone,0.2476153,8,0.0396223,0.00469575,70,night,2161501.663
1658,1,MS,5,hiddenzone,123.6316683,8,16.43510545,1.94948914,70,night,2161501.663
1659,1,MS,3,hiddenzone,0.4747872,8,0.24545102,0.02340554,70,night,4074146.081
1659,1,MS,4,hiddenzone,0.2476153,8,0.0396223,0.00469575,70,night,2161501.663
1659,1,MS,5,hiddenzone,123.6316683,8,16.43510545,1.94948914,70,night,2161501.663
1660,1,MS,3,hiddenzone,0.4747872,8,0.24545102,0.02340554,70,night,4075646.081
1660,1,MS,4,hiddenzone,0.2476153,8,0.0396223,0.00469575,70,night,2161501.663
1660,1,MS,5,hiddenzone,123.6316683,8,16.43510545,1.94948914,70,night,2161501.663
1661,1,MS,3,hiddenzone,0.4747872,8,0.24545102,0.02340554,70,night,4077146.081
1661,1,MS,4,hiddenzone,0.2476153,8,0.0396223,0.00469575,70,night,2161501.663
1661,1,MS,5,hiddenzone,123.6316683,8,16.43510545,1.94948914,70,night,2161501.663
1662,1,MS,3,hiddenzone,0.4747872,8,0.24545102,0.02340554,70,night,4078646.081
1662,1,MS,4,hiddenzone,0.2476153,8,0.0396223,0.00469575,70,night,2161501.663
1662,1,MS,5,hiddenzone,123.6316683,8,16.43510545,1.94948914,70,night,2161501.663
1663,1,MS,3,hiddenzone,0.4747872,8,0.24545102,0.02340554,70,day,4080146.081
1663,1,MS,4,hiddenzone,0.2476153,8,0.0396223,0.00469575,70,day,2161501.663
1663,1,MS,5,hiddenzone,123.6316683,8,16.43510545,1.94948914,70,day,2161501.663
1664,1,MS,3,hiddenzone,0.4747872,8,0.24545102,0.02340554,70,day,4081646.081
1664,1,MS,4,hiddenzone,0.2476153,8,0.0396223,0.00469575,70,day,2161501.663
1664,1,MS,5,hiddenzone,123.6316683,8,16.43510545,1.94948914,70,day,2161501.663
1665,1,MS,3,hiddenzone,0.4747872,8,0.24545102,0.02340554,70,day,4083146.081
1665,1,MS,4,hiddenzone,0.2476153,8,0.0396223,0.00469575,70,day,2161501.663
1665,1,MS,5,hiddenzone,123.6316683,8,16.43510545,1.94948914,70,day,2161501.663
1666,1,MS,3,hiddenzone,0.4747872,8,0.24545102,0.02340554,70,day,4084646.081
1666,1,MS,4,hiddenzone,0.2476153,8,0.0396223,0.00469575,70,day,2161501.663
1666,1,MS,5,hiddenzone,123.6316683,8,16.43510545,1.94948914,70,day,2161501.663
1667,1,MS,3,hiddenzone,0.4747872,8,0.24545102,0.02340554,70,day,4086146.081
1667,1,MS,4,hiddenzone,0.2476153,8,0.0396223,0.00469575,70,day,2161501.663
1667,1,MS,5,hiddenzone,123.6316683,8,16.43510545,1.94948914,70,day,2161501.663
1668,1,MS,3,hiddenzone,0.4747872,8,0.24545102,0.02340554,70,day,4087646.081
1668,1,MS,4,hiddenzone,0.2476153,8,0.0396223,0.00469575,70,day,2161501.663
1668,1,MS,5,hiddenzone,123.6316683,8,16.43510545,1.94948914,70,day,2161501.663
1669,1,MS,3,hiddenzone,0.4747872,8,0.24545102,0.02340554,70,day,4089146.081
1669,1,MS,4,hiddenzone,0.2476153,8,0.0396223,0.00469575,70,day,2161501.663
1669,1,MS,5,hiddenzone,123.6316683,8,16.43510545,1.94948914,70,day,2161501.663
1670,1,MS,3,hiddenzone,0.4747872,8,0.24545102,0.02340554,70,day,4090646.081
1670,1,MS,4,hiddenzone,0.2476153,8,0.0396223,0.00469575,70,day,2161501.663
1670,1,MS,5,hiddenzone,123.6316683,8,16.43510545,1.94948914,70,day,2161501.663
1671,1,MS,3,hiddenzone,0.4747872,8,0.24545102,0.02340554,70,day,4092146.081
1671,1,MS,4,hiddenzone,0.2476153,8,0.0396223,0.00469575,70,day,2161501.663
1671,1,MS,5,hiddenzone,123.6316683,8,16.43510545,1.94948914,70,day,2161501.663
1672,1,MS,3,hiddenzone,0.4747872,8,0.24545102,0.02340554,70,day,4093646.081
1672,1,MS,4,hiddenzone,0.2476153,8,0.0396223,0.00469575,70,day,2161501.663
1672,1,MS,5,hiddenzone,123.6316683,8,16.43510545,1.94948914,70,day,2161501.663
1673,1,MS,3,hiddenzone,0.4747872,8,0.24545102,0.02340554,70,day,4095146.081
1673,1,MS,4,hiddenzone,0.2476153,8,0.0396223,0.00469575,70,day,2161501.663
1673,1,MS,5,hiddenzone,123.6316683,8,16.43510545,1.94948914,70,day,2161501.663
1674,1,MS,3,hiddenzone,0.4747872,8,0.24545102,0.02340554,70,day,4096646.081
1674,1,MS,4,hiddenzone,0.2476153,8,0.0396223,0.00469575,70,day,2161501.663
1674,1,MS,5,hiddenzone,123.6316683,8,16.43510545,1.94948914,70,day,2161501.663
1675,1,MS,3,hiddenzone,0.4747872,8,0.24545102,0.02340554,70,day,4098146.081
1675,1,MS,4,hiddenzone,0.2476153,8,0.0396223,0.00469575,70,day,2161501.663
1675,1,MS,5,hiddenzone,123.6316683,8,16.43510545,1.94948914,70,day,2161501.663
1676,1,MS,3,hiddenzone,0.4747872,8,0.24545102,0.02340554,70,day,4099646.081
1676,1,MS,4,hiddenzone,0.2476153,8,0.0396223,0.00469575,70,day,2161501.663
1676,1,MS,5,hiddenzone,123.6316683,8,16.43510545,1.94948914,70,day,2161501.663
1677,1,MS,3,hiddenzone,0.4747872,8,0.24545102,0.02340554,70,day,4101146.081
1677,1,MS,4,hiddenzone,0.2476153,8,0.0396223,0.00469575,70,day,2161501.663
1677,1,MS,5,hiddenzone,123.6316683,8,16.43510545,1.94948914,70,day,2161501.663
1678,1,MS,3,hiddenzone,0.4747872,8,0.24545102,0.02340554,70,day,4102646.081
1678,1,MS,4,hiddenzone,0.2476153,8,0.0396223,0.00469575,70,day,2161501.663
1678,1,MS,5,hiddenzone,123.6316683,8,16.43510545,1.94948914,70,day,2161501.663
1679,1,MS,3,hiddenzone,0.4747872,8,0.24545102,0.02340554,70,night,4104146.081
1679,1,MS,4,hiddenzone,0.2476153,8,0.0396223,0.00469575,70,night,2161501.663
1679,1,MS,5,hiddenzone,123.6316683,8,16.43510545,1.94948914,70,night,2161501.663
1680,1,MS,3,hiddenzone,0.4747872,8,0.24545102,0.02340554,71,night,4105646.081
1680,1,MS,4,hiddenzone,0.2476153,8,0.0396223,0.00469575,71,night,2161501.663
1680,1,MS,5,hiddenzone,123.6316683,8,16.43510545,1.94948914,71,night,2161501.663
1681,1,MS,3,hiddenzone,0.4747872,8,0.24545102,0.02340554,71,night,4107146.081
1681,1,MS,4,hiddenzone,0.2476153,8,0.0396223,0.00469575,71,night,2161501.663
1681,1,MS,5,hiddenzone,123.6316683,8,16.43510545,1.94948914,71,night,2161501.663
1682,1,MS,3,hiddenzone,0.4747872,8,0.24545102,0.02340554,71,night,4108646.081
1682,1,MS,4,hiddenzone,0.2476153,8,0.0396223,0.00469575,71,night,2161501.663
1682,1,MS,5,hiddenzone,123.6316683,8,16.43510545,1.94948914,71,night,2161501.663
1683,1,MS,3,hiddenzone,0.4747872,8,0.24545102,0.02340554,71,night,4110146.081
1683,1,MS,4,hiddenzone,0.2476153,8,0.0396223,0.00469575,71,night,2161501.663
1683,1,MS,5,hiddenzone,123.6316683,8,16.43510545,1.94948914,71,night,2161501.663
1684,1,MS,3,hiddenzone,0.4747872,8,0.24545102,0.02340554,71,night,4111646.081
1684,1,MS,4,hiddenzone,0.2476153,8,0.0396223,0.00469575,71,night,2161501.663
1684,1,MS,5,hiddenzone,123.6316683,8,16.43510545,1.94948914,71,night,2161501.663
1685,1,MS,3,hiddenzone,0.4747872,8,0.24545102,0.02340554,71,night,4113146.081
1685,1,MS,4,hiddenzone,0.2476153,8,0.0396223,0.00469575,71,night,2161501.663
1685,1,MS,5,hiddenzone,123.6316683,8,16.43510545,1.94948914,71,night,2161501.663
1686,1,MS,3,hiddenzone,0.4747872,8,0.24545102,0.02340554,71,night,4114646.081
1686,1,MS,4,hiddenzone,0.2476153,8,0.0396223,0.00469575,71,night,2161501.663
1686,1,MS,5,hiddenzone,123.6316683,8,16.43510545,1.94948914,71,night,2161501.663
1687,1,MS,3,hiddenzone,0.4747872,8,0.24545102,0.02340554,71,day,4116146.081
1687,1,MS,4,hiddenzone,0.2476153,8,0.0396223,0.00469575,71,day,2161501.663
1687,1,MS,5,hiddenzone,123.6316683,8,16.43510545,1.94948914,71,day,2161501.663
1688,1,MS,3,hiddenzone,0.4747872,8,0.24545102,0.02340554,71,day,4117646.081
1688,1,MS,4,hiddenzone,0.2476153,8,0.0396223,0.00469575,71,day,2161501.663
1688,1,MS,5,hiddenzone,123.6316683,8,16.43510545,1.94948914,71,day,2161501.663
1689,1,MS,3,hiddenzone,0.4747872,8,0.24545102,0.02340554,71,day,4119146.081
1689,1,MS,4,hiddenzone,0.2476153,8,0.0396223,0.00469575,71,day,2161501.663
1689,1,MS,5,hiddenzone,123.6316683,8,16.43510545,1.94948914,71,day,2161501.663
1690,1,MS,3,hiddenzone,0.4747872,8,0.24545102,0.02340554,71,day,4120646.081
1690,1,MS,4,hiddenzone,0.2476153,8,0.0396223,0.00469575,71,day,2161501.663
1690,1,MS,5,hiddenzone,123.6316683,8,16.43510545,1.94948914,71,day,2161501.663
1691,1,MS,3,hiddenzone,0.4747872,8,0.24545102,0.02340554,71,day,4122146.081
1691,1,MS,4,hiddenzone,0.2476153,8,0.0396223,0.00469575,71,day,2161501.663
1691,1,MS,5,hiddenzone,123.6316683,8,16.43510545,1.94948914,71,day,2161501.663
1692,1,MS,3,hiddenzone,0.4747872,8,0.24545102,0.02340554,71,day,4123646.081
1692,1,MS,4,hiddenzone,0.2476153,8,0.0396223,0.00469575,71,day,2161501.663
1692,1,MS,5,hiddenzone,123.6316683,8,16.43510545,1.94948914,71,day,2161501.663
1693,1,MS,3,hiddenzone,0.4747872,8,0.24545102,0.02340554,71,day,4125146.081
1693,1,MS,4,hiddenzone,0.2476153,8,0.0396223,0.00469575,71,day,2161501.663
1693,1,MS,5,hiddenzone,123.6316683,8,16.43510545,1.94948914,71,day,2161501.663
1694,1,MS,3,hiddenzone,0.4747872,8,0.24545102,0.02340554,71,day,4126646.081
1694,1,MS,4,hiddenzone,0.2476153,8,0.0396223,0.00469575,71,day,2161501.663
1694,1,MS,5,hiddenzone,123.6316683,8,16.43510545,1.94948914,71,day,2161501.663
1695,1,MS,3,hiddenzone,0.4747872,8,0.24545102,0.02340554,71,day,4128146.081
1695,1,MS,4,hiddenzone,0.2476153,8,0.0396223,0.00469575,71,day,2161501.663
1695,1,MS,5,hiddenzone,123.6316683,8,16.43510545,1.94948914,71,day,2161501.663
1696,1,MS,3,hiddenzone,0.4747872,8,0.24545102,0.02340554,71,day,4129646.081
1696,1,MS,4,hiddenzone,0.2476153,8,0.0396223,0.00469575,71,day,2161501.663
1696,1,MS,5,hiddenzone,123.6316683,8,16.43510545,1.94948914,71,day,2161501.663
1697,1,MS,3,hiddenzone,0.4747872,8,0.24545102,0.02340554,71,day,4131146.081
1697,1,MS,4,hiddenzone,0.2476153,8,0.0396223,0.00469575,71,day,2161501.663
1697,1,MS,5,hiddenzone,123.6316683,8,16.43510545,1.94948914,71,day,2161501.663
1698,1,MS,3,hiddenzone,0.4747872,8,0.24545102,0.02340554,71,day,4132646.081
1698,1,MS,4,hiddenzone,0.2476153,8,0.0396223,0.00469575,71,day,2161501.663
1698,1,MS,5,hiddenzone,123.6316683,8,16.43510545,1.94948914,71,day,2161501.663
1699,1,MS,3,hiddenzone,0.4747872,8,0.24545102,0.02340554,71,day,4134146.081
1699,1,MS,4,hiddenzone,0.2476153,8,0.0396223,0.00469575,71,day,2161501.663
1699,1,MS,5,hiddenzone,123.6316683,8,16.43510545,1.94948914,71,day,2161501.663
1700,1,MS,3,hiddenzone,0.4747872,8,0.24545102,0.02340554,71,day,4135646.081
1700,1,MS,4,hiddenzone,0.2476153,8,0.0396223,0.00469575,71,day,2161501.663
1700,1,MS,5,hiddenzone,123.6316683,8,16.43510545,1.94948914,71,day,2161501.663
1701,1,MS,3,hiddenzone,0.4747872,8,0.24545102,0.02340554,71,day,4137146.081
1701,1,MS,4,hiddenzone,0.2476153,8,0.0396223,0.00469575,71,day,2161501.663
1701,1,MS,5,hiddenzone,123.6316683,8,16.43510545,1.94948914,71,day,2161501.663
1702,1,MS,3,hiddenzone,0.4747872,8,0.24545102,0.02340554,71,day,4138646.081
1702,1,MS,4,hiddenzone,0.2476153,8,0.0396223,0.00469575,71,day,2161501.663
1702,1,MS,5,hiddenzone,123.6316683,8,16.43510545,1.94948914,71,day,2161501.663
1703,1,MS,3,hiddenzone,0.4747872,8,0.24545102,0.02340554,71,night,4140146.081
1703,1,MS,4,hiddenzone,0.2476153,8,0.0396223,0.00469575,71,night,2161501.663
1703,1,MS,5,hiddenzone,123.6316683,8,16.43510545,1.94948914,71,night,2161501.663
1704,1,MS,3,hiddenzone,0.4747872,8,0.24545102,0.02340554,72,night,4141646.081
1704,1,MS,4,hiddenzone,0.2476153,8,0.0396223,0.00469575,72,night,2161501.663
1704,1,MS,5,hiddenzone,123.6316683,8,16.43510545,1.94948914,72,night,2161501.663
1705,1,MS,3,hiddenzone,0.4747872,8,0.24545102,0.02340554,72,night,4143146.081
1705,1,MS,4,hiddenzone,0.2476153,8,0.0396223,0.00469575,72,night,2161501.663
1705,1,MS,5,hiddenzone,123.6316683,8,16.43510545,1.94948914,72,night,2161501.663
1706,1,MS,3,hiddenzone,0.4747872,8,0.24545102,0.02340554,72,night,4144646.081
1706,1,MS,4,hiddenzone,0.2476153,8,0.0396223,0.00469575,72,night,2161501.663
1706,1,MS,5,hiddenzone,123.6316683,8,16.43510545,1.94948914,72,night,2161501.663
1707,1,MS,3,hiddenzone,0.4747872,8,0.24545102,0.02340554,72,night,4146146.081
1707,1,MS,4,hiddenzone,0.2476153,8,0.0396223,0.00469575,72,night,2161501.663
1707,1,MS,5,hiddenzone,123.6316683,8,16.43510545,1.94948914,72,night,2161501.663
1708,1,MS,3,hiddenzone,0.4747872,8,0.24545102,0.02340554,72,night,4147646.081
1708,1,MS,4,hiddenzone,0.2476153,8,0.0396223,0.00469575,72,night,2161501.663
1708,1,MS,5,hiddenzone,123.6316683,8,16.43510545,1.94948914,72,night,2161501.663
1709,1,MS,3,hiddenzone,0.4747872,8,0.24545102,0.02340554,72,night,4149146.081
1709,1,MS,4,hiddenzone,0.2476153,8,0.0396223,0.00469575,72,night,2161501.663
1709,1,MS,5,hiddenzone,123.6316683,8,16.43510545,1.94948914,72,night,2161501.663
1710,1,MS,3,hiddenzone,0.4747872,8,0.24545102,0.02340554,72,night,4150646.081
1710,1,MS,4,hiddenzone,0.2476153,8,0.0396223,0.00469575,72,night,2161501.663
1710,1,MS,5,hiddenzone,123.6316683,8,16.43510545,1.94948914,72,night,2161501.663
1711,1,MS,3,hiddenzone,0.4747872,8,0.24545102,0.02340554,72,day,4152146.081
1711,1,MS,4,hiddenzone,0.2476153,8,0.0396223,0.00469575,72,day,2161501.663
1711,1,MS,5,hiddenzone,123.6316683,8,16.43510545,1.94948914,72,day,2161501.663
1712,1,MS,3,hiddenzone,0.4747872,8,0.24545102,0.02340554,72,day,4153646.081
1712,1,MS,4,hiddenzone,0.2476153,8,0.0396223,0.00469575,72,day,2161501.663
1712,1,MS,5,hiddenzone,123.6316683,8,16.43510545,1.94948914,72,day,2161501.663
1713,1,MS,3,hiddenzone,0.4747872,8,0.24545102,0.02340554,72,day,4155146.081
1713,1,MS,4,hiddenzone,0.2476153,8,0.0396223,0.00469575,72,day,2161501.663
1713,1,MS,5,hiddenzone,123.6316683,8,16.43510545,1.94948914,72,day,2161501.663
1714,1,MS,3,hiddenzone,0.4747872,8,0.24545102,0.02340554,72,day,4156646.081
1714,1,MS,4,hiddenzone,0.2476153,8,0.0396223,0.00469575,72,day,2161501.663
1714,1,MS,5,hiddenzone,123.6316683,8,16.43510545,1.94948914,72,day,2161501.663
1715,1,MS,3,hiddenzone,0.4747872,8,0.24545102,0.02340554,72,day,4158146.081
1715,1,MS,4,hiddenzone,0.2476153,8,0.0396223,0.00469575,72,day,2161501.663
1715,1,MS,5,hiddenzone,123.6316683,8,16.43510545,1.94948914,72,day,2161501.663
1716,1,MS,3,hiddenzone,0.4747872,8,0.24545102,0.02340554,72,day,4159646.081
1716,1,MS,4,hiddenzone,0.2476153,8,0.0396223,0.00469575,72,day,2161501.663
1716,1,MS,5,hiddenzone,123.6316683,8,16.43510545,1.94948914,72,day,2161501.663
1717,1,MS,3,hiddenzone,0.4747872,8,0.24545102,0.02340554,72,day,4161146.081
1717,1,MS,4,hiddenzone,0.2476153,8,0.0396223,0.00469575,72,day,2161501.663
1717,1,MS,5,hiddenzone,123.6316683,8,16.43510545,1.94948914,72,day,2161501.663
1718,1,MS,3,hiddenzone,0.4747872,8,0.24545102,0.02340554,72,day,4162646.081
1718,1,MS,4,hiddenzone,0.2476153,8,0.0396223,0.00469575,72,day,2161501.663
1718,1,MS,5,hiddenzone,123.6316683,8,16.43510545,1.94948914,72,day,2161501.663
1719,1,MS,3,hiddenzone,0.4747872,8,0.24545102,0.02340554,72,day,4164146.081
1719,1,MS,4,hiddenzone,0.2476153,8,0.0396223,0.00469575,72,day,2161501.663
1719,1,MS,5,hiddenzone,123.6316683,8,16.43510545,1.94948914,72,day,2161501.663
1720,1,MS,3,hiddenzone,0.4747872,8,0.24545102,0.02340554,72,day,4165646.081
1720,1,MS,4,hiddenzone,0.2476153,8,0.0396223,0.00469575,72,day,2161501.663
1720,1,MS,5,hiddenzone,123.6316683,8,16.43510545,1.94948914,72,day,2161501.663
1721,1,MS,3,hiddenzone,0.4747872,8,0.24545102,0.02340554,72,day,4167146.081
1721,1,MS,4,hiddenzone,0.2476153,8,0.0396223,0.00469575,72,day,2161501.663
1721,1,MS,5,hiddenzone,123.6316683,8,16.43510545,1.94948914,72,day,2161501.663
1722,1,MS,3,hiddenzone,0.4747872,8,0.24545102,0.02340554,72,day,4168646.081
1722,1,MS,4,hiddenzone,0.2476153,8,0.0396223,0.00469575,72,day,2161501.663
1722,1,MS,5,hiddenzone,123.6316683,8,16.43510545,1.94948914,72,day,2161501.663
1723,1,MS,3,hiddenzone,0.4747872,8,0.24545102,0.02340554,72,day,4170146.081
1723,1,MS,4,hiddenzone,0.2476153,8,0.0396223,0.00469575,72,day,2161501.663
1723,1,MS,5,hiddenzone,123.6316683,8,16.43510545,1.94948914,72,day,2161501.663
1724,1,MS,3,hiddenzone,0.4747872,8,0.24545102,0.02340554,72,day,4171646.081
1724,1,MS,4,hiddenzone,0.2476153,8,0.0396223,0.00469575,72,day,2161501.663
1724,1,MS,5,hiddenzone,123.6316683,8,16.43510545,1.94948914,72,day,2161501.663
1725,1,MS,3,hiddenzone,0.4747872,8,0.24545102,0.02340554,72,day,4173146.081
1725,1,MS,4,hiddenzone,0.2476153,8,0.0396223,0.00469575,72,day,2161501.663
1725,1,MS,5,hiddenzone,123.6316683,8,16.43510545,1.94948914,72,day,2161501.663
1726,1,MS,3,hiddenzone,0.4747872,8,0.24545102,0.02340554,72,day,4174646.081
1726,1,MS,4,hiddenzone,0.2476153,8,0.0396223,0.00469575,72,day,2161501.663
1726,1,MS,5,hiddenzone,123.6316683,8,16.43510545,1.94948914,72,day,2161501.663
1727,1,MS,3,hiddenzone,0.4747872,8,0.24545102,0.02340554,72,night,4176146.081
1727,1,MS,4,hiddenzone,0.2476153,8,0.0396223,0.00469575,72,night,2161501.663
1727,1,MS,5,hiddenzone,123.6316683,8,16.43510545,1.94948914,72,night,2161501.663
1728,1,MS,3,hiddenzone,0.4747872,8,0.24545102,0.02340554,73,night,4177646.081
1728,1,MS,4,hiddenzone,0.2476153,8,0.0396223,0.00469575,73,night,2161501.663
1728,1,MS,5,hiddenzone,123.6316683,8,16.43510545,1.94948914,73,night,2161501.663
1729,1,MS,3,hiddenzone,0.4747872,8,0.24545102,0.02340554,73,night,4179146.081
1729,1,MS,4,hiddenzone,0.2476153,8,0.0396223,0.00469575,73,night,2161501.663
1729,1,MS,5,hiddenzone,123.6316683,8,16.43510545,1.94948914,73,night,2161501.663
1730,1,MS,3,hiddenzone,0.4747872,8,0.24545102,0.02340554,73,night,4180646.081
1730,1,MS,4,hiddenzone,0.2476153,8,0.0396223,0.00469575,73,night,2161501.663
1730,1,MS,5,hiddenzone,123.6316683,8,16.43510545,1.94948914,73,night,2161501.663
1731,1,MS,3,hiddenzone,0.4747872,8,0.24545102,0.02340554,73,night,4182146.081
1731,1,MS,4,hiddenzone,0.2476153,8,0.0396223,0.00469575,73,night,2161501.663
1731,1,MS,5,hiddenzone,123.6316683,8,16.43510545,1.94948914,73,night,2161501.663
1732,1,MS,3,hiddenzone,0.4747872,8,0.24545102,0.02340554,73,night,4183646.081
1732,1,MS,4,hiddenzone,0.2476153,8,0.0396223,0.00469575,73,night,2161501.663
1732,1,MS,5,hiddenzone,123.6316683,8,16.43510545,1.94948914,73,night,2161501.663
1733,1,MS,3,hiddenzone,0.4747872,8,0.24545102,0.02340554,73,night,4185146.081
1733,1,MS,4,hiddenzone,0.2476153,8,0.0396223,0.00469575,73,night,2161501.663
1733,1,MS,5,hiddenzone,123.6316683,8,16.43510545,1.94948914,73,night,2161501.663
1734,1,MS,3,hiddenzone,0.4747872,8,0.24545102,0.02340554,73,night,4186646.081
1734,1,MS,4,hiddenzone,0.2476153,8,0.0396223,0.00469575,73,night,2161501.663
1734,1,MS,5,hiddenzone,123.6316683,8,16.43510545,1.94948914,73,night,2161501.663
1735,1,MS,3,hiddenzone,0.4747872,8,0.24545102,0.02340554,73,day,4188146.081
1735,1,MS,4,hiddenzone,0.2476153,8,0.0396223,0.00469575,73,day,2161501.663
1735,1,MS,5,hiddenzone,123.6316683,8,16.43510545,1.94948914,73,day,2161501.663
1736,1,MS,3,hiddenzone,0.4747872,8,0.24545102,0.02340554,73,day,4189646.081
1736,1,MS,4,hiddenzone,0.2476153,8,0.0396223,0.00469575,73,day,2161501.663
1736,1,MS,5,hiddenzone,123.6316683,8,16.43510545,1.94948914,73,day,2161501.663
1737,1,MS,3,hiddenzone,0.4747872,8,0.24545102,0.02340554,73,day,4191146.081
1737,1,MS,4,hiddenzone,0.2476153,8,0.0396223,0.00469575,73,day,2161501.663
1737,1,MS,5,hiddenzone,123.6316683,8,16.43510545,1.94948914,73,day,2161501.663
1738,1,MS,3,hiddenzone,0.4747872,8,0.24545102,0.02340554,73,day,4192646.081
1738,1,MS,4,hiddenzone,0.2476153,8,0.0396223,0.00469575,73,day,2161501.663
1738,1,MS,5,hiddenzone,123.6316683,8,16.43510545,1.94948914,73,day,2161501.663
1739,1,MS,3,hiddenzone,0.4747872,8,0.24545102,0.02340554,73,day,4194146.081
1739,1,MS,4,hiddenzone,0.2476153,8,0.0396223,0.00469575,73,day,2161501.663
1739,1,MS,5,hiddenzone,123.6316683,8,16.43510545,1.94948914,73,day,2161501.663
1740,1,MS,3,hiddenzone,0.4747872,8,0.24545102,0.02340554,73,day,4195646.081
1740,1,MS,4,hiddenzone,0.2476153,8,0.0396223,0.00469575,73,day,2161501.663
1740,1,MS,5,hiddenzone,123.6316683,8,16.43510545,1.94948914,73,day,2161501.663
1741,1,MS,3,hiddenzone,0.4747872,8,0.24545102,0.02340554,73,day,4197146.081
1741,1,MS,4,hiddenzone,0.2476153,8,0.0396223,0.00469575,73,day,2161501.663
1741,1,MS,5,hiddenzone,123.6316683,8,16.43510545,1.94948914,73,day,2161501.663
1742,1,MS,3,hiddenzone,0.4747872,8,0.24545102,0.02340554,73,day,4198646.081
1742,1,MS,4,hiddenzone,0.2476153,8,0.0396223,0.00469575,73,day,2161501.663
1742,1,MS,5,hiddenzone,123.6316683,8,16.43510545,1.94948914,73,day,2161501.663
1743,1,MS,3,hiddenzone,0.4747872,8,0.24545102,0.02340554,73,day,4200146.081
1743,1,MS,4,hiddenzone,0.2476153,8,0.0396223,0.00469575,73,day,2161501.663
1743,1,MS,5,hiddenzone,123.6316683,8,16.43510545,1.94948914,73,day,2161501.663
1744,1,MS,3,hiddenzone,0.4747872,8,0.24545102,0.02340554,73,day,4201646.081
1744,1,MS,4,hiddenzone,0.2476153,8,0.0396223,0.00469575,73,day,2161501.663
1744,1,MS,5,hiddenzone,123.6316683,8,16.43510545,1.94948914,73,day,2161501.663
1745,1,MS,3,hiddenzone,0.4747872,8,0.24545102,0.02340554,73,day,4203146.081
1745,1,MS,4,hiddenzone,0.2476153,8,0.0396223,0.00469575,73,day,2161501.663
1745,1,MS,5,hiddenzone,123.6316683,8,16.43510545,1.94948914,73,day,2161501.663
1746,1,MS,3,hiddenzone,0.4747872,8,0.24545102,0.02340554,73,day,4204646.081
1746,1,MS,4,hiddenzone,0.2476153,8,0.0396223,0.00469575,73,day,2161501.663
1746,1,MS,5,hiddenzone,123.6316683,8,16.43510545,1.94948914,73,day,2161501.663
1747,1,MS,3,hiddenzone,0.4747872,8,0.24545102,0.02340554,73,day,4206146.081
1747,1,MS,4,hiddenzone,0.2476153,8,0.0396223,0.00469575,73,day,2161501.663
1747,1,MS,5,hiddenzone,123.6316683,8,16.43510545,1.94948914,73,day,2161501.663
1748,1,MS,3,hiddenzone,0.4747872,8,0.24545102,0.02340554,73,day,4207646.081
1748,1,MS,4,hiddenzone,0.2476153,8,0.0396223,0.00469575,73,day,2161501.663
1748,1,MS,5,hiddenzone,123.6316683,8,16.43510545,1.94948914,73,day,2161501.663
1749,1,MS,3,hiddenzone,0.4747872,8,0.24545102,0.02340554,73,day,4209146.081
1749,1,MS,4,hiddenzone,0.2476153,8,0.0396223,0.00469575,73,day,2161501.663
1749,1,MS,5,hiddenzone,123.6316683,8,16.43510545,1.94948914,73,day,2161501.663
1750,1,MS,3,hiddenzone,0.4747872,8,0.24545102,0.02340554,73,day,4210646.081
1750,1,MS,4,hiddenzone,0.2476153,8,0.0396223,0.00469575,73,day,2161501.663
1750,1,MS,5,hiddenzone,123.6316683,8,16.43510545,1.94948914,73,day,2161501.663
1751,1,MS,3,hiddenzone,0.4747872,8,0.24545102,0.02340554,73,night,4212146.081
1751,1,MS,4,hiddenzone,0.2476153,8,0.0396223,0.00469575,73,night,2161501.663
1751,1,MS,5,hiddenzone,123.6316683,8,16.43510545,1.94948914,73,night,2161501.663
1752,1,MS,3,hiddenzone,0.4747872,8,0.24545102,0.02340554,74,night,4213646.081
1752,1,MS,4,hiddenzone,0.2476153,8,0.0396223,0.00469575,74,night,2161501.663
1752,1,MS,5,hiddenzone,123.6316683,8,16.43510545,1.94948914,74,night,2161501.663
1753,1,MS,3,hiddenzone,0.4747872,8,0.24545102,0.02340554,74,night,4215146.081
1753,1,MS,4,hiddenzone,0.2476153,8,0.0396223,0.00469575,74,night,2161501.663
1753,1,MS,5,hiddenzone,123.6316683,8,16.43510545,1.94948914,74,night,2161501.663
1754,1,MS,3,hiddenzone,0.4747872,8,0.24545102,0.02340554,74,night,4216646.081
1754,1,MS,4,hiddenzone,0.2476153,8,0.0396223,0.00469575,74,night,2161501.663
1754,1,MS,5,hiddenzone,123.6316683,8,16.43510545,1.94948914,74,night,2161501.663
1755,1,MS,3,hiddenzone,0.4747872,8,0.24545102,0.02340554,74,night,4218146.081
1755,1,MS,4,hiddenzone,0.2476153,8,0.0396223,0.00469575,74,night,2161501.663
1755,1,MS,5,hiddenzone,123.6316683,8,16.43510545,1.94948914,74,night,2161501.663
1756,1,MS,3,hiddenzone,0.4747872,8,0.24545102,0.02340554,74,night,4219646.081
1756,1,MS,4,hiddenzone,0.2476153,8,0.0396223,0.00469575,74,night,2161501.663
1756,1,MS,5,hiddenzone,123.6316683,8,16.43510545,1.94948914,74,night,2161501.663
1757,1,MS,3,hiddenzone,0.4747872,8,0.24545102,0.02340554,74,night,4221146.081
1757,1,MS,4,hiddenzone,0.2476153,8,0.0396223,0.00469575,74,night,2161501.663
1757,1,MS,5,hiddenzone,123.6316683,8,16.43510545,1.94948914,74,night,2161501.663
1758,1,MS,3,hiddenzone,0.4747872,8,0.24545102,0.02340554,74,night,4222646.081
1758,1,MS,4,hiddenzone,0.2476153,8,0.0396223,0.00469575,74,night,2161501.663
1758,1,MS,5,hiddenzone,123.6316683,8,16.43510545,1.94948914,74,night,2161501.663
1759,1,MS,3,hiddenzone,0.4747872,8,0.24545102,0.02340554,74,day,4224146.081
1759,1,MS,4,hiddenzone,0.2476153,8,0.0396223,0.00469575,74,day,2161501.663
1759,1,MS,5,hiddenzone,123.6316683,8,16.43510545,1.94948914,74,day,2161501.663
1760,1,MS,3,hiddenzone,0.4747872,8,0.24545102,0.02340554,74,day,4225646.081
1760,1,MS,4,hiddenzone,0.2476153,8,0.0396223,0.00469575,74,day,2161501.663
1760,1,MS,5,hiddenzone,123.6316683,8,16.43510545,1.94948914,74,day,2161501.663
1761,1,MS,3,hiddenzone,0.4747872,8,0.24545102,0.02340554,74,day,4227146.081
1761,1,MS,4,hiddenzone,0.2476153,8,0.0396223,0.00469575,74,day,2161501.663
1761,1,MS,5,hiddenzone,123.6316683,8,16.43510545,1.94948914,74,day,2161501.663
1762,1,MS,3,hiddenzone,0.4747872,8,0.24545102,0.02340554,74,day,4228646.081
1762,1,MS,4,hiddenzone,0.2476153,8,0.0396223,0.00469575,74,day,2161501.663
1762,1,MS,5,hiddenzone,123.6316683,8,16.43510545,1.94948914,74,day,2161501.663
1763,1,MS,3,hiddenzone,0.4747872,8,0.24545102,0.02340554,74,day,4230146.081
1763,1,MS,4,hiddenzone,0.2476153,8,0.0396223,0.00469575,74,day,2161501.663
1763,1,MS,5,hiddenzone,123.6316683,8,16.43510545,1.94948914,74,day,2161501.663
1764,1,MS,3,hiddenzone,0.4747872,8,0.24545102,0.02340554,74,day,4231646.081
1764,1,MS,4,hiddenzone,0.2476153,8,0.0396223,0.00469575,74,day,2161501.663
1764,1,MS,5,hiddenzone,123.6316683,8,16.43510545,1.94948914,74,day,2161501.663
1765,1,MS,3,hiddenzone,0.4747872,8,0.24545102,0.02340554,74,day,4233146.081
1765,1,MS,4,hiddenzone,0.2476153,8,0.0396223,0.00469575,74,day,2161501.663
1765,1,MS,5,hiddenzone,123.6316683,8,16.43510545,1.94948914,74,day,2161501.663
1766,1,MS,3,hiddenzone,0.4747872,8,0.24545102,0.02340554,74,day,4234646.081
1766,1,MS,4,hiddenzone,0.2476153,8,0.0396223,0.00469575,74,day,2161501.663
1766,1,MS,5,hiddenzone,123.6316683,8,16.43510545,1.94948914,74,day,2161501.663
1767,1,MS,3,hiddenzone,0.4747872,8,0.24545102,0.02340554,74,day,4236146.081
1767,1,MS,4,hiddenzone,0.2476153,8,0.0396223,0.00469575,74,day,2161501.663
1767,1,MS,5,hiddenzone,123.6316683,8,16.43510545,1.94948914,74,day,2161501.663
1768,1,MS,3,hiddenzone,0.4747872,8,0.24545102,0.02340554,74,day,4237646.081
1768,1,MS,4,hiddenzone,0.2476153,8,0.0396223,0.00469575,74,day,2161501.663
1768,1,MS,5,hiddenzone,123.6316683,8,16.43510545,1.94948914,74,day,2161501.663
1769,1,MS,3,hiddenzone,0.4747872,8,0.24545102,0.02340554,74,day,4239146.081
1769,1,MS,4,hiddenzone,0.2476153,8,0.0396223,0.00469575,74,day,2161501.663
1769,1,MS,5,hiddenzone,123.6316683,8,16.43510545,1.94948914,74,day,2161501.663
1770,1,MS,3,hiddenzone,0.4747872,8,0.24545102,0.02340554,74,day,4240646.081
1770,1,MS,4,hiddenzone,0.2476153,8,0.0396223,0.00469575,74,day,2161501.663
1770,1,MS,5,hiddenzone,123.6316683,8,16.43510545,1.94948914,74,day,2161501.663
1771,1,MS,3,hiddenzone,0.4747872,8,0.24545102,0.02340554,74,day,4242146.081
1771,1,MS,4,hiddenzone,0.2476153,8,0.0396223,0.00469575,74,day,2161501.663
1771,1,MS,5,hiddenzone,123.6316683,8,16.43510545,1.94948914,74,day,2161501.663
1772,1,MS,3,hiddenzone,0.4747872,8,0.24545102,0.02340554,74,day,4243646.081
1772,1,MS,4,hiddenzone,0.2476153,8,0.0396223,0.00469575,74,day,2161501.663
1772,1,MS,5,hiddenzone,123.6316683,8,16.43510545,1.94948914,74,day,2161501.663
1773,1,MS,3,hiddenzone,0.4747872,8,0.24545102,0.02340554,74,day,4245146.081
1773,1,MS,4,hiddenzone,0.2476153,8,0.0396223,0.00469575,74,day,2161501.663
1773,1,MS,5,hiddenzone,123.6316683,8,16.43510545,1.94948914,74,day,2161501.663
1774,1,MS,3,hiddenzone,0.4747872,8,0.24545102,0.02340554,74,day,4246646.081
1774,1,MS,4,hiddenzone,0.2476153,8,0.0396223,0.00469575,74,day,2161501.663
1774,1,MS,5,hiddenzone,123.6316683,8,16.43510545,1.94948914,74,day,2161501.663
1775,1,MS,3,hiddenzone,0.4747872,8,0.24545102,0.02340554,74,night,4248146.081
1775,1,MS,4,hiddenzone,0.2476153,8,0.0396223,0.00469575,74,night,2161501.663
1775,1,MS,5,hiddenzone,123.6316683,8,16.43510545,1.94948914,74,night,2161501.663
1776,1,MS,3,hiddenzone,0.4747872,8,0.24545102,0.02340554,75,night,4249646.081
1776,1,MS,4,hiddenzone,0.2476153,8,0.0396223,0.00469575,75,night,2161501.663
1776,1,MS,5,hiddenzone,123.6316683,8,16.43510545,1.94948914,75,night,2161501.663
1777,1,MS,3,hiddenzone,0.4747872,8,0.24545102,0.02340554,75,night,4251146.081
1777,1,MS,4,hiddenzone,0.2476153,8,0.0396223,0.00469575,75,night,2161501.663
1777,1,MS,5,hiddenzone,123.6316683,8,16.43510545,1.94948914,75,night,2161501.663
1778,1,MS,3,hiddenzone,0.4747872,8,0.24545102,0.02340554,75,night,4252646.081
1778,1,MS,4,hiddenzone,0.2476153,8,0.0396223,0.00469575,75,night,2161501.663
1778,1,MS,5,hiddenzone,123.6316683,8,16.43510545,1.94948914,75,night,2161501.663
1779,1,MS,3,hiddenzone,0.4747872,8,0.24545102,0.02340554,75,night,4254146.081
1779,1,MS,4,hiddenzone,0.2476153,8,0.0396223,0.00469575,75,night,2161501.663
1779,1,MS,5,hiddenzone,123.6316683,8,16.43510545,1.94948914,75,night,2161501.663
1780,1,MS,3,hiddenzone,0.4747872,8,0.24545102,0.02340554,75,night,4255646.081
1780,1,MS,4,hiddenzone,0.2476153,8,0.0396223,0.00469575,75,night,2161501.663
1780,1,MS,5,hiddenzone,123.6316683,8,16.43510545,1.94948914,75,night,2161501.663
1781,1,MS,3,hiddenzone,0.4747872,8,0.24545102,0.02340554,75,night,4257146.081
1781,1,MS,4,hiddenzone,0.2476153,8,0.0396223,0.00469575,75,night,2161501.663
1781,1,MS,5,hiddenzone,123.6316683,8,16.43510545,1.94948914,75,night,2161501.663
1782,1,MS,3,hiddenzone,0.4747872,8,0.24545102,0.02340554,75,night,4258646.081
1782,1,MS,4,hiddenzone,0.2476153,8,0.0396223,0.00469575,75,night,2161501.663
1782,1,MS,5,hiddenzone,123.6316683,8,16.43510545,1.94948914,75,night,2161501.663
1783,1,MS,3,hiddenzone,0.4747872,8,0.24545102,0.02340554,75,day,4260146.081
1783,1,MS,4,hiddenzone,0.2476153,8,0.0396223,0.00469575,75,day,2161501.663
1783,1,MS,5,hiddenzone,123.6316683,8,16.43510545,1.94948914,75,day,2161501.663
1784,1,MS,3,hiddenzone,0.4747872,8,0.24545102,0.02340554,75,day,4261646.081
1784,1,MS,4,hiddenzone,0.2476153,8,0.0396223,0.00469575,75,day,2161501.663
1784,1,MS,5,hiddenzone,123.6316683,8,16.43510545,1.94948914,75,day,2161501.663
1785,1,MS,3,hiddenzone,0.4747872,8,0.24545102,0.02340554,75,day,4263146.081
1785,1,MS,4,hiddenzone,0.2476153,8,0.0396223,0.00469575,75,day,2161501.663
1785,1,MS,5,hiddenzone,123.6316683,8,16.43510545,1.94948914,75,day,2161501.663
1786,1,MS,3,hiddenzone,0.4747872,8,0.24545102,0.02340554,75,day,4264646.081
1786,1,MS,4,hiddenzone,0.2476153,8,0.0396223,0.00469575,75,day,2161501.663
1786,1,MS,5,hiddenzone,123.6316683,8,16.43510545,1.94948914,75,day,2161501.663
1787,1,MS,3,hiddenzone,0.4747872,8,0.24545102,0.02340554,75,day,4266146.081
1787,1,MS,4,hiddenzone,0.2476153,8,0.0396223,0.00469575,75,day,2161501.663
1787,1,MS,5,hiddenzone,123.6316683,8,16.43510545,1.94948914,75,day,2161501.663
1788,1,MS,3,hiddenzone,0.4747872,8,0.24545102,0.02340554,75,day,4267646.081
1788,1,MS,4,hiddenzone,0.2476153,8,0.0396223,0.00469575,75,day,2161501.663
1788,1,MS,5,hiddenzone,123.6316683,8,16.43510545,1.94948914,75,day,2161501.663
1789,1,MS,3,hiddenzone,0.4747872,8,0.24545102,0.02340554,75,day,4269146.081
1789,1,MS,4,hiddenzone,0.2476153,8,0.0396223,0.00469575,75,day,2161501.663
1789,1,MS,5,hiddenzone,123.6316683,8,16.43510545,1.94948914,75,day,2161501.663
1790,1,MS,3,hiddenzone,0.4747872,8,0.24545102,0.02340554,75,day,4270646.081
1790,1,MS,4,hiddenzone,0.2476153,8,0.0396223,0.00469575,75,day,2161501.663
1790,1,MS,5,hiddenzone,123.6316683,8,16.43510545,1.94948914,75,day,2161501.663
1791,1,MS,3,hiddenzone,0.4747872,8,0.24545102,0.02340554,75,day,4272146.081
1791,1,MS,4,hiddenzone,0.2476153,8,0.0396223,0.00469575,75,day,2161501.663
1791,1,MS,5,hiddenzone,123.6316683,8,16.43510545,1.94948914,75,day,2161501.663
1792,1,MS,3,hiddenzone,0.4747872,8,0.24545102,0.02340554,75,day,4273646.081
1792,1,MS,4,hiddenzone,0.2476153,8,0.0396223,0.00469575,75,day,2161501.663
1792,1,MS,5,hiddenzone,123.6316683,8,16.43510545,1.94948914,75,day,2161501.663
1793,1,MS,3,hiddenzone,0.4747872,8,0.24545102,0.02340554,75,day,4275146.081
1793,1,MS,4,hiddenzone,0.2476153,8,0.0396223,0.00469575,75,day,2161501.663
1793,1,MS,5,hiddenzone,123.6316683,8,16.43510545,1.94948914,75,day,2161501.663
1794,1,MS,3,hiddenzone,0.4747872,8,0.24545102,0.02340554,75,day,4276646.081
1794,1,MS,4,hiddenzone,0.2476153,8,0.0396223,0.00469575,75,day,2161501.663
1794,1,MS,5,hiddenzone,123.6316683,8,16.43510545,1.94948914,75,day,2161501.663
1795,1,MS,3,hiddenzone,0.4747872,8,0.24545102,0.02340554,75,day,4278146.081
1795,1,MS,4,hiddenzone,0.2476153,8,0.0396223,0.00469575,75,day,2161501.663
1795,1,MS,5,hiddenzone,123.6316683,8,16.43510545,1.94948914,75,day,2161501.663
1796,1,MS,3,hiddenzone,0.4747872,8,0.24545102,0.02340554,75,day,4279646.081
1796,1,MS,4,hiddenzone,0.2476153,8,0.0396223,0.00469575,75,day,2161501.663
1796,1,MS,5,hiddenzone,123.6316683,8,16.43510545,1.94948914,75,day,2161501.663
1797,1,MS,3,hiddenzone,0.4747872,8,0.24545102,0.02340554,75,day,4281146.081
1797,1,MS,4,hiddenzone,0.2476153,8,0.0396223,0.00469575,75,day,2161501.663
1797,1,MS,5,hiddenzone,123.6316683,8,16.43510545,1.94948914,75,day,2161501.663
1798,1,MS,3,hiddenzone,0.4747872,8,0.24545102,0.02340554,75,day,4282646.081
1798,1,MS,4,hiddenzone,0.2476153,8,0.0396223,0.00469575,75,day,2161501.663
1798,1,MS,5,hiddenzone,123.6316683,8,16.43510545,1.94948914,75,day,2161501.663
1799,1,MS,3,hiddenzone,0.4747872,8,0.24545102,0.02340554,75,night,4284146.081
1799,1,MS,4,hiddenzone,0.2476153,8,0.0396223,0.00469575,75,night,2161501.663
1799,1,MS,5,hiddenzone,123.6316683,8,16.43510545,1.94948914,75,night,2161501.663
1800,1,MS,3,hiddenzone,0.4747872,8,0.24545102,0.02340554,76,night,4285646.081
1800,1,MS,4,hiddenzone,0.2476153,8,0.0396223,0.00469575,76,night,2161501.663
1800,1,MS,5,hiddenzone,123.6316683,8,16.43510545,1.94948914,76,night,2161501.663
1801,1,MS,3,hiddenzone,0.4747872,8,0.24545102,0.02340554,76,night,4287146.081
1801,1,MS,4,hiddenzone,0.2476153,8,0.0396223,0.00469575,76,night,2161501.663
1801,1,MS,5,hiddenzone,123.6316683,8,16.43510545,1.94948914,76,night,2161501.663
1802,1,MS,3,hiddenzone,0.4747872,8,0.24545102,0.02340554,76,night,4288646.081
1802,1,MS,4,hiddenzone,0.2476153,8,0.0396223,0.00469575,76,night,2161501.663
1802,1,MS,5,hiddenzone,123.6316683,8,16.43510545,1.94948914,76,night,2161501.663
1803,1,MS,3,hiddenzone,0.4747872,8,0.24545102,0.02340554,76,night,4290146.081
1803,1,MS,4,hiddenzone,0.2476153,8,0.0396223,0.00469575,76,night,2161501.663
1803,1,MS,5,hiddenzone,123.6316683,8,16.43510545,1.94948914,76,night,2161501.663
1804,1,MS,3,hiddenzone,0.4747872,8,0.24545102,0.02340554,76,night,4291646.081
1804,1,MS,4,hiddenzone,0.2476153,8,0.0396223,0.00469575,76,night,2161501.663
1804,1,MS,5,hiddenzone,123.6316683,8,16.43510545,1.94948914,76,night,2161501.663
1805,1,MS,3,hiddenzone,0.4747872,8,0.24545102,0.02340554,76,night,4293146.081
1805,1,MS,4,hiddenzone,0.2476153,8,0.0396223,0.00469575,76,night,2161501.663
1805,1,MS,5,hiddenzone,123.6316683,8,16.43510545,1.94948914,76,night,2161501.663
1806,1,MS,3,hiddenzone,0.4747872,8,0.24545102,0.02340554,76,night,4294646.081
1806,1,MS,4,hiddenzone,0.2476153,8,0.0396223,0.00469575,76,night,2161501.663
1806,1,MS,5,hiddenzone,123.6316683,8,16.43510545,1.94948914,76,night,2161501.663
1807,1,MS,3,hiddenzone,0.4747872,8,0.24545102,0.02340554,76,day,4296146.081
1807,1,MS,4,hiddenzone,0.2476153,8,0.0396223,0.00469575,76,day,2161501.663
1807,1,MS,5,hiddenzone,123.6316683,8,16.43510545,1.94948914,76,day,2161501.663
1808,1,MS,3,hiddenzone,0.4747872,8,0.24545102,0.02340554,76,day,4297646.081
1808,1,MS,4,hiddenzone,0.2476153,8,0.0396223,0.00469575,76,day,2161501.663
1808,1,MS,5,hiddenzone,123.6316683,8,16.43510545,1.94948914,76,day,2161501.663
1809,1,MS,3,hiddenzone,0.4747872,8,0.24545102,0.02340554,76,day,4299146.081
1809,1,MS,4,hiddenzone,0.2476153,8,0.0396223,0.00469575,76,day,2161501.663
1809,1,MS,5,hiddenzone,123.6316683,8,16.43510545,1.94948914,76,day,2161501.663
1810,1,MS,3,hiddenzone,0.4747872,8,0.24545102,0.02340554,76,day,4300646.081
1810,1,MS,4,hiddenzone,0.2476153,8,0.0396223,0.00469575,76,day,2161501.663
1810,1,MS,5,hiddenzone,123.6316683,8,16.43510545,1.94948914,76,day,2161501.663
1811,1,MS,3,hiddenzone,0.4747872,8,0.24545102,0.02340554,76,day,4302146.081
1811,1,MS,4,hiddenzone,0.2476153,8,0.0396223,0.00469575,76,day,2161501.663
1811,1,MS,5,hiddenzone,123.6316683,8,16.43510545,1.94948914,76,day,2161501.663
1812,1,MS,3,hiddenzone,0.4747872,8,0.24545102,0.02340554,76,day,4303646.081
1812,1,MS,4,hiddenzone,0.2476153,8,0.0396223,0.00469575,76,day,2161501.663
1812,1,MS,5,hiddenzone,123.6316683,8,16.43510545,1.94948914,76,day,2161501.663
1813,1,MS,3,hiddenzone,0.4747872,8,0.24545102,0.02340554,76,day,4305146.081
1813,1,MS,4,hiddenzone,0.2476153,8,0.0396223,0.00469575,76,day,2161501.663
1813,1,MS,5,hiddenzone,123.6316683,8,16.43510545,1.94948914,76,day,2161501.663
1814,1,MS,3,hiddenzone,0.4747872,8,0.24545102,0.02340554,76,day,4306646.081
1814,1,MS,4,hiddenzone,0.2476153,8,0.0396223,0.00469575,76,day,2161501.663
1814,1,MS,5,hiddenzone,123.6316683,8,16.43510545,1.94948914,76,day,2161501.663
1815,1,MS,3,hiddenzone,0.4747872,8,0.24545102,0.02340554,76,day,4308146.081
1815,1,MS,4,hiddenzone,0.2476153,8,0.0396223,0.00469575,76,day,2161501.663
1815,1,MS,5,hiddenzone,123.6316683,8,16.43510545,1.94948914,76,day,2161501.663
1816,1,MS,3,hiddenzone,0.4747872,8,0.24545102,0.02340554,76,day,4309646.081
1816,1,MS,4,hiddenzone,0.2476153,8,0.0396223,0.00469575,76,day,2161501.663
1816,1,MS,5,hiddenzone,123.6316683,8,16.43510545,1.94948914,76,day,2161501.663
1817,1,MS,3,hiddenzone,0.4747872,8,0.24545102,0.02340554,76,day,4311146.081
1817,1,MS,4,hiddenzone,0.2476153,8,0.0396223,0.00469575,76,day,2161501.663
1817,1,MS,5,hiddenzone,123.6316683,8,16.43510545,1.94948914,76,day,2161501.663
1818,1,MS,3,hiddenzone,0.4747872,8,0.24545102,0.02340554,76,day,4312646.081
1818,1,MS,4,hiddenzone,0.2476153,8,0.0396223,0.00469575,76,day,2161501.663
1818,1,MS,5,hiddenzone,123.6316683,8,16.43510545,1.94948914,76,day,2161501.663
1819,1,MS,3,hiddenzone,0.4747872,8,0.24545102,0.02340554,76,day,4314146.081
1819,1,MS,4,hiddenzone,0.2476153,8,0.0396223,0.00469575,76,day,2161501.663
1819,1,MS,5,hiddenzone,123.6316683,8,16.43510545,1.94948914,76,day,2161501.663
1820,1,MS,3,hiddenzone,0.4747872,8,0.24545102,0.02340554,76,day,4315646.081
1820,1,MS,4,hiddenzone,0.2476153,8,0.0396223,0.00469575,76,day,2161501.663
1820,1,MS,5,hiddenzone,123.6316683,8,16.43510545,1.94948914,76,day,2161501.663
1821,1,MS,3,hiddenzone,0.4747872,8,0.24545102,0.02340554,76,day,4317146.081
1821,1,MS,4,hiddenzone,0.2476153,8,0.0396223,0.00469575,76,day,2161501.663
1821,1,MS,5,hiddenzone,123.6316683,8,16.43510545,1.94948914,76,day,2161501.663
1822,1,MS,3,hiddenzone,0.4747872,8,0.24545102,0.02340554,76,day,4318646.081
1822,1,MS,4,hiddenzone,0.2476153,8,0.0396223,0.00469575,76,day,2161501.663
1822,1,MS,5,hiddenzone,123.6316683,8,16.43510545,1.94948914,76,day,2161501.663
1823,1,MS,3,hiddenzone,0.4747872,8,0.24545102,0.02340554,76,night,4320146.081
1823,1,MS,4,hiddenzone,0.2476153,8,0.0396223,0.00469575,76,night,2161501.663
1823,1,MS,5,hiddenzone,123.6316683,8,16.43510545,1.94948914,76,night,2161501.663
1824,1,MS,3,hiddenzone,0.4747872,8,0.24545102,0.02340554,77,night,4321646.081
1824,1,MS,4,hiddenzone,0.2476153,8,0.0396223,0.00469575,77,night,2161501.663
1824,1,MS,5,hiddenzone,123.6316683,8,16.43510545,1.94948914,77,night,2161501.663
1825,1,MS,3,hiddenzone,0.4747872,8,0.24545102,0.02340554,77,night,4323146.081
1825,1,MS,4,hiddenzone,0.2476153,8,0.0396223,0.00469575,77,night,2161501.663
1825,1,MS,5,hiddenzone,123.6316683,8,16.43510545,1.94948914,77,night,2161501.663
1826,1,MS,3,hiddenzone,0.4747872,8,0.24545102,0.02340554,77,night,4324646.081
1826,1,MS,4,hiddenzone,0.2476153,8,0.0396223,0.00469575,77,night,2161501.663
1826,1,MS,5,hiddenzone,123.6316683,8,16.43510545,1.94948914,77,night,2161501.663
1827,1,MS,3,hiddenzone,0.4747872,8,0.24545102,0.02340554,77,night,4326146.081
1827,1,MS,4,hiddenzone,0.2476153,8,0.0396223,0.00469575,77,night,2161501.663
1827,1,MS,5,hiddenzone,123.6316683,8,16.43510545,1.94948914,77,night,2161501.663
1828,1,MS,3,hiddenzone,0.4747872,8,0.24545102,0.02340554,77,night,4327646.081
1828,1,MS,4,hiddenzone,0.2476153,8,0.0396223,0.00469575,77,night,2161501.663
1828,1,MS,5,hiddenzone,123.6316683,8,16.43510545,1.94948914,77,night,2161501.663
1829,1,MS,3,hiddenzone,0.4747872,8,0.24545102,0.02340554,77,night,4329146.081
1829,1,MS,4,hiddenzone,0.2476153,8,0.0396223,0.00469575,77,night,2161501.663
1829,1,MS,5,hiddenzone,123.6316683,8,16.43510545,1.94948914,77,night,2161501.663
1830,1,MS,3,hiddenzone,0.4747872,8,0.24545102,0.02340554,77,night,4330646.081
1830,1,MS,4,hiddenzone,0.2476153,8,0.0396223,0.00469575,77,night,2161501.663
1830,1,MS,5,hiddenzone,123.6316683,8,16.43510545,1.94948914,77,night,2161501.663
1831,1,MS,3,hiddenzone,0.4747872,8,0.24545102,0.02340554,77,day,4332146.081
1831,1,MS,4,hiddenzone,0.2476153,8,0.0396223,0.00469575,77,day,2161501.663
1831,1,MS,5,hiddenzone,123.6316683,8,16.43510545,1.94948914,77,day,2161501.663
1832,1,MS,3,hiddenzone,0.4747872,8,0.24545102,0.02340554,77,day,4333646.081
1832,1,MS,4,hiddenzone,0.2476153,8,0.0396223,0.00469575,77,day,2161501.663
1832,1,MS,5,hiddenzone,123.6316683,8,16.43510545,1.94948914,77,day,2161501.663
1833,1,MS,3,hiddenzone,0.4747872,8,0.24545102,0.02340554,77,day,4335146.081
1833,1,MS,4,hiddenzone,0.2476153,8,0.0396223,0.00469575,77,day,2161501.663
1833,1,MS,5,hiddenzone,123.6316683,8,16.43510545,1.94948914,77,day,2161501.663
1834,1,MS,3,hiddenzone,0.4747872,8,0.24545102,0.02340554,77,day,4336646.081
1834,1,MS,4,hiddenzone,0.2476153,8,0.0396223,0.00469575,77,day,2161501.663
1834,1,MS,5,hiddenzone,123.6316683,8,16.43510545,1.94948914,77,day,2161501.663
1835,1,MS,3,hiddenzone,0.4747872,8,0.24545102,0.02340554,77,day,4338146.081
1835,1,MS,4,hiddenzone,0.2476153,8,0.0396223,0.00469575,77,day,2161501.663
1835,1,MS,5,hiddenzone,123.6316683,8,16.43510545,1.94948914,77,day,2161501.663
1836,1,MS,3,hiddenzone,0.4747872,8,0.24545102,0.02340554,77,day,4339646.081
1836,1,MS,4,hiddenzone,0.2476153,8,0.0396223,0.00469575,77,day,2161501.663
1836,1,MS,5,hiddenzone,123.6316683,8,16.43510545,1.94948914,77,day,2161501.663
1837,1,MS,3,hiddenzone,0.4747872,8,0.24545102,0.02340554,77,day,4341146.081
1837,1,MS,4,hiddenzone,0.2476153,8,0.0396223,0.00469575,77,day,2161501.663
1837,1,MS,5,hiddenzone,123.6316683,8,16.43510545,1.94948914,77,day,2161501.663
1838,1,MS,3,hiddenzone,0.4747872,8,0.24545102,0.02340554,77,day,4342646.081
1838,1,MS,4,hiddenzone,0.2476153,8,0.0396223,0.00469575,77,day,2161501.663
1838,1,MS,5,hiddenzone,123.6316683,8,16.43510545,1.94948914,77,day,2161501.663
1839,1,MS,3,hiddenzone,0.4747872,8,0.24545102,0.02340554,77,day,4344146.081
1839,1,MS,4,hiddenzone,0.2476153,8,0.0396223,0.00469575,77,day,2161501.663
1839,1,MS,5,hiddenzone,123.6316683,8,16.43510545,1.94948914,77,day,2161501.663
1840,1,MS,3,hiddenzone,0.4747872,8,0.24545102,0.02340554,77,day,4345646.081
1840,1,MS,4,hiddenzone,0.2476153,8,0.0396223,0.00469575,77,day,2161501.663
1840,1,MS,5,hiddenzone,123.6316683,8,16.43510545,1.94948914,77,day,2161501.663
1841,1,MS,3,hiddenzone,0.4747872,8,0.24545102,0.02340554,77,day,4347146.081
1841,1,MS,4,hiddenzone,0.2476153,8,0.0396223,0.00469575,77,day,2161501.663
1841,1,MS,5,hiddenzone,123.6316683,8,16.43510545,1.94948914,77,day,2161501.663
1842,1,MS,3,hiddenzone,0.4747872,8,0.24545102,0.02340554,77,day,4348646.081
1842,1,MS,4,hiddenzone,0.2476153,8,0.0396223,0.00469575,77,day,2161501.663
1842,1,MS,5,hiddenzone,123.6316683,8,16.43510545,1.94948914,77,day,2161501.663
1843,1,MS,3,hiddenzone,0.4747872,8,0.24545102,0.02340554,77,day,4350146.081
1843,1,MS,4,hiddenzone,0.2476153,8,0.0396223,0.00469575,77,day,2161501.663
1843,1,MS,5,hiddenzone,123.6316683,8,16.43510545,1.94948914,77,day,2161501.663
1844,1,MS,3,hiddenzone,0.4747872,8,0.24545102,0.02340554,77,day,4351646.081
1844,1,MS,4,hiddenzone,0.2476153,8,0.0396223,0.00469575,77,day,2161501.663
1844,1,MS,5,hiddenzone,123.6316683,8,16.43510545,1.94948914,77,day,2161501.663
1845,1,MS,3,hiddenzone,0.4747872,8,0.24545102,0.02340554,77,day,4353146.081
1845,1,MS,4,hiddenzone,0.2476153,8,0.0396223,0.00469575,77,day,2161501.663
1845,1,MS,5,hiddenzone,123.6316683,8,16.43510545,1.94948914,77,day,2161501.663
1846,1,MS,3,hiddenzone,0.4747872,8,0.24545102,0.02340554,77,day,4354646.081
1846,1,MS,4,hiddenzone,0.2476153,8,0.0396223,0.00469575,77,day,2161501.663
1846,1,MS,5,hiddenzone,123.6316683,8,16.43510545,1.94948914,77,day,2161501.663
1847,1,MS,3,hiddenzone,0.4747872,8,0.24545102,0.02340554,77,night,4356146.081
1847,1,MS,4,hiddenzone,0.2476153,8,0.0396223,0.00469575,77,night,2161501.663
1847,1,MS,5,hiddenzone,123.6316683,8,16.43510545,1.94948914,77,night,2161501.663
1848,1,MS,3,hiddenzone,0.4747872,8,0.24545102,0.02340554,78,night,4357646.081
1848,1,MS,4,hiddenzone,0.2476153,8,0.0396223,0.00469575,78,night,2161501.663
1848,1,MS,5,hiddenzone,123.6316683,8,16.43510545,1.94948914,78,night,2161501.663
1849,1,MS,3,hiddenzone,0.4747872,8,0.24545102,0.02340554,78,night,4359146.081
1849,1,MS,4,hiddenzone,0.2476153,8,0.0396223,0.00469575,78,night,2161501.663
1849,1,MS,5,hiddenzone,123.6316683,8,16.43510545,1.94948914,78,night,2161501.663
1850,1,MS,3,hiddenzone,0.4747872,8,0.24545102,0.02340554,78,night,4360646.081
1850,1,MS,4,hiddenzone,0.2476153,8,0.0396223,0.00469575,78,night,2161501.663
1850,1,MS,5,hiddenzone,123.6316683,8,16.43510545,1.94948914,78,night,2161501.663
1851,1,MS,3,hiddenzone,0.4747872,8,0.24545102,0.02340554,78,night,4362146.081
1851,1,MS,4,hiddenzone,0.2476153,8,0.0396223,0.00469575,78,night,2161501.663
1851,1,MS,5,hiddenzone,123.6316683,8,16.43510545,1.94948914,78,night,2161501.663
1852,1,MS,3,hiddenzone,0.4747872,8,0.24545102,0.02340554,78,night,4363646.081
1852,1,MS,4,hiddenzone,0.2476153,8,0.0396223,0.00469575,78,night,2161501.663
1852,1,MS,5,hiddenzone,123.6316683,8,16.43510545,1.94948914,78,night,2161501.663
1853,1,MS,3,hiddenzone,0.4747872,8,0.24545102,0.02340554,78,night,4365146.081
1853,1,MS,4,hiddenzone,0.2476153,8,0.0396223,0.00469575,78,night,2161501.663
1853,1,MS,5,hiddenzone,123.6316683,8,16.43510545,1.94948914,78,night,2161501.663
1854,1,MS,3,hiddenzone,0.4747872,8,0.24545102,0.02340554,78,night,4366646.081
1854,1,MS,4,hiddenzone,0.2476153,8,0.0396223,0.00469575,78,night,2161501.663
1854,1,MS,5,hiddenzone,123.6316683,8,16.43510545,1.94948914,78,night,2161501.663
1855,1,MS,3,hiddenzone,0.4747872,8,0.24545102,0.02340554,78,day,4368146.081
1855,1,MS,4,hiddenzone,0.2476153,8,0.0396223,0.00469575,78,day,2161501.663
1855,1,MS,5,hiddenzone,123.6316683,8,16.43510545,1.94948914,78,day,2161501.663
1856,1,MS,3,hiddenzone,0.4747872,8,0.24545102,0.02340554,78,day,4369646.081
1856,1,MS,4,hiddenzone,0.2476153,8,0.0396223,0.00469575,78,day,2161501.663
1856,1,MS,5,hiddenzone,123.6316683,8,16.43510545,1.94948914,78,day,2161501.663
1857,1,MS,3,hiddenzone,0.4747872,8,0.24545102,0.02340554,78,day,4371146.081
1857,1,MS,4,hiddenzone,0.2476153,8,0.0396223,0.00469575,78,day,2161501.663
1857,1,MS,5,hiddenzone,123.6316683,8,16.43510545,1.94948914,78,day,2161501.663
1858,1,MS,3,hiddenzone,0.4747872,8,0.24545102,0.02340554,78,day,4372646.081
1858,1,MS,4,hiddenzone,0.2476153,8,0.0396223,0.00469575,78,day,2161501.663
1858,1,MS,5,hiddenzone,123.6316683,8,16.43510545,1.94948914,78,day,2161501.663
1859,1,MS,3,hiddenzone,0.4747872,8,0.24545102,0.02340554,78,day,4374146.081
1859,1,MS,4,hiddenzone,0.2476153,8,0.0396223,0.00469575,78,day,2161501.663
1859,1,MS,5,hiddenzone,123.6316683,8,16.43510545,1.94948914,78,day,2161501.663
1860,1,MS,3,hiddenzone,0.4747872,8,0.24545102,0.02340554,78,day,4375646.081
1860,1,MS,4,hiddenzone,0.2476153,8,0.0396223,0.00469575,78,day,2161501.663
1860,1,MS,5,hiddenzone,123.6316683,8,16.43510545,1.94948914,78,day,2161501.663
1861,1,MS,3,hiddenzone,0.4747872,8,0.24545102,0.02340554,78,day,4377146.081
1861,1,MS,4,hiddenzone,0.2476153,8,0.0396223,0.00469575,78,day,2161501.663
1861,1,MS,5,hiddenzone,123.6316683,8,16.43510545,1.94948914,78,day,2161501.663
1862,1,MS,3,hiddenzone,0.4747872,8,0.24545102,0.02340554,78,day,4378646.081
1862,1,MS,4,hiddenzone,0.2476153,8,0.0396223,0.00469575,78,day,2161501.663
1862,1,MS,5,hiddenzone,123.6316683,8,16.43510545,1.94948914,78,day,2161501.663
1863,1,MS,3,hiddenzone,0.4747872,8,0.24545102,0.02340554,78,day,4380146.081
1863,1,MS,4,hiddenzone,0.2476153,8,0.0396223,0.00469575,78,day,2161501.663
1863,1,MS,5,hiddenzone,123.6316683,8,16.43510545,1.94948914,78,day,2161501.663
1864,1,MS,3,hiddenzone,0.4747872,8,0.24545102,0.02340554,78,day,4381646.081
1864,1,MS,4,hiddenzone,0.2476153,8,0.0396223,0.00469575,78,day,2161501.663
1864,1,MS,5,hiddenzone,123.6316683,8,16.43510545,1.94948914,78,day,2161501.663
1865,1,MS,3,hiddenzone,0.4747872,8,0.24545102,0.02340554,78,day,4383146.081
1865,1,MS,4,hiddenzone,0.2476153,8,0.0396223,0.00469575,78,day,2161501.663
1865,1,MS,5,hiddenzone,123.6316683,8,16.43510545,1.94948914,78,day,2161501.663
1866,1,MS,3,hiddenzone,0.4747872,8,0.24545102,0.02340554,78,day,4384646.081
1866,1,MS,4,hiddenzone,0.2476153,8,0.0396223,0.00469575,78,day,2161501.663
1866,1,MS,5,hiddenzone,123.6316683,8,16.43510545,1.94948914,78,day,2161501.663
1867,1,MS,3,hiddenzone,0.4747872,8,0.24545102,0.02340554,78,day,4386146.081
1867,1,MS,4,hiddenzone,0.2476153,8,0.0396223,0.00469575,78,day,2161501.663
1867,1,MS,5,hiddenzone,123.6316683,8,16.43510545,1.94948914,78,day,2161501.663
1868,1,MS,3,hiddenzone,0.4747872,8,0.24545102,0.02340554,78,day,4387646.081
1868,1,MS,4,hiddenzone,0.2476153,8,0.0396223,0.00469575,78,day,2161501.663
1868,1,MS,5,hiddenzone,123.6316683,8,16.43510545,1.94948914,78,day,2161501.663
1869,1,MS,3,hiddenzone,0.4747872,8,0.24545102,0.02340554,78,day,4389146.081
1869,1,MS,4,hiddenzone,0.2476153,8,0.0396223,0.00469575,78,day,2161501.663
1869,1,MS,5,hiddenzone,123.6316683,8,16.43510545,1.94948914,78,day,2161501.663
1870,1,MS,3,hiddenzone,0.4747872,8,0.24545102,0.02340554,78,day,4390646.081
1870,1,MS,4,hiddenzone,0.2476153,8,0.0396223,0.00469575,78,day,2161501.663
1870,1,MS,5,hiddenzone,123.6316683,8,16.43510545,1.94948914,78,day,2161501.663
1871,1,MS,3,hiddenzone,0.4747872,8,0.24545102,0.02340554,78,night,4392146.081
1871,1,MS,4,hiddenzone,0.2476153,8,0.0396223,0.00469575,78,night,2161501.663
1871,1,MS,5,hiddenzone,123.6316683,8,16.43510545,1.94948914,78,night,2161501.663
1872,1,MS,3,hiddenzone,0.4747872,8,0.24545102,0.02340554,79,night,4393646.081
1872,1,MS,4,hiddenzone,0.2476153,8,0.0396223,0.00469575,79,night,2161501.663
1872,1,MS,5,hiddenzone,123.6316683,8,16.43510545,1.94948914,79,night,2161501.663
1873,1,MS,3,hiddenzone,0.4747872,8,0.24545102,0.02340554,79,night,4395146.081
1873,1,MS,4,hiddenzone,0.2476153,8,0.0396223,0.00469575,79,night,2161501.663
1873,1,MS,5,hiddenzone,123.6316683,8,16.43510545,1.94948914,79,night,2161501.663
1874,1,MS,3,hiddenzone,0.4747872,8,0.24545102,0.02340554,79,night,4396646.081
1874,1,MS,4,hiddenzone,0.2476153,8,0.0396223,0.00469575,79,night,2161501.663
1874,1,MS,5,hiddenzone,123.6316683,8,16.43510545,1.94948914,79,night,2161501.663
1875,1,MS,3,hiddenzone,0.4747872,8,0.24545102,0.02340554,79,night,4398146.081
1875,1,MS,4,hiddenzone,0.2476153,8,0.0396223,0.00469575,79,night,2161501.663
1875,1,MS,5,hiddenzone,123.6316683,8,16.43510545,1.94948914,79,night,2161501.663
1876,1,MS,3,hiddenzone,0.4747872,8,0.24545102,0.02340554,79,night,4399646.081
1876,1,MS,4,hiddenzone,0.2476153,8,0.0396223,0.00469575,79,night,2161501.663
1876,1,MS,5,hiddenzone,123.6316683,8,16.43510545,1.94948914,79,night,2161501.663
1877,1,MS,3,hiddenzone,0.4747872,8,0.24545102,0.02340554,79,night,4401146.081
1877,1,MS,4,hiddenzone,0.2476153,8,0.0396223,0.00469575,79,night,2161501.663
1877,1,MS,5,hiddenzone,123.6316683,8,16.43510545,1.94948914,79,night,2161501.663
1878,1,MS,3,hiddenzone,0.4747872,8,0.24545102,0.02340554,79,night,4402646.081
1878,1,MS,4,hiddenzone,0.2476153,8,0.0396223,0.00469575,79,night,2161501.663
1878,1,MS,5,hiddenzone,123.6316683,8,16.43510545,1.94948914,79,night,2161501.663
1879,1,MS,3,hiddenzone,0.4747872,8,0.24545102,0.02340554,79,day,4404146.081
1879,1,MS,4,hiddenzone,0.2476153,8,0.0396223,0.00469575,79,day,2161501.663
1879,1,MS,5,hiddenzone,123.6316683,8,16.43510545,1.94948914,79,day,2161501.663
1880,1,MS,3,hiddenzone,0.4747872,8,0.24545102,0.02340554,79,day,4405646.081
1880,1,MS,4,hiddenzone,0.2476153,8,0.0396223,0.00469575,79,day,2161501.663
1880,1,MS,5,hiddenzone,123.6316683,8,16.43510545,1.94948914,79,day,2161501.663
1881,1,MS,3,hiddenzone,0.4747872,8,0.24545102,0.02340554,79,day,4407146.081
1881,1,MS,4,hiddenzone,0.2476153,8,0.0396223,0.00469575,79,day,2161501.663
1881,1,MS,5,hiddenzone,123.6316683,8,16.43510545,1.94948914,79,day,2161501.663
1882,1,MS,3,hiddenzone,0.4747872,8,0.24545102,0.02340554,79,day,4408646.081
1882,1,MS,4,hiddenzone,0.2476153,8,0.0396223,0.00469575,79,day,2161501.663
1882,1,MS,5,hiddenzone,123.6316683,8,16.43510545,1.94948914,79,day,2161501.663
1883,1,MS,3,hiddenzone,0.4747872,8,0.24545102,0.02340554,79,day,4410146.081
1883,1,MS,4,hiddenzone,0.2476153,8,0.0396223,0.00469575,79,day,2161501.663
1883,1,MS,5,hiddenzone,123.6316683,8,16.43510545,1.94948914,79,day,2161501.663
1884,1,MS,3,hiddenzone,0.4747872,8,0.24545102,0.02340554,79,day,4411646.081
1884,1,MS,4,hiddenzone,0.2476153,8,0.0396223,0.00469575,79,day,2161501.663
1884,1,MS,5,hiddenzone,123.6316683,8,16.43510545,1.94948914,79,day,2161501.663
1885,1,MS,3,hiddenzone,0.4747872,8,0.24545102,0.02340554,79,day,4413146.081
1885,1,MS,4,hiddenzone,0.2476153,8,0.0396223,0.00469575,79,day,2161501.663
1885,1,MS,5,hiddenzone,123.6316683,8,16.43510545,1.94948914,79,day,2161501.663
1886,1,MS,3,hiddenzone,0.4747872,8,0.24545102,0.02340554,79,day,4414646.081
1886,1,MS,4,hiddenzone,0.2476153,8,0.0396223,0.00469575,79,day,2161501.663
1886,1,MS,5,hiddenzone,123.6316683,8,16.43510545,1.94948914,79,day,2161501.663
1887,1,MS,3,hiddenzone,0.4747872,8,0.24545102,0.02340554,79,day,4416146.081
1887,1,MS,4,hiddenzone,0.2476153,8,0.0396223,0.00469575,79,day,2161501.663
1887,1,MS,5,hiddenzone,123.6316683,8,16.43510545,1.94948914,79,day,2161501.663
1888,1,MS,3,hiddenzone,0.4747872,8,0.24545102,0.02340554,79,day,4417646.081
1888,1,MS,4,hiddenzone,0.2476153,8,0.0396223,0.00469575,79,day,2161501.663
1888,1,MS,5,hiddenzone,123.6316683,8,16.43510545,1.94948914,79,day,2161501.663
1889,1,MS,3,hiddenzone,0.4747872,8,0.24545102,0.02340554,79,day,4419146.081
1889,1,MS,4,hiddenzone,0.2476153,8,0.0396223,0.00469575,79,day,2161501.663
1889,1,MS,5,hiddenzone,123.6316683,8,16.43510545,1.94948914,79,day,2161501.663
1890,1,MS,3,hiddenzone,0.4747872,8,0.24545102,0.02340554,79,day,4420646.081
1890,1,MS,4,hiddenzone,0.2476153,8,0.0396223,0.00469575,79,day,2161501.663
1890,1,MS,5,hiddenzone,123.6316683,8,16.43510545,1.94948914,79,day,2161501.663
1891,1,MS,3,hiddenzone,0.4747872,8,0.24545102,0.02340554,79,day,4422146.081
1891,1,MS,4,hiddenzone,0.2476153,8,0.0396223,0.00469575,79,day,2161501.663
1891,1,MS,5,hiddenzone,123.6316683,8,16.43510545,1.94948914,79,day,2161501.663
1892,1,MS,3,hiddenzone,0.4747872,8,0.24545102,0.02340554,79,day,4423646.081
1892,1,MS,4,hiddenzone,0.2476153,8,0.0396223,0.00469575,79,day,2161501.663
1892,1,MS,5,hiddenzone,123.6316683,8,16.43510545,1.94948914,79,day,2161501.663
1893,1,MS,3,hiddenzone,0.4747872,8,0.24545102,0.02340554,79,day,4425146.081
1893,1,MS,4,hiddenzone,0.2476153,8,0.0396223,0.00469575,79,day,2161501.663
1893,1,MS,5,hiddenzone,123.6316683,8,16.43510545,1.94948914,79,day,2161501.663
1894,1,MS,3,hiddenzone,0.4747872,8,0.24545102,0.02340554,79,day,4426646.081
1894,1,MS,4,hiddenzone,0.2476153,8,0.0396223,0.00469575,79,day,2161501.663
1894,1,MS,5,hiddenzone,123.6316683,8,16.43510545,1.94948914,79,day,2161501.663
1895,1,MS,3,hiddenzone,0.4747872,8,0.24545102,0.02340554,79,night,4428146.081
1895,1,MS,4,hiddenzone,0.2476153,8,0.0396223,0.00469575,79,night,2161501.663
1895,1,MS,5,hiddenzone,123.6316683,8,16.43510545,1.94948914,79,night,2161501.663
1896,1,MS,3,hiddenzone,0.4747872,8,0.24545102,0.02340554,80,night,4429646.081
1896,1,MS,4,hiddenzone,0.2476153,8,0.0396223,0.00469575,80,night,2161501.663
1896,1,MS,5,hiddenzone,123.6316683,8,16.43510545,1.94948914,80,night,2161501.663
1897,1,MS,3,hiddenzone,0.4747872,8,0.24545102,0.02340554,80,night,4431146.081
1897,1,MS,4,hiddenzone,0.2476153,8,0.0396223,0.00469575,80,night,2161501.663
1897,1,MS,5,hiddenzone,123.6316683,8,16.43510545,1.94948914,80,night,2161501.663
1898,1,MS,3,hiddenzone,0.4747872,8,0.24545102,0.02340554,80,night,4432646.081
1898,1,MS,4,hiddenzone,0.2476153,8,0.0396223,0.00469575,80,night,2161501.663
1898,1,MS,5,hiddenzone,123.6316683,8,16.43510545,1.94948914,80,night,2161501.663
1899,1,MS,3,hiddenzone,0.4747872,8,0.24545102,0.02340554,80,night,4434146.081
1899,1,MS,4,hiddenzone,0.2476153,8,0.0396223,0.00469575,80,night,2161501.663
1899,1,MS,5,hiddenzone,123.6316683,8,16.43510545,1.94948914,80,night,2161501.663
1900,1,MS,3,hiddenzone,0.4747872,8,0.24545102,0.02340554,80,night,4435646.081
1900,1,MS,4,hiddenzone,0.2476153,8,0.0396223,0.00469575,80,night,2161501.663
1900,1,MS,5,hiddenzone,123.6316683,8,16.43510545,1.94948914,80,night,2161501.663
1901,1,MS,3,hiddenzone,0.4747872,8,0.24545102,0.02340554,80,night,4437146.081
1901,1,MS,4,hiddenzone,0.2476153,8,0.0396223,0.00469575,80,night,2161501.663
1901,1,MS,5,hiddenzone,123.6316683,8,16.43510545,1.94948914,80,night,2161501.663
1902,1,MS,3,hiddenzone,0.4747872,8,0.24545102,0.02340554,80,night,4438646.081
1902,1,MS,4,hiddenzone,0.2476153,8,0.0396223,0.00469575,80,night,2161501.663
1902,1,MS,5,hiddenzone,123.6316683,8,16.43510545,1.94948914,80,night,2161501.663
1903,1,MS,3,hiddenzone,0.4747872,8,0.24545102,0.02340554,80,day,4440146.081
1903,1,MS,4,hiddenzone,0.2476153,8,0.0396223,0.00469575,80,day,2161501.663
1903,1,MS,5,hiddenzone,123.6316683,8,16.43510545,1.94948914,80,day,2161501.663
1904,1,MS,3,hiddenzone,0.4747872,8,0.24545102,0.02340554,80,day,4441646.081
1904,1,MS,4,hiddenzone,0.2476153,8,0.0396223,0.00469575,80,day,2161501.663
1904,1,MS,5,hiddenzone,123.6316683,8,16.43510545,1.94948914,80,day,2161501.663
1905,1,MS,3,hiddenzone,0.4747872,8,0.24545102,0.02340554,80,day,4443146.081
1905,1,MS,4,hiddenzone,0.2476153,8,0.0396223,0.00469575,80,day,2161501.663
1905,1,MS,5,hiddenzone,123.6316683,8,16.43510545,1.94948914,80,day,2161501.663
1906,1,MS,3,hiddenzone,0.4747872,8,0.24545102,0.02340554,80,day,4444646.081
1906,1,MS,4,hiddenzone,0.2476153,8,0.0396223,0.00469575,80,day,2161501.663
1906,1,MS,5,hiddenzone,123.6316683,8,16.43510545,1.94948914,80,day,2161501.663
1907,1,MS,3,hiddenzone,0.4747872,8,0.24545102,0.02340554,80,day,4446146.081
1907,1,MS,4,hiddenzone,0.2476153,8,0.0396223,0.00469575,80,day,2161501.663
1907,1,MS,5,hiddenzone,123.6316683,8,16.43510545,1.94948914,80,day,2161501.663
1908,1,MS,3,hiddenzone,0.4747872,8,0.24545102,0.02340554,80,day,4447646.081
1908,1,MS,4,hiddenzone,0.2476153,8,0.0396223,0.00469575,80,day,2161501.663
1908,1,MS,5,hiddenzone,123.6316683,8,16.43510545,1.94948914,80,day,2161501.663
1909,1,MS,3,hiddenzone,0.4747872,8,0.24545102,0.02340554,80,day,4449146.081
1909,1,MS,4,hiddenzone,0.2476153,8,0.0396223,0.00469575,80,day,2161501.663
1909,1,MS,5,hiddenzone,123.6316683,8,16.43510545,1.94948914,80,day,2161501.663
1910,1,MS,3,hiddenzone,0.4747872,8,0.24545102,0.02340554,80,day,4450646.081
1910,1,MS,4,hiddenzone,0.2476153,8,0.0396223,0.00469575,80,day,2161501.663
1910,1,MS,5,hiddenzone,123.6316683,8,16.43510545,1.94948914,80,day,2161501.663
1911,1,MS,3,hiddenzone,0.4747872,8,0.24545102,0.02340554,80,day,4452146.081
1911,1,MS,4,hiddenzone,0.2476153,8,0.0396223,0.00469575,80,day,2161501.663
1911,1,MS,5,hiddenzone,123.6316683,8,16.43510545,1.94948914,80,day,2161501.663
1912,1,MS,3,hiddenzone,0.4747872,8,0.24545102,0.02340554,80,day,4453646.081
1912,1,MS,4,hiddenzone,0.2476153,8,0.0396223,0.00469575,80,day,2161501.663
1912,1,MS,5,hiddenzone,123.6316683,8,16.43510545,1.94948914,80,day,2161501.663
1913,1,MS,3,hiddenzone,0.4747872,8,0.24545102,0.02340554,80,day,4455146.081
1913,1,MS,4,hiddenzone,0.2476153,8,0.0396223,0.00469575,80,day,2161501.663
1913,1,MS,5,hiddenzone,123.6316683,8,16.43510545,1.94948914,80,day,2161501.663
1914,1,MS,3,hiddenzone,0.4747872,8,0.24545102,0.02340554,80,day,4456646.081
1914,1,MS,4,hiddenzone,0.2476153,8,0.0396223,0.00469575,80,day,2161501.663
1914,1,MS,5,hiddenzone,123.6316683,8,16.43510545,1.94948914,80,day,2161501.663
1915,1,MS,3,hiddenzone,0.4747872,8,0.24545102,0.02340554,80,day,4458146.081
1915,1,MS,4,hiddenzone,0.2476153,8,0.0396223,0.00469575,80,day,2161501.663
1915,1,MS,5,hiddenzone,123.6316683,8,16.43510545,1.94948914,80,day,2161501.663
1916,1,MS,3,hiddenzone,0.4747872,8,0.24545102,0.02340554,80,day,4459646.081
1916,1,MS,4,hiddenzone,0.2476153,8,0.0396223,0.00469575,80,day,2161501.663
1916,1,MS,5,hiddenzone,123.6316683,8,16.43510545,1.94948914,80,day,2161501.663
1917,1,MS,3,hiddenzone,0.4747872,8,0.24545102,0.02340554,80,day,4461146.081
1917,1,MS,4,hiddenzone,0.2476153,8,0.0396223,0.00469575,80,day,2161501.663
1917,1,MS,5,hiddenzone,123.6316683,8,16.43510545,1.94948914,80,day,2161501.663
1918,1,MS,3,hiddenzone,0.4747872,8,0.24545102,0.02340554,80,day,4462646.081
1918,1,MS,4,hiddenzone,0.2476153,8,0.0396223,0.00469575,80,day,2161501.663
1918,1,MS,5,hiddenzone,123.6316683,8,16.43510545,1.94948914,80,day,2161501.663
1919,1,MS,3,hiddenzone,0.4747872,8,0.24545102,0.02340554,80,night,4464146.081
1919,1,MS,4,hiddenzone,0.2476153,8,0.0396223,0.00469575,80,night,2161501.663
1919,1,MS,5,hiddenzone,123.6316683,8,16.43510545,1.94948914,80,night,2161501.663
1920,1,MS,3,hiddenzone,0.4747872,8,0.24545102,0.02340554,81,night,4465646.081
1920,1,MS,4,hiddenzone,0.2476153,8,0.0396223,0.00469575,81,night,2161501.663
1920,1,MS,5,hiddenzone,123.6316683,8,16.43510545,1.94948914,81,night,2161501.663
1921,1,MS,3,hiddenzone,0.4747872,8,0.24545102,0.02340554,81,night,4467146.081
1921,1,MS,4,hiddenzone,0.2476153,8,0.0396223,0.00469575,81,night,2161501.663
1921,1,MS,5,hiddenzone,123.6316683,8,16.43510545,1.94948914,81,night,2161501.663
1922,1,MS,3,hiddenzone,0.4747872,8,0.24545102,0.02340554,81,night,4468646.081
1922,1,MS,4,hiddenzone,0.2476153,8,0.0396223,0.00469575,81,night,2161501.663
1922,1,MS,5,hiddenzone,123.6316683,8,16.43510545,1.94948914,81,night,2161501.663
1923,1,MS,3,hiddenzone,0.4747872,8,0.24545102,0.02340554,81,night,4470146.081
1923,1,MS,4,hiddenzone,0.2476153,8,0.0396223,0.00469575,81,night,2161501.663
1923,1,MS,5,hiddenzone,123.6316683,8,16.43510545,1.94948914,81,night,2161501.663
1924,1,MS,3,hiddenzone,0.4747872,8,0.24545102,0.02340554,81,night,4471646.081
1924,1,MS,4,hiddenzone,0.2476153,8,0.0396223,0.00469575,81,night,2161501.663
1924,1,MS,5,hiddenzone,123.6316683,8,16.43510545,1.94948914,81,night,2161501.663
1925,1,MS,3,hiddenzone,0.4747872,8,0.24545102,0.02340554,81,night,4473146.081
1925,1,MS,4,hiddenzone,0.2476153,8,0.0396223,0.00469575,81,night,2161501.663
1925,1,MS,5,hiddenzone,123.6316683,8,16.43510545,1.94948914,81,night,2161501.663
1926,1,MS,3,hiddenzone,0.4747872,8,0.24545102,0.02340554,81,night,4474646.081
1926,1,MS,4,hiddenzone,0.2476153,8,0.0396223,0.00469575,81,night,2161501.663
1926,1,MS,5,hiddenzone,123.6316683,8,16.43510545,1.94948914,81,night,2161501.663
1927,1,MS,3,hiddenzone,0.4747872,8,0.24545102,0.02340554,81,day,4476146.081
1927,1,MS,4,hiddenzone,0.2476153,8,0.0396223,0.00469575,81,day,2161501.663
1927,1,MS,5,hiddenzone,123.6316683,8,16.43510545,1.94948914,81,day,2161501.663
1928,1,MS,3,hiddenzone,0.4747872,8,0.24545102,0.02340554,81,day,4477646.081
1928,1,MS,4,hiddenzone,0.2476153,8,0.0396223,0.00469575,81,day,2161501.663
1928,1,MS,5,hiddenzone,123.6316683,8,16.43510545,1.94948914,81,day,2161501.663
1929,1,MS,3,hiddenzone,0.4747872,8,0.24545102,0.02340554,81,day,4479146.081
1929,1,MS,4,hiddenzone,0.2476153,8,0.0396223,0.00469575,81,day,2161501.663
1929,1,MS,5,hiddenzone,123.6316683,8,16.43510545,1.94948914,81,day,2161501.663
1930,1,MS,3,hiddenzone,0.4747872,8,0.24545102,0.02340554,81,day,4480646.081
1930,1,MS,4,hiddenzone,0.2476153,8,0.0396223,0.00469575,81,day,2161501.663
1930,1,MS,5,hiddenzone,123.6316683,8,16.43510545,1.94948914,81,day,2161501.663
1931,1,MS,3,hiddenzone,0.4747872,8,0.24545102,0.02340554,81,day,4482146.081
1931,1,MS,4,hiddenzone,0.2476153,8,0.0396223,0.00469575,81,day,2161501.663
1931,1,MS,5,hiddenzone,123.6316683,8,16.43510545,1.94948914,81,day,2161501.663
1932,1,MS,3,hiddenzone,0.4747872,8,0.24545102,0.02340554,81,day,4483646.081
1932,1,MS,4,hiddenzone,0.2476153,8,0.0396223,0.00469575,81,day,2161501.663
1932,1,MS,5,hiddenzone,123.6316683,8,16.43510545,1.94948914,81,day,2161501.663
1933,1,MS,3,hiddenzone,0.4747872,8,0.24545102,0.02340554,81,day,4485146.081
1933,1,MS,4,hiddenzone,0.2476153,8,0.0396223,0.00469575,81,day,2161501.663
1933,1,MS,5,hiddenzone,123.6316683,8,16.43510545,1.94948914,81,day,2161501.663
1934,1,MS,3,hiddenzone,0.4747872,8,0.24545102,0.02340554,81,day,4486646.081
1934,1,MS,4,hiddenzone,0.2476153,8,0.0396223,0.00469575,81,day,2161501.663
1934,1,MS,5,hiddenzone,123.6316683,8,16.43510545,1.94948914,81,day,2161501.663
1935,1,MS,3,hiddenzone,0.4747872,8,0.24545102,0.02340554,81,day,4488146.081
1935,1,MS,4,hiddenzone,0.2476153,8,0.0396223,0.00469575,81,day,2161501.663
1935,1,MS,5,hiddenzone,123.6316683,8,16.43510545,1.94948914,81,day,2161501.663
1936,1,MS,3,hiddenzone,0.4747872,8,0.24545102,0.02340554,81,day,4489646.081
1936,1,MS,4,hiddenzone,0.2476153,8,0.0396223,0.00469575,81,day,2161501.663
1936,1,MS,5,hiddenzone,123.6316683,8,16.43510545,1.94948914,81,day,2161501.663
1937,1,MS,3,hiddenzone,0.4747872,8,0.24545102,0.02340554,81,day,4491146.081
1937,1,MS,4,hiddenzone,0.2476153,8,0.0396223,0.00469575,81,day,2161501.663
1937,1,MS,5,hiddenzone,123.6316683,8,16.43510545,1.94948914,81,day,2161501.663
1938,1,MS,3,hiddenzone,0.4747872,8,0.24545102,0.02340554,81,day,4492646.081
1938,1,MS,4,hiddenzone,0.2476153,8,0.0396223,0.00469575,81,day,2161501.663
1938,1,MS,5,hiddenzone,123.6316683,8,16.43510545,1.94948914,81,day,2161501.663
1939,1,MS,3,hiddenzone,0.4747872,8,0.24545102,0.02340554,81,day,4494146.081
1939,1,MS,4,hiddenzone,0.2476153,8,0.0396223,0.00469575,81,day,2161501.663
1939,1,MS,5,hiddenzone,123.6316683,8,16.43510545,1.94948914,81,day,2161501.663
1940,1,MS,3,hiddenzone,0.4747872,8,0.24545102,0.02340554,81,day,4495646.081
1940,1,MS,4,hiddenzone,0.2476153,8,0.0396223,0.00469575,81,day,2161501.663
1940,1,MS,5,hiddenzone,123.6316683,8,16.43510545,1.94948914,81,day,2161501.663
1941,1,MS,3,hiddenzone,0.4747872,8,0.24545102,0.02340554,81,day,4497146.081
1941,1,MS,4,hiddenzone,0.2476153,8,0.0396223,0.00469575,81,day,2161501.663
1941,1,MS,5,hiddenzone,123.6316683,8,16.43510545,1.94948914,81,day,2161501.663
1942,1,MS,3,hiddenzone,0.4747872,8,0.24545102,0.02340554,81,day,4498646.081
1942,1,MS,4,hiddenzone,0.2476153,8,0.0396223,0.00469575,81,day,2161501.663
1942,1,MS,5,hiddenzone,123.6316683,8,16.43510545,1.94948914,81,day,2161501.663
1943,1,MS,3,hiddenzone,0.4747872,8,0.24545102,0.02340554,81,night,4500146.081
1943,1,MS,4,hiddenzone,0.2476153,8,0.0396223,0.00469575,81,night,2161501.663
1943,1,MS,5,hiddenzone,123.6316683,8,16.43510545,1.94948914,81,night,2161501.663
1944,1,MS,3,hiddenzone,0.4747872,8,0.24545102,0.02340554,82,night,4501646.081
1944,1,MS,4,hiddenzone,0.2476153,8,0.0396223,0.00469575,82,night,2161501.663
1944,1,MS,5,hiddenzone,123.6316683,8,16.43510545,1.94948914,82,night,2161501.663
1945,1,MS,3,hiddenzone,0.4747872,8,0.24545102,0.02340554,82,night,4503146.081
1945,1,MS,4,hiddenzone,0.2476153,8,0.0396223,0.00469575,82,night,2161501.663
1945,1,MS,5,hiddenzone,123.6316683,8,16.43510545,1.94948914,82,night,2161501.663
1946,1,MS,3,hiddenzone,0.4747872,8,0.24545102,0.02340554,82,night,4504646.081
1946,1,MS,4,hiddenzone,0.2476153,8,0.0396223,0.00469575,82,night,2161501.663
1946,1,MS,5,hiddenzone,123.6316683,8,16.43510545,1.94948914,82,night,2161501.663
1947,1,MS,3,hiddenzone,0.4747872,8,0.24545102,0.02340554,82,night,4506146.081
1947,1,MS,4,hiddenzone,0.2476153,8,0.0396223,0.00469575,82,night,2161501.663
1947,1,MS,5,hiddenzone,123.6316683,8,16.43510545,1.94948914,82,night,2161501.663
1948,1,MS,3,hiddenzone,0.4747872,8,0.24545102,0.02340554,82,night,4507646.081
1948,1,MS,4,hiddenzone,0.2476153,8,0.0396223,0.00469575,82,night,2161501.663
1948,1,MS,5,hiddenzone,123.6316683,8,16.43510545,1.94948914,82,night,2161501.663
1949,1,MS,3,hiddenzone,0.4747872,8,0.24545102,0.02340554,82,night,4509146.081
1949,1,MS,4,hiddenzone,0.2476153,8,0.0396223,0.00469575,82,night,2161501.663
1949,1,MS,5,hiddenzone,123.6316683,8,16.43510545,1.94948914,82,night,2161501.663
1950,1,MS,3,hiddenzone,0.4747872,8,0.24545102,0.02340554,82,night,4510646.081
1950,1,MS,4,hiddenzone,0.2476153,8,0.0396223,0.00469575,82,night,2161501.663
1950,1,MS,5,hiddenzone,123.6316683,8,16.43510545,1.94948914,82,night,2161501.663
1951,1,MS,3,hiddenzone,0.4747872,8,0.24545102,0.02340554,82,day,4512146.081
1951,1,MS,4,hiddenzone,0.2476153,8,0.0396223,0.00469575,82,day,2161501.663
1951,1,MS,5,hiddenzone,123.6316683,8,16.43510545,1.94948914,82,day,2161501.663
1952,1,MS,3,hiddenzone,0.4747872,8,0.24545102,0.02340554,82,day,4513646.081
1952,1,MS,4,hiddenzone,0.2476153,8,0.0396223,0.00469575,82,day,2161501.663
1952,1,MS,5,hiddenzone,123.6316683,8,16.43510545,1.94948914,82,day,2161501.663
1953,1,MS,3,hiddenzone,0.4747872,8,0.24545102,0.02340554,82,day,4515146.081
1953,1,MS,4,hiddenzone,0.2476153,8,0.0396223,0.00469575,82,day,2161501.663
1953,1,MS,5,hiddenzone,123.6316683,8,16.43510545,1.94948914,82,day,2161501.663
1954,1,MS,3,hiddenzone,0.4747872,8,0.24545102,0.02340554,82,day,4516646.081
1954,1,MS,4,hiddenzone,0.2476153,8,0.0396223,0.00469575,82,day,2161501.663
1954,1,MS,5,hiddenzone,123.6316683,8,16.43510545,1.94948914,82,day,2161501.663
1955,1,MS,3,hiddenzone,0.4747872,8,0.24545102,0.02340554,82,day,4518146.081
1955,1,MS,4,hiddenzone,0.2476153,8,0.0396223,0.00469575,82,day,2161501.663
1955,1,MS,5,hiddenzone,123.6316683,8,16.43510545,1.94948914,82,day,2161501.663
1956,1,MS,3,hiddenzone,0.4747872,8,0.24545102,0.02340554,82,day,4519646.081
1956,1,MS,4,hiddenzone,0.2476153,8,0.0396223,0.00469575,82,day,2161501.663
1956,1,MS,5,hiddenzone,123.6316683,8,16.43510545,1.94948914,82,day,2161501.663
1957,1,MS,3,hiddenzone,0.4747872,8,0.24545102,0.02340554,82,day,4521146.081
1957,1,MS,4,hiddenzone,0.2476153,8,0.0396223,0.00469575,82,day,2161501.663
1957,1,MS,5,hiddenzone,123.6316683,8,16.43510545,1.94948914,82,day,2161501.663
1958,1,MS,3,hiddenzone,0.4747872,8,0.24545102,0.02340554,82,day,4522646.081
1958,1,MS,4,hiddenzone,0.2476153,8,0.0396223,0.00469575,82,day,2161501.663
1958,1,MS,5,hiddenzone,123.6316683,8,16.43510545,1.94948914,82,day,2161501.663
1959,1,MS,3,hiddenzone,0.4747872,8,0.24545102,0.02340554,82,day,4524146.081
1959,1,MS,4,hiddenzone,0.2476153,8,0.0396223,0.00469575,82,day,2161501.663
1959,1,MS,5,hiddenzone,123.6316683,8,16.43510545,1.94948914,82,day,2161501.663
1960,1,MS,3,hiddenzone,0.4747872,8,0.24545102,0.02340554,82,day,4525646.081
1960,1,MS,4,hiddenzone,0.2476153,8,0.0396223,0.00469575,82,day,2161501.663
1960,1,MS,5,hiddenzone,123.6316683,8,16.43510545,1.94948914,82,day,2161501.663
1961,1,MS,3,hiddenzone,0.4747872,8,0.24545102,0.02340554,82,day,4527146.081
1961,1,MS,4,hiddenzone,0.2476153,8,0.0396223,0.00469575,82,day,2161501.663
1961,1,MS,5,hiddenzone,123.6316683,8,16.43510545,1.94948914,82,day,2161501.663
1962,1,MS,3,hiddenzone,0.4747872,8,0.24545102,0.02340554,82,day,4528646.081
1962,1,MS,4,hiddenzone,0.2476153,8,0.0396223,0.00469575,82,day,2161501.663
1962,1,MS,5,hiddenzone,123.6316683,8,16.43510545,1.94948914,82,day,2161501.663
1963,1,MS,3,hiddenzone,0.4747872,8,0.24545102,0.02340554,82,day,4530146.081
1963,1,MS,4,hiddenzone,0.2476153,8,0.0396223,0.00469575,82,day,2161501.663
1963,1,MS,5,hiddenzone,123.6316683,8,16.43510545,1.94948914,82,day,2161501.663
1964,1,MS,3,hiddenzone,0.4747872,8,0.24545102,0.02340554,82,day,4531646.081
1964,1,MS,4,hiddenzone,0.2476153,8,0.0396223,0.00469575,82,day,2161501.663
1964,1,MS,5,hiddenzone,123.6316683,8,16.43510545,1.94948914,82,day,2161501.663
1965,1,MS,3,hiddenzone,0.4747872,8,0.24545102,0.02340554,82,day,4533146.081
1965,1,MS,4,hiddenzone,0.2476153,8,0.0396223,0.00469575,82,day,2161501.663
1965,1,MS,5,hiddenzone,123.6316683,8,16.43510545,1.94948914,82,day,2161501.663
1966,1,MS,3,hiddenzone,0.4747872,8,0.24545102,0.02340554,82,day,4534646.081
1966,1,MS,4,hiddenzone,0.2476153,8,0.0396223,0.00469575,82,day,2161501.663
1966,1,MS,5,hiddenzone,123.6316683,8,16.43510545,1.94948914,82,day,2161501.663
1967,1,MS,3,hiddenzone,0.4747872,8,0.24545102,0.02340554,82,night,4536146.081
1967,1,MS,4,hiddenzone,0.2476153,8,0.0396223,0.00469575,82,night,2161501.663
1967,1,MS,5,hiddenzone,123.6316683,8,16.43510545,1.94948914,82,night,2161501.663
1968,1,MS,3,hiddenzone,0.4747872,8,0.24545102,0.02340554,83,night,4537646.081
1968,1,MS,4,hiddenzone,0.2476153,8,0.0396223,0.00469575,83,night,2161501.663
1968,1,MS,5,hiddenzone,123.6316683,8,16.43510545,1.94948914,83,night,2161501.663
1969,1,MS,3,hiddenzone,0.4747872,8,0.24545102,0.02340554,83,night,4539146.081
1969,1,MS,4,hiddenzone,0.2476153,8,0.0396223,0.00469575,83,night,2161501.663
1969,1,MS,5,hiddenzone,123.6316683,8,16.43510545,1.94948914,83,night,2161501.663
1970,1,MS,3,hiddenzone,0.4747872,8,0.24545102,0.02340554,83,night,4540646.081
1970,1,MS,4,hiddenzone,0.2476153,8,0.0396223,0.00469575,83,night,2161501.663
1970,1,MS,5,hiddenzone,123.6316683,8,16.43510545,1.94948914,83,night,2161501.663
1971,1,MS,3,hiddenzone,0.4747872,8,0.24545102,0.02340554,83,night,4542146.081
1971,1,MS,4,hiddenzone,0.2476153,8,0.0396223,0.00469575,83,night,2161501.663
1971,1,MS,5,hiddenzone,123.6316683,8,16.43510545,1.94948914,83,night,2161501.663
1972,1,MS,3,hiddenzone,0.4747872,8,0.24545102,0.02340554,83,night,4543646.081
1972,1,MS,4,hiddenzone,0.2476153,8,0.0396223,0.00469575,83,night,2161501.663
1972,1,MS,5,hiddenzone,123.6316683,8,16.43510545,1.94948914,83,night,2161501.663
1973,1,MS,3,hiddenzone,0.4747872,8,0.24545102,0.02340554,83,night,4545146.081
1973,1,MS,4,hiddenzone,0.2476153,8,0.0396223,0.00469575,83,night,2161501.663
1973,1,MS,5,hiddenzone,123.6316683,8,16.43510545,1.94948914,83,night,2161501.663
1974,1,MS,3,hiddenzone,0.4747872,8,0.24545102,0.02340554,83,night,4546646.081
1974,1,MS,4,hiddenzone,0.2476153,8,0.0396223,0.00469575,83,night,2161501.663
1974,1,MS,5,hiddenzone,123.6316683,8,16.43510545,1.94948914,83,night,2161501.663
1975,1,MS,3,hiddenzone,0.4747872,8,0.24545102,0.02340554,83,day,4548146.081
1975,1,MS,4,hiddenzone,0.2476153,8,0.0396223,0.00469575,83,day,2161501.663
1975,1,MS,5,hiddenzone,123.6316683,8,16.43510545,1.94948914,83,day,2161501.663
1976,1,MS,3,hiddenzone,0.4747872,8,0.24545102,0.02340554,83,day,4549646.081
1976,1,MS,4,hiddenzone,0.2476153,8,0.0396223,0.00469575,83,day,2161501.663
1976,1,MS,5,hiddenzone,123.6316683,8,16.43510545,1.94948914,83,day,2161501.663
1977,1,MS,3,hiddenzone,0.4747872,8,0.24545102,0.02340554,83,day,4551146.081
1977,1,MS,4,hiddenzone,0.2476153,8,0.0396223,0.00469575,83,day,2161501.663
1977,1,MS,5,hiddenzone,123.6316683,8,16.43510545,1.94948914,83,day,2161501.663
1978,1,MS,3,hiddenzone,0.4747872,8,0.24545102,0.02340554,83,day,4552646.081
1978,1,MS,4,hiddenzone,0.2476153,8,0.0396223,0.00469575,83,day,2161501.663
1978,1,MS,5,hiddenzone,123.6316683,8,16.43510545,1.94948914,83,day,2161501.663
1979,1,MS,3,hiddenzone,0.4747872,8,0.24545102,0.02340554,83,day,4554146.081
1979,1,MS,4,hiddenzone,0.2476153,8,0.0396223,0.00469575,83,day,2161501.663
1979,1,MS,5,hiddenzone,123.6316683,8,16.43510545,1.94948914,83,day,2161501.663
1980,1,MS,3,hiddenzone,0.4747872,8,0.24545102,0.02340554,83,day,4555646.081
1980,1,MS,4,hiddenzone,0.2476153,8,0.0396223,0.00469575,83,day,2161501.663
1980,1,MS,5,hiddenzone,123.6316683,8,16.43510545,1.94948914,83,day,2161501.663
1981,1,MS,3,hiddenzone,0.4747872,8,0.24545102,0.02340554,83,day,4557146.081
1981,1,MS,4,hiddenzone,0.2476153,8,0.0396223,0.00469575,83,day,2161501.663
1981,1,MS,5,hiddenzone,123.6316683,8,16.43510545,1.94948914,83,day,2161501.663
1982,1,MS,3,hiddenzone,0.4747872,8,0.24545102,0.02340554,83,day,4558646.081
1982,1,MS,4,hiddenzone,0.2476153,8,0.0396223,0.00469575,83,day,2161501.663
1982,1,MS,5,hiddenzone,123.6316683,8,16.43510545,1.94948914,83,day,2161501.663
1983,1,MS,3,hiddenzone,0.4747872,8,0.24545102,0.02340554,83,day,4560146.081
1983,1,MS,4,hiddenzone,0.2476153,8,0.0396223,0.00469575,83,day,2161501.663
1983,1,MS,5,hiddenzone,123.6316683,8,16.43510545,1.94948914,83,day,2161501.663
1984,1,MS,3,hiddenzone,0.4747872,8,0.24545102,0.02340554,83,day,4561646.081
1984,1,MS,4,hiddenzone,0.2476153,8,0.0396223,0.00469575,83,day,2161501.663
1984,1,MS,5,hiddenzone,123.6316683,8,16.43510545,1.94948914,83,day,2161501.663
1985,1,MS,3,hiddenzone,0.4747872,8,0.24545102,0.02340554,83,day,4563146.081
1985,1,MS,4,hiddenzone,0.2476153,8,0.0396223,0.00469575,83,day,2161501.663
1985,1,MS,5,hiddenzone,123.6316683,8,16.43510545,1.94948914,83,day,2161501.663
1986,1,MS,3,hiddenzone,0.4747872,8,0.24545102,0.02340554,83,day,4564646.081
1986,1,MS,4,hiddenzone,0.2476153,8,0.0396223,0.00469575,83,day,2161501.663
1986,1,MS,5,hiddenzone,123.6316683,8,16.43510545,1.94948914,83,day,2161501.663
1987,1,MS,3,hiddenzone,0.4747872,8,0.24545102,0.02340554,83,day,4566146.081
1987,1,MS,4,hiddenzone,0.2476153,8,0.0396223,0.00469575,83,day,2161501.663
1987,1,MS,5,hiddenzone,123.6316683,8,16.43510545,1.94948914,83,day,2161501.663
1988,1,MS,3,hiddenzone,0.4747872,8,0.24545102,0.02340554,83,day,4567646.081
1988,1,MS,4,hiddenzone,0.2476153,8,0.0396223,0.00469575,83,day,2161501.663
1988,1,MS,5,hiddenzone,123.6316683,8,16.43510545,1.94948914,83,day,2161501.663
1989,1,MS,3,hiddenzone,0.4747872,8,0.24545102,0.02340554,83,day,4569146.081
1989,1,MS,4,hiddenzone,0.2476153,8,0.0396223,0.00469575,83,day,2161501.663
1989,1,MS,5,hiddenzone,123.6316683,8,16.43510545,1.94948914,83,day,2161501.663
1990,1,MS,3,hiddenzone,0.4747872,8,0.24545102,0.02340554,83,day,4570646.081
1990,1,MS,4,hiddenzone,0.2476153,8,0.0396223,0.00469575,83,day,2161501.663
1990,1,MS,5,hiddenzone,123.6316683,8,16.43510545,1.94948914,83,day,2161501.663
1991,1,MS,3,hiddenzone,0.4747872,8,0.24545102,0.02340554,83,night,4572146.081
1991,1,MS,4,hiddenzone,0.2476153,8,0.0396223,0.00469575,83,night,2161501.663
1991,1,MS,5,hiddenzone,123.6316683,8,16.43510545,1.94948914,83,night,2161501.663
1992,1,MS,3,hiddenzone,0.4747872,8,0.24545102,0.02340554,84,night,4573646.081
1992,1,MS,4,hiddenzone,0.2476153,8,0.0396223,0.00469575,84,night,2161501.663
1992,1,MS,5,hiddenzone,123.6316683,8,16.43510545,1.94948914,84,night,2161501.663
1993,1,MS,3,hiddenzone,0.4747872,8,0.24545102,0.02340554,84,night,4575146.081
1993,1,MS,4,hiddenzone,0.2476153,8,0.0396223,0.00469575,84,night,2161501.663
1993,1,MS,5,hiddenzone,123.6316683,8,16.43510545,1.94948914,84,night,2161501.663
1994,1,MS,3,hiddenzone,0.4747872,8,0.24545102,0.02340554,84,night,4576646.081
1994,1,MS,4,hiddenzone,0.2476153,8,0.0396223,0.00469575,84,night,2161501.663
1994,1,MS,5,hiddenzone,123.6316683,8,16.43510545,1.94948914,84,night,2161501.663
1995,1,MS,3,hiddenzone,0.4747872,8,0.24545102,0.02340554,84,night,4578146.081
1995,1,MS,4,hiddenzone,0.2476153,8,0.0396223,0.00469575,84,night,2161501.663
1995,1,MS,5,hiddenzone,123.6316683,8,16.43510545,1.94948914,84,night,2161501.663
1996,1,MS,3,hiddenzone,0.4747872,8,0.24545102,0.02340554,84,night,4579646.081
1996,1,MS,4,hiddenzone,0.2476153,8,0.0396223,0.00469575,84,night,2161501.663
1996,1,MS,5,hiddenzone,123.6316683,8,16.43510545,1.94948914,84,night,2161501.663
1997,1,MS,3,hiddenzone,0.4747872,8,0.24545102,0.02340554,84,night,4581146.081
1997,1,MS,4,hiddenzone,0.2476153,8,0.0396223,0.00469575,84,night,2161501.663
1997,1,MS,5,hiddenzone,123.6316683,8,16.43510545,1.94948914,84,night,2161501.663
1998,1,MS,3,hiddenzone,0.4747872,8,0.24545102,0.02340554,84,night,4582646.081
1998,1,MS,4,hiddenzone,0.2476153,8,0.0396223,0.00469575,84,night,2161501.663
1998,1,MS,5,hiddenzone,123.6316683,8,16.43510545,1.94948914,84,night,2161501.663
1999,1,MS,3,hiddenzone,0.4747872,8,0.24545102,0.02340554,84,day,4584146.081
1999,1,MS,4,hiddenzone,0.2476153,8,0.0396223,0.00469575,84,day,2161501.663
1999,1,MS,5,hiddenzone,123.6316683,8,16.43510545,1.94948914,84,day,2161501.663
